analysis_set,scale_seconds,comparison,candidate,baseline,family,metric,candidate_score,baseline_score,delta,bootstrap_resamples,ci_low,ci_high,positive_fraction
exploratory_validation_180,180.0,local_vs_pitch,local,pitch,local fusion vs single view,balanced_accuracy,0.9333333333333333,0.9333333333333333,0.0,1000,-0.033333333333333326,0.033333333333333326,0.397
exploratory_validation_180,180.0,local_vs_pitch,local,pitch,local fusion vs single view,macro_f1,0.9331662489557226,0.9331662489557226,0.0,1000,-0.03375042585558252,0.033792640108429625,0.397
exploratory_validation_180,180.0,local_vs_pitch,local,pitch,local fusion vs single view,macro_auroc_ovr,0.9891666666666666,0.9877777777777778,0.001388888888888884,1000,-0.005833333333333357,0.008340277777777743,0.656
exploratory_validation_180,180.0,local_vs_pitch,local,pitch,local fusion vs single view,macro_auprc,0.9896314325159444,0.988421242804024,0.0012101897119204397,1000,-0.0054644358287178505,0.007491332997081555,0.657
exploratory_validation_180,180.0,local_vs_rhythm,local,rhythm,local fusion vs single view,balanced_accuracy,0.9333333333333333,0.7583333333333333,0.17500000000000004,1000,0.10833333333333328,0.25,1.0
exploratory_validation_180,180.0,local_vs_rhythm,local,rhythm,local fusion vs single view,macro_f1,0.9331662489557226,0.7521190968017665,0.18104715215395617,1000,0.10961387880220064,0.26257279270050166,1.0
exploratory_validation_180,180.0,local_vs_rhythm,local,rhythm,local fusion vs single view,macro_auroc_ovr,0.9891666666666666,0.8572222222222221,0.13194444444444453,1000,0.07721527777777785,0.20277777777777772,1.0
exploratory_validation_180,180.0,local_vs_rhythm,local,rhythm,local fusion vs single view,macro_auprc,0.9896314325159444,0.8524820869007921,0.13714934561515235,1000,0.07627998445623696,0.20284852949976412,1.0
exploratory_validation_180,180.0,local_vs_modulation,local,modulation,local fusion vs single view,balanced_accuracy,0.9333333333333333,0.7,0.2333333333333334,1000,0.14166666666666672,0.31666666666666665,1.0
exploratory_validation_180,180.0,local_vs_modulation,local,modulation,local fusion vs single view,macro_f1,0.9331662489557226,0.6999166435120867,0.23324960544363593,1000,0.14204049305091415,0.31649874898221597,1.0
exploratory_validation_180,180.0,local_vs_modulation,local,modulation,local fusion vs single view,macro_auroc_ovr,0.9891666666666666,0.7658333333333333,0.22333333333333338,1000,0.14303472222222216,0.3061111111111111,1.0
exploratory_validation_180,180.0,local_vs_modulation,local,modulation,local fusion vs single view,macro_auprc,0.9896314325159444,0.7651543675530293,0.22447706496291508,1000,0.14143443863410884,0.30363760774691234,1.0
exploratory_validation_180,180.0,add_pitch,local,rhythm_modulation,leave-one-view-out,balanced_accuracy,0.9333333333333333,0.8083333333333333,0.125,1000,0.05833333333333335,0.19166666666666665,1.0
exploratory_validation_180,180.0,add_pitch,local,rhythm_modulation,leave-one-view-out,macro_f1,0.9331662489557226,0.8052910052910053,0.12787524366471736,1000,0.058847680507704316,0.19920331341616104,1.0
exploratory_validation_180,180.0,add_pitch,local,rhythm_modulation,leave-one-view-out,macro_auroc_ovr,0.9891666666666666,0.8894444444444445,0.09972222222222216,1000,0.046923611111111124,0.16611805555555553,1.0
exploratory_validation_180,180.0,add_pitch,local,rhythm_modulation,leave-one-view-out,macro_auprc,0.9896314325159444,0.8845647889955683,0.10506664352037609,1000,0.044777842861718486,0.17217464863899348,1.0
exploratory_validation_180,180.0,add_rhythm,local,pitch_modulation,leave-one-view-out,balanced_accuracy,0.9333333333333333,0.925,0.008333333333333304,1000,0.0,0.025000000000000133,0.624
exploratory_validation_180,180.0,add_rhythm,local,pitch_modulation,leave-one-view-out,macro_f1,0.9331662489557226,0.9247439202843007,0.008422328671421897,1000,0.0,0.02556309129796435,0.624
exploratory_validation_180,180.0,add_rhythm,local,pitch_modulation,leave-one-view-out,macro_auroc_ovr,0.9891666666666666,0.9863888888888888,0.002777777777777879,1000,-0.0039027777777779376,0.010833333333333361,0.783
exploratory_validation_180,180.0,add_rhythm,local,pitch_modulation,leave-one-view-out,macro_auprc,0.9896314325159444,0.9870451767931929,0.002586255722751507,1000,-0.004113626516670091,0.009809950593102568,0.788
exploratory_validation_180,180.0,add_modulation,local,pitch_rhythm,leave-one-view-out,balanced_accuracy,0.9333333333333333,0.9333333333333333,0.0,1000,-0.025000000000000022,0.02499999999999991,0.35
exploratory_validation_180,180.0,add_modulation,local,pitch_rhythm,leave-one-view-out,macro_f1,0.9331662489557226,0.9330357142857143,0.00013053467000834207,1000,-0.02489352247547949,0.025369017451968616,0.513
exploratory_validation_180,180.0,add_modulation,local,pitch_rhythm,leave-one-view-out,macro_auroc_ovr,0.9891666666666666,0.9863888888888889,0.002777777777777768,1000,-0.0033333333333334103,0.011944444444444428,0.724
exploratory_validation_180,180.0,add_modulation,local,pitch_rhythm,leave-one-view-out,macro_auprc,0.9896314325159444,0.9871258671875403,0.00250556532840418,1000,-0.0031817093337408423,0.010882600416810684,0.724
exploratory_validation_180,180.0,add_structure,hierarchical,local,hierarchical increment,balanced_accuracy,0.9083333333333333,0.9333333333333333,-0.025000000000000022,1000,-0.05833333333333335,0.0,0.0
exploratory_validation_180,180.0,add_structure,hierarchical,local,hierarchical increment,macro_f1,0.9078147915357218,0.9331662489557226,-0.02535145742000089,1000,-0.059197611775866556,0.0,0.0
exploratory_validation_180,180.0,add_structure,hierarchical,local,hierarchical increment,macro_auroc_ovr,0.9813888888888889,0.9891666666666666,-0.007777777777777772,1000,-0.018895833333333393,0.0002916666666668023,0.032
exploratory_validation_180,180.0,add_structure,hierarchical,local,hierarchical increment,macro_auprc,0.982330620489966,0.9896314325159444,-0.0073008120259784315,1000,-0.017316391545778256,0.00042966570368836764,0.037
sensitivity_validation_300,300.0,local_vs_pitch,local,pitch,local fusion vs single view,balanced_accuracy,0.9416666666666667,0.9333333333333333,0.008333333333333304,1000,-0.01666666666666672,0.03333333333333344,0.604
sensitivity_validation_300,300.0,local_vs_pitch,local,pitch,local fusion vs single view,macro_f1,0.9415652173913043,0.9330357142857143,0.008529503105589975,1000,-0.01661550985361071,0.03457531769255836,0.769
sensitivity_validation_300,300.0,local_vs_pitch,local,pitch,local fusion vs single view,macro_auroc_ovr,0.9908333333333332,0.9855555555555555,0.005277777777777715,1000,-0.003333333333333302,0.017222222222222142,0.864
sensitivity_validation_300,300.0,local_vs_pitch,local,pitch,local fusion vs single view,macro_auprc,0.9912390778036058,0.9863196517911155,0.004919426012490291,1000,-0.003136425043538471,0.01576671254036164,0.87
sensitivity_validation_300,300.0,local_vs_rhythm,local,rhythm,local fusion vs single view,balanced_accuracy,0.9416666666666667,0.7083333333333333,0.2333333333333334,1000,0.14166666666666672,0.31666666666666665,1.0
sensitivity_validation_300,300.0,local_vs_rhythm,local,rhythm,local fusion vs single view,macro_f1,0.9415652173913043,0.70486965076242,0.23669556662888425,1000,0.14508037949519892,0.32433920872654376,1.0
sensitivity_validation_300,300.0,local_vs_rhythm,local,rhythm,local fusion vs single view,macro_auroc_ovr,0.9908333333333332,0.81,0.18083333333333318,1000,0.11360416666666655,0.2597430555555555,1.0
sensitivity_validation_300,300.0,local_vs_rhythm,local,rhythm,local fusion vs single view,macro_auprc,0.9912390778036058,0.8051403290300471,0.1860987487735587,1000,0.11230756120752969,0.2622836724925843,1.0
sensitivity_validation_300,300.0,local_vs_modulation,local,modulation,local fusion vs single view,balanced_accuracy,0.9416666666666667,0.7,0.2416666666666667,1000,0.1499999999999999,0.3335416666666665,1.0
sensitivity_validation_300,300.0,local_vs_modulation,local,modulation,local fusion vs single view,macro_f1,0.9415652173913043,0.6986607142857143,0.24290450310558998,1000,0.14992575002279038,0.33777951267203743,1.0
sensitivity_validation_300,300.0,local_vs_modulation,local,modulation,local fusion vs single view,macro_auroc_ovr,0.9908333333333332,0.7238888888888889,0.2669444444444443,1000,0.17993749999999994,0.3591805555555557,1.0
sensitivity_validation_300,300.0,local_vs_modulation,local,modulation,local fusion vs single view,macro_auprc,0.9912390778036058,0.7244645663369573,0.26677451146664843,1000,0.17920070248639305,0.3469429622170614,1.0
sensitivity_validation_300,300.0,add_pitch,local,rhythm_modulation,leave-one-view-out,balanced_accuracy,0.9416666666666667,0.7583333333333333,0.18333333333333335,1000,0.09999999999999998,0.275,1.0
sensitivity_validation_300,300.0,add_pitch,local,rhythm_modulation,leave-one-view-out,macro_f1,0.9415652173913043,0.7579130434782608,0.18365217391304345,1000,0.1002440124245392,0.2760043436710511,1.0
sensitivity_validation_300,300.0,add_pitch,local,rhythm_modulation,leave-one-view-out,macro_auroc_ovr,0.9908333333333332,0.86,0.13083333333333325,1000,0.0694097222222223,0.19944444444444442,1.0
sensitivity_validation_300,300.0,add_pitch,local,rhythm_modulation,leave-one-view-out,macro_auprc,0.9912390778036058,0.8581540982452104,0.13308497955839538,1000,0.06803355272771405,0.19837174179083236,1.0
sensitivity_validation_300,300.0,add_rhythm,local,pitch_modulation,leave-one-view-out,balanced_accuracy,0.9416666666666667,0.9416666666666667,0.0,1000,-0.033333333333333326,0.033333333333333326,0.394
sensitivity_validation_300,300.0,add_rhythm,local,pitch_modulation,leave-one-view-out,macro_f1,0.9415652173913043,0.9414674935544561,9.772383684814034e-05,1000,-0.03341687552213868,0.03373301769576063,0.525
sensitivity_validation_300,300.0,add_rhythm,local,pitch_modulation,leave-one-view-out,macro_auroc_ovr,0.9908333333333332,0.9883333333333333,0.0024999999999999467,1000,-0.006388888888888999,0.013333333333333308,0.684
sensitivity_validation_300,300.0,add_rhythm,local,pitch_modulation,leave-one-view-out,macro_auprc,0.9912390778036058,0.9889022552523834,0.0023368225512223617,1000,-0.005967441789307706,0.012254276042079794,0.691
sensitivity_validation_300,300.0,add_modulation,local,pitch_rhythm,leave-one-view-out,balanced_accuracy,0.9416666666666667,0.95,-0.008333333333333304,1000,-0.025000000000000026,0.0,0.0
sensitivity_validation_300,300.0,add_modulation,local,pitch_rhythm,leave-one-view-out,macro_f1,0.9415652173913043,0.949874686716792,-0.008309469325487706,1000,-0.024984365228267746,0.0,0.0
sensitivity_validation_300,300.0,add_modulation,local,pitch_rhythm,leave-one-view-out,macro_auroc_ovr,0.9908333333333332,0.9875,0.0033333333333331883,1000,-0.0041736111111112025,0.012499999999999959,0.773
sensitivity_validation_300,300.0,add_modulation,local,pitch_rhythm,leave-one-view-out,macro_auprc,0.9912390778036058,0.9880570066861183,0.0031820711174874727,1000,-0.003935581849452713,0.011522473693239353,0.789
sensitivity_validation_300,300.0,add_structure,hierarchical,local,hierarchical increment,balanced_accuracy,0.9416666666666667,0.9416666666666667,0.0,1000,0.0,0.0,0.0
sensitivity_validation_300,300.0,add_structure,hierarchical,local,hierarchical increment,macro_f1,0.9415652173913043,0.9415652173913043,0.0,1000,0.0,0.0,0.0
sensitivity_validation_300,300.0,add_structure,hierarchical,local,hierarchical increment,macro_auroc_ovr,0.9836111111111111,0.9908333333333332,-0.00722222222222213,1000,-0.018618055555555683,0.0016666666666665941,0.059
sensitivity_validation_300,300.0,add_structure,hierarchical,local,hierarchical increment,macro_auprc,0.9842594169314759,0.9912390778036058,-0.006979660872129867,1000,-0.017590781820171854,0.0015617675296351302,0.059
