track_id,group,scale,name,h1,h1max,period,peak,loop,shuffle
classical_musicnet_1730,classical,180.0,acoustic_novelty,0.4877130389213562,0.4877130389213562,2.0,0.22407636557611327,52860224.0,0.13682925701141357
classical_musicnet_1730,classical,180.0,onset,0.16956281661987305,0.16956281661987305,2.0,0.27851857909205213,105437248.0,0.13547754287719727
classical_musicnet_1730,classical,180.0,loudness,0.135727196931839,0.135727196931839,2.0,0.3012028572595215,110784896.0,0.14837712049484253
classical_musicnet_1730,classical,180.0,tonal_novelty,0.1727166771888733,0.1727166771888733,2.043365478515625,0.27347239115812827,160409120.0,0.150951087474823
classical_musicnet_1730,classical,180.0,modulation,0.19133931398391724,0.19133931398391724,6.0,0.44908741632687527,93683136.0,0.12672263383865356
classical_musicnet_1730,classical,300.0,acoustic_novelty,0.4488140344619751,0.4488140344619751,5.5,0.169664463519286,266606128.0,0.10271531343460083
classical_musicnet_1730,classical,300.0,onset,0.20165744423866272,0.20165744423866272,2.0,0.2416212439037027,106190304.0,0.12712866067886353
classical_musicnet_1730,classical,300.0,loudness,0.12327313423156738,0.12327313423156738,2.0,0.3967959702809171,110381888.0,0.14326143264770508
classical_musicnet_1730,classical,300.0,tonal_novelty,0.14517521858215332,0.14517521858215332,2.0433502197265625,0.1652756975293822,160361824.0,0.16307151317596436
classical_musicnet_1730,classical,300.0,modulation,0.2052261233329773,0.2052261233329773,6.0,0.49200309855878693,138667456.0,0.14520937204360962
classical_musicnet_1835,classical,180.0,acoustic_novelty,0.1548359990119934,0.18746381998062134,28.5,0.23436705830551763,0.24160844087600708,0.15717941522598267
classical_musicnet_1835,classical,180.0,onset,0.16908317804336548,0.16908317804336548,2.0,0.29525605965146023,90340448.0,0.15824419260025024
classical_musicnet_1835,classical,180.0,loudness,0.269537091255188,0.269537091255188,2.0,0.5696184554842196,89993472.0,0.1319923996925354
classical_musicnet_1835,classical,180.0,tonal_novelty,0.1508679986000061,0.17506104707717896,17.763261795043945,0.10545753730296867,0.1899329423904419,0.12100929021835327
classical_musicnet_1835,classical,180.0,modulation,0.1438937783241272,0.1438937783241272,30.0,0.11676797276639231,0.48471009731292725,0.13745492696762085
classical_musicnet_1835,classical,300.0,acoustic_novelty,0.14651399850845337,0.1721574068069458,17.0,0.16014053000287162,0.42674368619918823,0.13765287399291992
classical_musicnet_1835,classical,300.0,onset,0.19237911701202393,0.19237911701202393,2.0,0.3242275956812504,163693920.0,0.12694674730300903
classical_musicnet_1835,classical,300.0,loudness,0.13926035165786743,0.13926035165786743,2.0,0.570549443341471,77601088.0,0.12832707166671753
classical_musicnet_1835,classical,300.0,tonal_novelty,0.17158615589141846,0.20642316341400146,16.579004287719727,0.10523842438438179,0.42792177200317383,0.14442789554595947
classical_musicnet_1835,classical,300.0,modulation,0.1483936905860901,0.1483936905860901,16.0,0.07518955363658048,197759488.0,0.12747091054916382
classical_musicnet_2118,classical,180.0,acoustic_novelty,0.12724947929382324,0.14174336194992065,28.0,0.23871329269910965,0.17406809329986572,0.11577385663986206
classical_musicnet_2118,classical,180.0,onset,0.1850091814994812,0.1850091814994812,2.0,0.5146820528488301,111488000.0,0.14470446109771729
classical_musicnet_2118,classical,180.0,loudness,0.4476006031036377,0.4476006031036377,2.0,0.7238570225333962,163888704.0,0.11878442764282227
classical_musicnet_2118,classical,180.0,tonal_novelty,0.2967149019241333,0.2967149019241333,2.7631072998046875,0.19240949139439056,227100064.0,0.1525024175643921
classical_musicnet_2118,classical,180.0,modulation,0.1351238489151001,0.15769219398498535,20.0,0.16302332782050177,160459616.0,0.13560086488723755
classical_musicnet_2118,classical,300.0,acoustic_novelty,0.23447644710540771,0.23447644710540771,7.5,0.20397463724634635,1.8914923667907715,0.12130159139633179
classical_musicnet_2118,classical,300.0,onset,0.15787699818611145,0.15787699818611145,2.0,0.47241588991525657,153555584.0,0.16027921438217163
classical_musicnet_2118,classical,300.0,loudness,0.40806901454925537,0.40806901454925537,2.0,0.6605884707195565,135023104.0,0.14217299222946167
classical_musicnet_2118,classical,300.0,tonal_novelty,0.13443255424499512,0.13443255424499512,2.6819305419921875,0.20127609359398724,210196992.0,0.13738232851028442
classical_musicnet_2118,classical,300.0,modulation,0.10671776533126831,0.21442031860351562,20.0,0.31962396447921615,260860432.0,0.18369972705841064
classical_musicnet_2138,classical,180.0,acoustic_novelty,0.12489402294158936,0.1532057523727417,32.0,0.32498995801137004,0.24510341882705688,0.13693499565124512
classical_musicnet_2138,classical,180.0,onset,0.18140661716461182,0.18140661716461182,2.0,0.744143771550259,113787584.0,0.16083991527557373
classical_musicnet_2138,classical,180.0,loudness,0.221140056848526,0.221140056848526,2.0,0.5541785207523898,94806688.0,0.1587376594543457
classical_musicnet_2138,classical,180.0,tonal_novelty,0.15465772151947021,0.15465772151947021,4.075103759765625,0.1548523629924983,243084640.0,0.16290080547332764
classical_musicnet_2138,classical,180.0,modulation,0.17480087280273438,0.17480087280273438,6.0,0.11730546910292722,165653600.0,0.13381201028823853
classical_musicnet_2138,classical,300.0,acoustic_novelty,0.13180214166641235,0.13180214166641235,2.0,0.23393325933277237,7373536.0,0.15250539779663086
classical_musicnet_2138,classical,300.0,onset,0.13030952215194702,0.13030952215194702,2.0,0.6427963511870673,88606208.0,0.1800188422203064
classical_musicnet_2138,classical,300.0,loudness,0.21943548321723938,0.21943548321723938,2.0,0.6396441485419512,90231168.0,0.14047646522521973
classical_musicnet_2138,classical,300.0,tonal_novelty,0.12386006116867065,0.12386006116867065,4.075103759765625,0.16026626045749368,243077680.0,0.14583361148834229
classical_musicnet_2138,classical,300.0,modulation,0.20943260192871094,0.20943260192871094,8.0,0.08334611896415228,161997792.0,0.16216731071472168
classical_musicnet_2211,classical,180.0,acoustic_novelty,0.20154130458831787,0.20154130458831787,2.0,0.45383728074261537,156128512.0,0.14074373245239258
classical_musicnet_2211,classical,180.0,onset,0.16428884863853455,0.16428884863853455,2.0,0.4631874428307702,146474912.0,0.16347789764404297
classical_musicnet_2211,classical,180.0,loudness,0.16178101301193237,0.16178101301193237,2.0,0.6465468922681697,78051808.0,0.18748760223388672
classical_musicnet_2211,classical,180.0,tonal_novelty,0.13584262132644653,0.13584262132644653,8.09222412109375,0.14945622760592847,0.7078902721405029,0.16834408044815063
classical_musicnet_2211,classical,180.0,modulation,0.2519916296005249,0.2519916296005249,30.0,0.10720486907120994,0.9169974327087402,0.15504705905914307
classical_musicnet_2211,classical,300.0,acoustic_novelty,0.13763386011123657,0.13763386011123657,2.0,0.33931523954051235,159311488.0,0.1462569236755371
classical_musicnet_2211,classical,300.0,onset,0.10687839984893799,0.10687839984893799,2.0,0.7165754450203112,93791136.0,0.13608616590499878
classical_musicnet_2211,classical,300.0,loudness,0.25947481393814087,0.25947481393814087,2.0,0.8572829492367272,0.0,0.1779215931892395
classical_musicnet_2211,classical,300.0,tonal_novelty,0.1274017095565796,0.1274017095565796,1.904052734375,0.1620071284656539,157713280.0,0.16364651918411255
classical_musicnet_2211,classical,300.0,modulation,0.1574319303035736,0.1574319303035736,14.0,0.07969244558248083,178280384.0,0.11849057674407959
classical_musicnet_2232,classical,180.0,acoustic_novelty,0.18770015239715576,0.22860753536224365,12.0,0.21347541491779784,0.354969322681427,0.1286923885345459
classical_musicnet_2232,classical,180.0,onset,0.20155242085456848,0.23556149005889893,11.0,0.39647855452317804,1.2398343682289124,0.152865469455719
classical_musicnet_2232,classical,180.0,loudness,0.14386308193206787,0.1874982714653015,11.0,0.4142062423453782,1.1119365692138672,0.11687648296356201
classical_musicnet_2232,classical,180.0,tonal_novelty,0.19601792097091675,0.29914629459381104,11.145538330078125,0.2145910044342475,0.7672298550605774,0.18099629878997803
classical_musicnet_2232,classical,300.0,acoustic_novelty,0.18770015239715576,0.22860753536224365,12.0,0.21347541491779784,0.354969322681427,0.13916701078414917
classical_musicnet_2232,classical,300.0,onset,0.20155242085456848,0.23556149005889893,11.0,0.39647855452317804,1.2398343682289124,0.13340020179748535
classical_musicnet_2232,classical,300.0,loudness,0.14386308193206787,0.1874982714653015,11.0,0.4142062423453782,1.1119365692138672,0.10821539163589478
classical_musicnet_2232,classical,300.0,tonal_novelty,0.19601792097091675,0.29914629459381104,11.145538330078125,0.2145910044342475,0.7672298550605774,0.18483352661132812
classical_musicnet_2234,classical,180.0,acoustic_novelty,0.34890809655189514,0.34890809655189514,2.0,0.13883994546771988,164046848.0,0.07193869352340698
classical_musicnet_2234,classical,180.0,onset,0.16800376772880554,0.16800376772880554,2.0,0.758967299420661,1904864.0,0.2029893398284912
classical_musicnet_2234,classical,180.0,loudness,0.1658516228199005,0.1658516228199005,2.0,0.5739720861121245,9662528.0,0.16542291641235352
classical_musicnet_2234,classical,180.0,tonal_novelty,0.17813187837600708,0.18053984642028809,19.098434448242188,0.25549899030314704,0.21840864419937134,0.16171449422836304
classical_musicnet_2234,classical,300.0,acoustic_novelty,0.34890809655189514,0.34890809655189514,2.0,0.13883994546771988,164046848.0,0.07442045211791992
classical_musicnet_2234,classical,300.0,onset,0.16800376772880554,0.16800376772880554,2.0,0.758967299420661,1904864.0,0.15167903900146484
classical_musicnet_2234,classical,300.0,loudness,0.1658516228199005,0.1658516228199005,2.0,0.5739720861121245,9662528.0,0.10221445560455322
classical_musicnet_2234,classical,300.0,tonal_novelty,0.17813187837600708,0.18053984642028809,19.098434448242188,0.25549899030314704,0.21840864419937134,0.1405354142189026
classical_musicnet_2247,classical,180.0,acoustic_novelty,0.2113584280014038,0.2113584280014038,5.0,0.2612133659001946,176498752.0,0.16878503561019897
classical_musicnet_2247,classical,180.0,onset,0.18465059995651245,0.18465059995651245,2.0,0.7337185858537874,73062112.0,0.17749273777008057
classical_musicnet_2247,classical,180.0,loudness,0.08310103416442871,0.08310103416442871,2.0,0.7932932575688578,73019872.0,0.16234838962554932
classical_musicnet_2247,classical,180.0,tonal_novelty,0.18683040142059326,0.18683040142059326,5.20123291015625,0.2643539368014639,1.575147032737732,0.16994279623031616
classical_musicnet_2247,classical,300.0,acoustic_novelty,0.2113584280014038,0.2113584280014038,5.0,0.2612133659001946,176498752.0,0.14354568719863892
classical_musicnet_2247,classical,300.0,onset,0.18465059995651245,0.18465059995651245,2.0,0.7337185858537874,73062112.0,0.13320451974868774
classical_musicnet_2247,classical,300.0,loudness,0.08310103416442871,0.08310103416442871,2.0,0.7932932575688578,73019872.0,0.1432352066040039
classical_musicnet_2247,classical,300.0,tonal_novelty,0.18683040142059326,0.18683040142059326,5.20123291015625,0.2643539368014639,1.575147032737732,0.16389596462249756
classical_musicnet_2300,classical,180.0,acoustic_novelty,0.2164437174797058,0.2164437174797058,2.0,0.2969649557903668,0.0,0.18076646327972412
classical_musicnet_2300,classical,180.0,onset,0.21958261728286743,0.21958261728286743,2.0,0.41513326802253175,165656480.0,0.13110047578811646
classical_musicnet_2300,classical,180.0,loudness,0.20327794551849365,0.20327794551849365,2.0,0.3892541695922446,162265600.0,0.14708805084228516
classical_musicnet_2300,classical,180.0,tonal_novelty,0.1686442494392395,0.18162548542022705,5.7353057861328125,0.1445937306394503,117560256.0,0.12754356861114502
classical_musicnet_2300,classical,180.0,modulation,0.19574445486068726,0.19574445486068726,30.0,0.13954958801946515,0.731792688369751,0.16202306747436523
classical_musicnet_2300,classical,300.0,acoustic_novelty,0.1061517596244812,0.1061517596244812,2.0,0.30527158465821375,0.0,0.16111856698989868
classical_musicnet_2300,classical,300.0,onset,0.2051723599433899,0.2051723599433899,2.0,0.4836712742446514,165647616.0,0.13322865962982178
classical_musicnet_2300,classical,300.0,loudness,0.19480860233306885,0.19480860233306885,2.0,0.5801465756374794,2797728.0,0.14701682329177856
classical_musicnet_2300,classical,300.0,tonal_novelty,0.1576405167579651,0.17187321186065674,10.147079467773438,0.11901348059978768,0.1607654094696045,0.11596053838729858
classical_musicnet_2300,classical,300.0,modulation,0.18564152717590332,0.18564152717590332,20.0,0.1506962415839327,71349824.0,0.09241190552711487
classical_musopen_124b2ee448a3,classical,180.0,acoustic_novelty,0.1410478949546814,0.1410478949546814,2.0,0.28828634540405573,98346464.0,0.14521342515945435
classical_musopen_124b2ee448a3,classical,180.0,onset,0.15782156586647034,0.15782156586647034,2.0,0.571407439564327,165150976.0,0.16414201259613037
classical_musopen_124b2ee448a3,classical,180.0,loudness,0.28304973244667053,0.28304973244667053,2.0,0.7382120431315062,60303072.0,0.14719605445861816
classical_musopen_124b2ee448a3,classical,180.0,tonal_novelty,0.13241106271743774,0.1515539288520813,17.47303009033203,0.157581793354439,0.334466814994812,0.149200439453125
classical_musopen_124b2ee448a3,classical,180.0,modulation,0.4863128662109375,0.4863128662109375,6.0,0.3298543182183869,165681920.0,0.12878799438476562
classical_musopen_124b2ee448a3,classical,300.0,acoustic_novelty,0.14930325746536255,0.14930325746536255,2.0,0.26473859847573566,36953600.0,0.13196563720703125
classical_musopen_124b2ee448a3,classical,300.0,onset,0.19412550330162048,0.19412550330162048,2.0,0.6539435968414647,165285120.0,0.15324115753173828
classical_musopen_124b2ee448a3,classical,300.0,loudness,0.16322532296180725,0.16322532296180725,2.0,0.7446078824579704,83132992.0,0.16141897439956665
classical_musopen_124b2ee448a3,classical,300.0,tonal_novelty,0.18111073970794678,0.18111073970794678,4.493133544921875,0.10993332532933703,250532640.0,0.15732842683792114
classical_musopen_124b2ee448a3,classical,300.0,modulation,0.16170096397399902,0.16170096397399902,6.0,0.3955063032356141,0.0,0.13278180360794067
classical_musopen_26a41c433b68,classical,180.0,acoustic_novelty,0.1535588502883911,0.1762458086013794,29.5,0.25564207722143195,0.3295368552207947,0.08703264594078064
classical_musopen_26a41c433b68,classical,180.0,onset,0.16473448276519775,0.17196542024612427,29.5,0.3534140124131485,0.3673175573348999,0.12485712766647339
classical_musopen_26a41c433b68,classical,180.0,loudness,0.16724899411201477,0.16724899411201477,2.0,0.23229713000882884,160417312.0,0.11503946781158447
classical_musopen_26a41c433b68,classical,180.0,tonal_novelty,0.14645004272460938,0.15679281949996948,29.582172393798828,0.5752497619660213,0.12905490398406982,0.1523967981338501
classical_musopen_26a41c433b68,classical,180.0,modulation,0.352785587310791,0.352785587310791,30.0,0.5654594115842444,0.30869561433792114,0.10654789209365845
classical_musopen_26a41c433b68,classical,300.0,acoustic_novelty,0.1535588502883911,0.1762458086013794,29.5,0.25564207722143195,0.3295368552207947,0.08680689334869385
classical_musopen_26a41c433b68,classical,300.0,onset,0.16473448276519775,0.17196542024612427,29.5,0.3534140124131485,0.3673175573348999,0.15600162744522095
classical_musopen_26a41c433b68,classical,300.0,loudness,0.16724899411201477,0.16724899411201477,2.0,0.23229713000882884,160417312.0,0.0676114559173584
classical_musopen_26a41c433b68,classical,300.0,tonal_novelty,0.14645004272460938,0.15679281949996948,29.582172393798828,0.5752497619660213,0.12905490398406982,0.13176000118255615
classical_musopen_26a41c433b68,classical,300.0,modulation,0.352785587310791,0.352785587310791,30.0,0.5654594115842444,0.30869561433792114,0.14776259660720825
classical_musopen_26b6da893e99,classical,180.0,acoustic_novelty,0.14462178945541382,0.1588420867919922,15.5,0.15286746173589577,0.14392322301864624,0.12389403581619263
classical_musopen_26b6da893e99,classical,180.0,onset,0.1962963342666626,0.1962963342666626,2.0,0.7431894307600211,151018912.0,0.14518874883651733
classical_musopen_26b6da893e99,classical,180.0,loudness,0.21951979398727417,0.21951979398727417,2.0,0.779211189249253,91901600.0,0.18179911375045776
classical_musopen_26b6da893e99,classical,180.0,tonal_novelty,0.14256048202514648,0.18564945459365845,12.678054809570312,0.12996905077540957,0.3957575559616089,0.14530080556869507
classical_musopen_26b6da893e99,classical,180.0,modulation,0.5369002819061279,0.5369002819061279,6.0,0.2775477530698848,119093568.0,0.14071732759475708
classical_musopen_26b6da893e99,classical,300.0,acoustic_novelty,0.16554829478263855,0.16554829478263855,2.0,0.3448145116775412,111131104.0,0.1611882448196411
classical_musopen_26b6da893e99,classical,300.0,onset,0.19596639275550842,0.19596639275550842,2.0,0.6733011037574266,153141344.0,0.1558222770690918
classical_musopen_26b6da893e99,classical,300.0,loudness,0.15892651677131653,0.15892651677131653,2.0,0.6500781605555925,91726272.0,0.1407361626625061
classical_musopen_26b6da893e99,classical,300.0,tonal_novelty,0.13090145587921143,0.13651376962661743,12.6778564453125,0.21631487997999432,0.690058171749115,0.16010630130767822
classical_musopen_26b6da893e99,classical,300.0,modulation,0.258739709854126,0.258739709854126,22.0,0.13730408850737724,123064288.0,0.15611881017684937
classical_musopen_6288d37e8273,classical,180.0,acoustic_novelty,0.1380869746208191,0.13932281732559204,30.5,0.5529152285758088,0.4247511923313141,0.16251564025878906
classical_musopen_6288d37e8273,classical,180.0,onset,0.19042742252349854,0.19042742252349854,2.0,0.2653191670161502,84144256.0,0.14106309413909912
classical_musopen_6288d37e8273,classical,180.0,loudness,0.13299575448036194,0.13299575448036194,2.0,0.2776802206689136,135555424.0,0.1888035535812378
classical_musopen_6288d37e8273,classical,180.0,tonal_novelty,0.4352942705154419,0.4352942705154419,2.3220062255859375,0.3203369437963556,171534976.0,0.15302497148513794
classical_musopen_6288d37e8273,classical,180.0,modulation,0.24183440208435059,0.24183440208435059,32.0,0.47706598651996535,0.05176669359207153,0.2007739543914795
classical_musopen_6288d37e8273,classical,300.0,acoustic_novelty,0.1380869746208191,0.13932281732559204,30.5,0.5529152285758088,0.4247511923313141,0.1209973692893982
classical_musopen_6288d37e8273,classical,300.0,onset,0.19042742252349854,0.19042742252349854,2.0,0.2653191670161502,84144256.0,0.1600717306137085
classical_musopen_6288d37e8273,classical,300.0,loudness,0.13299575448036194,0.13299575448036194,2.0,0.2776802206689136,135555424.0,0.13197636604309082
classical_musopen_6288d37e8273,classical,300.0,tonal_novelty,0.4352942705154419,0.4352942705154419,2.3220062255859375,0.3203369437963556,171534976.0,0.16777724027633667
classical_musopen_6288d37e8273,classical,300.0,modulation,0.24183440208435059,0.24183440208435059,32.0,0.47706598651996535,0.05176669359207153,0.08198380470275879
classical_musopen_b5e0f49dce63,classical,180.0,acoustic_novelty,0.24074822664260864,0.24074822664260864,2.0,0.3872220698971502,42355808.0,0.16182368993759155
classical_musopen_b5e0f49dce63,classical,180.0,onset,0.21393492817878723,0.21393492817878723,2.0,0.3833090912592144,117355456.0,0.14462202787399292
classical_musopen_b5e0f49dce63,classical,180.0,loudness,0.18162816762924194,0.18162816762924194,2.0,0.5055658916145856,103862688.0,0.15881812572479248
classical_musopen_b5e0f49dce63,classical,180.0,tonal_novelty,0.15527141094207764,0.15918278694152832,9.880180358886719,0.22298899954433776,0.8071070909500122,0.15245968103408813
classical_musopen_b5e0f49dce63,classical,180.0,modulation,0.24127322435379028,0.24127322435379028,6.0,0.5812596610671248,82864384.0,0.16848504543304443
classical_musopen_b5e0f49dce63,classical,300.0,acoustic_novelty,0.14032775163650513,0.14032775163650513,2.0,0.38203229733527505,38907328.0,0.15940570831298828
classical_musopen_b5e0f49dce63,classical,300.0,onset,0.1833198070526123,0.1833198070526123,2.0,0.5105383797398829,116301504.0,0.18101662397384644
classical_musopen_b5e0f49dce63,classical,300.0,loudness,0.1370551586151123,0.1370551586151123,2.0,0.6483429823595305,103811488.0,0.1606295108795166
classical_musopen_b5e0f49dce63,classical,300.0,tonal_novelty,0.1431618332862854,0.17197901010513306,10.147079467773438,0.14952778441625775,0.8514748811721802,0.14993685483932495
classical_musopen_b5e0f49dce63,classical,300.0,modulation,0.2395172119140625,0.2395172119140625,6.0,0.449473625278393,90533856.0,0.18966174125671387
classical_musopen_baea77fb0fba,classical,180.0,acoustic_novelty,0.19574767351150513,0.19574767351150513,2.0,0.13466454376118694,121791424.0,0.1543569564819336
classical_musopen_baea77fb0fba,classical,180.0,onset,0.1715468168258667,0.1715468168258667,2.0,0.5578949304351684,161585888.0,0.17299479246139526
classical_musopen_baea77fb0fba,classical,180.0,loudness,0.3196699619293213,0.3196699619293213,2.0,0.5891810238135993,89327424.0,0.15852433443069458
classical_musopen_baea77fb0fba,classical,180.0,tonal_novelty,0.16123926639556885,0.16123926639556885,3.0882415771484375,0.1475815486304306,193995840.0,0.13242661952972412
classical_musopen_baea77fb0fba,classical,180.0,modulation,0.47004228830337524,0.47004228830337524,6.0,0.29657990988294225,97022880.0,0.1756976842880249
classical_musopen_baea77fb0fba,classical,300.0,acoustic_novelty,0.11664730310440063,0.11664730310440063,2.0,0.13011225523235015,114408032.0,0.10694164037704468
classical_musopen_baea77fb0fba,classical,300.0,onset,0.17892193794250488,0.17892193794250488,2.0,0.5652683364961961,165599904.0,0.16671371459960938
classical_musopen_baea77fb0fba,classical,300.0,loudness,0.17605635523796082,0.17605635523796082,2.0,0.6109223073375039,165646304.0,0.14512956142425537
classical_musopen_baea77fb0fba,classical,300.0,tonal_novelty,0.17935168743133545,0.17935168743133545,3.5294189453125,0.10866231326870827,288241792.0,0.14146101474761963
classical_musopen_baea77fb0fba,classical,300.0,modulation,0.37454575300216675,0.37454575300216675,6.0,0.28897888106288117,105803296.0,0.14477169513702393
focus_brainfm_11c947e4659b,focus,180.0,acoustic_novelty,0.13485920429229736,0.1407274603843689,32.0,0.4262195278857471,0.1600978970527649,0.1344953179359436
focus_brainfm_11c947e4659b,focus,180.0,onset,0.16017955541610718,0.18463540077209473,16.0,0.5489582409025375,0.16891038417816162,0.15609252452850342
focus_brainfm_11c947e4659b,focus,180.0,loudness,0.22871148586273193,0.22871148586273193,10.5,0.5386060582605163,0.5196622610092163,0.16528630256652832
focus_brainfm_11c947e4659b,focus,180.0,tonal_novelty,0.14123982191085815,0.14123982191085815,10.58837890625,0.45960487165705877,2.152574062347412,0.16160523891448975
focus_brainfm_11c947e4659b,focus,180.0,modulation,0.1363477110862732,0.1363477110862732,22.0,0.42491936266044317,58819424.0,0.16865450143814087
focus_brainfm_11c947e4659b,focus,300.0,acoustic_novelty,0.14989900588989258,0.19397324323654175,32.0,0.3507951432874066,0.1442890763282776,0.16336405277252197
focus_brainfm_11c947e4659b,focus,300.0,onset,0.6129652261734009,0.6129652261734009,2.0,0.6241456468111807,102652576.0,0.18403729796409607
focus_brainfm_11c947e4659b,focus,300.0,loudness,0.695231020450592,0.695231020450592,2.0,0.42812187140088,102270080.0,0.15160584449768066
focus_brainfm_11c947e4659b,focus,300.0,tonal_novelty,0.18059736490249634,0.18059736490249634,10.58837890625,0.3154135529833576,2.1344330310821533,0.13820922374725342
focus_brainfm_11c947e4659b,focus,300.0,modulation,0.08784940838813782,0.17241418361663818,22.0,0.37411199497439196,47693792.0,0.1348314881324768
focus_brainfm_1a667b5f8aae,focus,180.0,acoustic_novelty,0.16908544301986694,0.19134676456451416,15.5,0.2831458540503302,0.44732069969177246,0.15250319242477417
focus_brainfm_1a667b5f8aae,focus,180.0,onset,0.1151641309261322,0.1151641309261322,4.0,0.2668173476391991,295003936.0,0.1560765504837036
focus_brainfm_1a667b5f8aae,focus,180.0,loudness,0.27322715520858765,0.27322715520858765,2.0,0.5450688176724495,80618784.0,0.18215572834014893
focus_brainfm_1a667b5f8aae,focus,180.0,tonal_novelty,0.1500193476676941,0.1945047378540039,15.603759765625,0.3112091978646752,0.3430593013763428,0.12909066677093506
focus_brainfm_1a667b5f8aae,focus,180.0,modulation,0.22800713777542114,0.22800713777542114,6.0,0.29877787194291194,0.0,0.13585102558135986
focus_brainfm_1a667b5f8aae,focus,300.0,acoustic_novelty,0.14760595560073853,0.14760595560073853,3.5,0.40666665403549335,239351584.0,0.1391158103942871
focus_brainfm_1a667b5f8aae,focus,300.0,onset,0.19465410709381104,0.19465410709381104,2.0,0.18639006163141708,160749312.0,0.12422680854797363
focus_brainfm_1a667b5f8aae,focus,300.0,loudness,0.3772393465042114,0.3772393465042114,2.0,0.5127702789291748,94183328.0,0.15935105085372925
focus_brainfm_1a667b5f8aae,focus,300.0,tonal_novelty,0.14837729930877686,0.16024518013000488,15.603759765625,0.2583203561170402,0.3522976040840149,0.14134281873703003
focus_brainfm_1a667b5f8aae,focus,300.0,modulation,0.26168006658554077,0.26168006658554077,14.0,0.23446444116560505,225231168.0,0.14141911268234253
focus_brainfm_1d302872b7d7,focus,180.0,acoustic_novelty,0.1687118411064148,0.17574214935302734,11.0,0.2857228378798683,0.31804990768432617,0.153570294380188
focus_brainfm_1d302872b7d7,focus,180.0,onset,0.12508296966552734,0.14198240637779236,5.5,0.3501263934265041,231278048.0,0.15604281425476074
focus_brainfm_1d302872b7d7,focus,180.0,loudness,0.1822916865348816,0.19142967462539673,11.0,0.2992817918872305,0.2977723479270935,0.15197360515594482
focus_brainfm_1d302872b7d7,focus,180.0,tonal_novelty,0.14967602491378784,0.14967602491378784,2.054964065551758,0.2782621323006902,144536672.0,0.14934557676315308
focus_brainfm_1d302872b7d7,focus,180.0,modulation,0.0996476411819458,0.16235840320587158,20.0,0.1252863139119348,165126144.0,0.1461886763572693
focus_brainfm_1d302872b7d7,focus,300.0,acoustic_novelty,0.1335696578025818,0.13676238059997559,5.5,0.25564085343097886,215160368.0,0.1350926160812378
focus_brainfm_1d302872b7d7,focus,300.0,onset,0.11220264434814453,0.14745646715164185,5.5,0.28728978027948493,183131680.0,0.15395158529281616
focus_brainfm_1d302872b7d7,focus,300.0,loudness,0.1412128210067749,0.164323091506958,11.0,0.3529970801649648,0.28763264417648315,0.15943336486816406
focus_brainfm_1d302872b7d7,focus,300.0,tonal_novelty,0.19484758377075195,0.19484758377075195,4.7948760986328125,0.18371118003445175,236804480.0,0.13135039806365967
focus_brainfm_1d302872b7d7,focus,300.0,modulation,0.22524774074554443,0.22524774074554443,22.0,0.11431888746826524,253010480.0,0.1457502245903015
focus_brainfm_20d48c0030ee,focus,180.0,acoustic_novelty,0.17357897758483887,0.19950854778289795,11.5,0.34832712929243104,0.9507095813751221,0.17112910747528076
focus_brainfm_20d48c0030ee,focus,180.0,onset,0.16415148973464966,0.19750648736953735,11.5,0.2754537111528361,0.42893022298812866,0.1704511046409607
focus_brainfm_20d48c0030ee,focus,180.0,loudness,0.17044401168823242,0.21017968654632568,11.5,0.4549375966552151,0.5574329495429993,0.14103806018829346
focus_brainfm_20d48c0030ee,focus,180.0,tonal_novelty,0.1445159912109375,0.1445159912109375,5.758544921875,0.13517044661350328,0.8997172117233276,0.15308642387390137
focus_brainfm_20d48c0030ee,focus,180.0,modulation,0.20821964740753174,0.20821964740753174,10.0,0.41987893490383854,155069056.0,0.13034582138061523
focus_brainfm_20d48c0030ee,focus,300.0,acoustic_novelty,0.14503473043441772,0.15980052947998047,11.5,0.3837039177553602,0.9304017424583435,0.17689508199691772
focus_brainfm_20d48c0030ee,focus,300.0,onset,0.15032857656478882,0.18273746967315674,11.5,0.21597804470522985,0.42869842052459717,0.17887651920318604
focus_brainfm_20d48c0030ee,focus,300.0,loudness,0.17582088708877563,0.19761592149734497,11.5,0.3617474363116802,0.5353566408157349,0.13300228118896484
focus_brainfm_20d48c0030ee,focus,300.0,tonal_novelty,0.13981229066848755,0.13981229066848755,5.758544921875,0.2024523986773046,1.423437476158142,0.14310449361801147
focus_brainfm_20d48c0030ee,focus,300.0,modulation,0.15537330508232117,0.15537330508232117,6.0,0.24520183775466975,42152416.0,0.17545771598815918
focus_brainfm_34c5d8df2184,focus,180.0,acoustic_novelty,0.1471361517906189,0.15305578708648682,5.5,0.24286065550967154,236547312.0,0.14546078443527222
focus_brainfm_34c5d8df2184,focus,180.0,onset,0.09996134042739868,0.09996134042739868,3.5,0.43587598738982547,248374912.0,0.13395065069198608
focus_brainfm_34c5d8df2184,focus,180.0,loudness,0.14781194925308228,0.1489090919494629,11.0,0.34540913258916184,1.188862144947052,0.13759195804595947
focus_brainfm_34c5d8df2184,focus,180.0,tonal_novelty,0.15857923030853271,0.15857923030853271,5.572784423828125,0.2352223306697274,268265248.0,0.1337231993675232
focus_brainfm_34c5d8df2184,focus,180.0,modulation,0.2351049780845642,0.2351049780845642,8.0,0.4167423342105884,0.0,0.15130561590194702
focus_brainfm_34c5d8df2184,focus,300.0,acoustic_novelty,0.1615862250328064,0.1615862250328064,5.5,0.20033998226622168,237737936.0,0.15549015998840332
focus_brainfm_34c5d8df2184,focus,300.0,onset,0.32787078619003296,0.32787078619003296,3.5,0.3263779976984174,109191488.0,0.11436349153518677
focus_brainfm_34c5d8df2184,focus,300.0,loudness,0.1542392373085022,0.15971273183822632,11.0,0.4078314319304446,1.0626762509346008,0.1376376748085022
focus_brainfm_34c5d8df2184,focus,300.0,tonal_novelty,0.16676056385040283,0.16676056385040283,13.931961059570312,0.18537377809681196,0.4063724875450134,0.16740018129348755
focus_brainfm_34c5d8df2184,focus,300.0,modulation,0.2631019949913025,0.2631019949913025,8.0,0.4058933193812524,165142432.0,0.1554216742515564
focus_brainfm_45d6269177c9,focus,180.0,acoustic_novelty,0.1593385934829712,0.1824634075164795,31.5,0.08506586918190498,0.2078515887260437,0.06426861882209778
focus_brainfm_45d6269177c9,focus,180.0,onset,0.16128236055374146,0.16128236055374146,3.0,0.11713736109471419,0.0,0.11115890741348267
focus_brainfm_45d6269177c9,focus,180.0,loudness,0.8470463156700134,0.8470463156700134,2.0,0.2648279304185061,81947072.0,0.11617803573608398
focus_brainfm_45d6269177c9,focus,180.0,tonal_novelty,0.09133720397949219,0.09133720397949219,3.4946060180664062,0.24088075795386168,237701408.0,0.11168140172958374
focus_brainfm_45d6269177c9,focus,180.0,modulation,0.1978365182876587,0.1978365182876587,6.0,0.47673510545811226,40419840.0,0.18995964527130127
focus_brainfm_45d6269177c9,focus,300.0,acoustic_novelty,0.1195414662361145,0.13968592882156372,15.5,0.07274846987161399,0.2350689172744751,0.07260695099830627
focus_brainfm_45d6269177c9,focus,300.0,onset,0.13273340463638306,0.13511031866073608,5.0,0.12310706376464886,0.0,0.11716622114181519
focus_brainfm_45d6269177c9,focus,300.0,loudness,0.8604549765586853,0.8604549765586853,2.0,0.18556976471073028,81876320.0,0.11279863119125366
focus_brainfm_45d6269177c9,focus,300.0,tonal_novelty,0.16288909316062927,0.16288909316062927,3.4945526123046875,0.16462250971154566,229593280.0,0.11488038301467896
focus_brainfm_45d6269177c9,focus,300.0,modulation,0.21832340955734253,0.21832340955734253,6.0,0.3044562965032097,89029088.0,0.1275472640991211
focus_brainfm_4c21a6991c14,focus,180.0,acoustic_novelty,0.1486666202545166,0.15618795156478882,11.0,0.18986896358488867,0.43837565183639526,0.14500778913497925
focus_brainfm_4c21a6991c14,focus,180.0,onset,0.2781795263290405,0.2781795263290405,5.5,0.33767678419662434,254525120.0,0.15131467580795288
focus_brainfm_4c21a6991c14,focus,180.0,loudness,0.29285988211631775,0.29285988211631775,2.0,0.5433370624729598,0.0,0.12023812532424927
focus_brainfm_4c21a6991c14,focus,180.0,tonal_novelty,0.16235429048538208,0.1779232621192932,5.108371734619141,0.30512412150887025,238658128.0,0.13912832736968994
focus_brainfm_4c21a6991c14,focus,180.0,modulation,0.09140446782112122,0.09140446782112122,6.0,0.1293723252821763,165345088.0,0.09879302978515625
focus_brainfm_4c21a6991c14,focus,300.0,acoustic_novelty,0.16194647550582886,0.16194647550582886,5.5,0.20796724354087243,259943312.0,0.15061533451080322
focus_brainfm_4c21a6991c14,focus,300.0,onset,0.20602071285247803,0.20602071285247803,5.5,0.30860731131444996,270967984.0,0.14162415266036987
focus_brainfm_4c21a6991c14,focus,300.0,loudness,0.2386927306652069,0.2386927306652069,2.0,0.5144685564843006,12616576.0,0.1420232653617859
focus_brainfm_4c21a6991c14,focus,300.0,tonal_novelty,0.13382059335708618,0.13791805505752563,11.145572662353516,0.24748391813783674,0.543976753950119,0.12220042943954468
focus_brainfm_4c21a6991c14,focus,300.0,modulation,2.026639461517334,2.026639461517334,6.0,0.34652599503212783,140464064.0,0.0
focus_brainfm_5c2ea7efbd03,focus,180.0,acoustic_novelty,0.14900928735733032,0.14900928735733032,6.0,0.4633712507521336,57143680.0,0.1551409363746643
focus_brainfm_5c2ea7efbd03,focus,180.0,onset,0.510905385017395,0.510905385017395,2.0,0.5635745380668746,95592512.0,0.17236024141311646
focus_brainfm_5c2ea7efbd03,focus,180.0,loudness,0.21716290712356567,0.21716290712356567,2.0,0.27737736548297254,10020064.0,0.13275384902954102
focus_brainfm_5c2ea7efbd03,focus,180.0,tonal_novelty,0.4347873330116272,0.4347873330116272,2.2639389038085938,0.32475549163715167,157986144.0,0.13188332319259644
focus_brainfm_5c2ea7efbd03,focus,180.0,modulation,0.18677085638046265,0.18872153759002686,24.0,0.10604339399757412,67932224.0,0.12942326068878174
focus_brainfm_5c2ea7efbd03,focus,300.0,acoustic_novelty,0.13852417469024658,0.16863620281219482,6.0,0.4007036023408283,58078080.0,0.13095682859420776
focus_brainfm_5c2ea7efbd03,focus,300.0,onset,0.41413044929504395,0.41413044929504395,2.0,0.6558452531563297,98090496.0,0.15610134601593018
focus_brainfm_5c2ea7efbd03,focus,300.0,loudness,0.15957105159759521,0.15957105159759521,2.0,0.6191502318136408,0.0,0.1467403769493103
focus_brainfm_5c2ea7efbd03,focus,300.0,tonal_novelty,0.13819968700408936,0.13819968700408936,6.037109375,0.25620647336618035,294759936.0,0.16071993112564087
focus_brainfm_5c2ea7efbd03,focus,300.0,modulation,0.1702139973640442,0.1702139973640442,6.0,0.19750149147658846,68938592.0,0.152329683303833
focus_brainfm_5ddfc60155f3,focus,180.0,acoustic_novelty,0.11307764053344727,0.1261044144630432,16.0,0.2812586249930146,0.24886202812194824,0.13333702087402344
focus_brainfm_5ddfc60155f3,focus,180.0,onset,0.2771918773651123,0.2771918773651123,2.0,0.7007162229351499,90227360.0,0.22999447584152222
focus_brainfm_5ddfc60155f3,focus,180.0,loudness,0.4584655165672302,0.4584655165672302,2.0,0.5906075759952234,18283712.0,0.16952013969421387
focus_brainfm_5ddfc60155f3,focus,180.0,tonal_novelty,0.1561521291732788,0.1736934781074524,21.1767578125,0.5986511782454849,0.3430909514427185,0.16356021165847778
focus_brainfm_5ddfc60155f3,focus,180.0,modulation,0.10380756855010986,0.10380756855010986,6.0,0.4849250641489988,91219200.0,0.15091615915298462
focus_brainfm_5ddfc60155f3,focus,300.0,acoustic_novelty,0.14300823211669922,0.14300823211669922,10.5,0.24015806175861024,0.3217889070510864,0.14472514390945435
focus_brainfm_5ddfc60155f3,focus,300.0,onset,0.24640890955924988,0.24640890955924988,2.0,0.8148213364592959,100110528.0,0.2038777470588684
focus_brainfm_5ddfc60155f3,focus,300.0,loudness,0.22852745652198792,0.22852745652198792,2.0,0.6623452505148619,164214816.0,0.16857481002807617
focus_brainfm_5ddfc60155f3,focus,300.0,tonal_novelty,0.1701982617378235,0.1797923445701599,21.1767578125,0.5794035039592943,0.1848868727684021,0.1512131690979004
focus_brainfm_5ddfc60155f3,focus,300.0,modulation,0.4466128945350647,0.4466128945350647,6.0,0.6147125321068307,92061792.0,0.17891675233840942
focus_brainfm_605fe5e55118,focus,180.0,acoustic_novelty,0.08654680848121643,0.08654680848121643,2.0,0.19230711596926664,165648992.0,0.17327535152435303
focus_brainfm_605fe5e55118,focus,180.0,onset,0.18970054388046265,0.18970054388046265,2.0,0.45948476720213466,165503040.0,0.16041487455368042
focus_brainfm_605fe5e55118,focus,180.0,loudness,0.16682863235473633,0.16682863235473633,2.0,0.627241471904116,12519360.0,0.19096243381500244
focus_brainfm_605fe5e55118,focus,180.0,tonal_novelty,0.19194751977920532,0.19194751977920532,6.40869140625,0.2028443557985999,147687264.0,0.1631256341934204
focus_brainfm_605fe5e55118,focus,180.0,modulation,0.26240819692611694,0.26240819692611694,6.0,0.525894727914413,119111808.0,0.1468636393547058
focus_brainfm_605fe5e55118,focus,300.0,acoustic_novelty,0.13483518362045288,0.13483518362045288,8.5,0.26321799338649254,1.1850266456604004,0.1292341947555542
focus_brainfm_605fe5e55118,focus,300.0,onset,0.18907707929611206,0.18907707929611206,4.0,0.4415005124519456,292511056.0,0.15020018815994263
focus_brainfm_605fe5e55118,focus,300.0,loudness,0.1308715045452118,0.1308715045452118,2.0,0.5489052689073342,22997024.0,0.14705121517181396
focus_brainfm_605fe5e55118,focus,300.0,tonal_novelty,0.19354581832885742,0.19354581832885742,8.544921875,0.1906882161612708,0.4460967779159546,0.17995619773864746
focus_brainfm_605fe5e55118,focus,300.0,modulation,0.21365272998809814,0.21365272998809814,6.0,0.5623018819279292,144702944.0,0.1621444821357727
focus_brainfm_6b04cef70c17,focus,180.0,acoustic_novelty,0.1568809151649475,0.1568809151649475,9.5,0.42840620747250446,0.7754486799240112,0.1448425054550171
focus_brainfm_6b04cef70c17,focus,180.0,onset,0.176996111869812,0.18461966514587402,9.5,0.5012857768484447,0.34734779596328735,0.15664339065551758
focus_brainfm_6b04cef70c17,focus,180.0,loudness,0.15743041038513184,0.15743041038513184,2.0,0.526509102377639,28268672.0,0.12945586442947388
focus_brainfm_6b04cef70c17,focus,180.0,tonal_novelty,0.20349329710006714,0.20349329710006714,9.659423828125,0.451363931683341,0.8299195766448975,0.14352625608444214
focus_brainfm_6b04cef70c17,focus,180.0,modulation,0.27881062030792236,0.27881062030792236,10.0,0.37171416705694277,160113056.0,0.12087202072143555
focus_brainfm_6b04cef70c17,focus,300.0,acoustic_novelty,0.13551795482635498,0.13551795482635498,9.5,0.3114530528312611,0.7833071947097778,0.156171977519989
focus_brainfm_6b04cef70c17,focus,300.0,onset,0.23905420303344727,0.23905420303344727,5.0,0.5216248533370111,206341120.0,0.1457769274711609
focus_brainfm_6b04cef70c17,focus,300.0,loudness,0.16306865215301514,0.16306865215301514,2.0,0.5611207777882691,10319424.0,0.14645451307296753
focus_brainfm_6b04cef70c17,focus,300.0,tonal_novelty,0.2025812864303589,0.2025812864303589,9.659423828125,0.3710120405330869,1.0291060209274292,0.16243433952331543
focus_brainfm_6b04cef70c17,focus,300.0,modulation,0.20336949825286865,0.20336949825286865,10.0,0.2744033407844147,159232608.0,0.11463093757629395
focus_brainfm_74a3c33305de,focus,180.0,acoustic_novelty,0.18571150302886963,0.18571150302886963,8.0,0.2560744020795644,0.46173787117004395,0.11913973093032837
focus_brainfm_74a3c33305de,focus,180.0,onset,0.203188955783844,0.203188955783844,2.0,0.34079048418799196,96314688.0,0.18145573139190674
focus_brainfm_74a3c33305de,focus,180.0,loudness,0.25397825241088867,0.25397825241088867,2.5,0.4554784001779232,171769216.0,0.15282148122787476
focus_brainfm_74a3c33305de,focus,180.0,tonal_novelty,0.12148088216781616,0.21968317031860352,21.1767578125,0.435899726411374,0.1689409613609314,0.17204302549362183
focus_brainfm_74a3c33305de,focus,180.0,modulation,0.13133764266967773,0.13133764266967773,8.0,0.15452009141771672,57341504.0,0.1289406418800354
focus_brainfm_74a3c33305de,focus,300.0,acoustic_novelty,0.13849490880966187,0.13849490880966187,8.0,0.23900257644659628,2.153726577758789,0.1336851716041565
focus_brainfm_74a3c33305de,focus,300.0,onset,0.5292476713657379,0.5292476713657379,2.5,0.3386794151628656,89229728.0,0.17034679651260376
focus_brainfm_74a3c33305de,focus,300.0,loudness,0.25617659091949463,0.25617659091949463,2.5,0.44415840169118553,167685344.0,0.16365331411361694
focus_brainfm_74a3c33305de,focus,300.0,tonal_novelty,0.1317310333251953,0.15429902076721191,21.1767578125,0.29579137310867,0.33891600370407104,0.1511777639389038
focus_brainfm_74a3c33305de,focus,300.0,modulation,0.2928164601325989,0.2928164601325989,8.0,0.09402696437941072,45816864.0,0.1573963761329651
focus_brainfm_823b5f5a9bd8,focus,180.0,acoustic_novelty,0.12664276361465454,0.17564070224761963,11.5,0.5122462242996254,0.4590733051300049,0.1265571117401123
focus_brainfm_823b5f5a9bd8,focus,180.0,onset,0.402018278837204,0.402018278837204,2.5,0.3173716486114133,167821344.0,0.17638951539993286
focus_brainfm_823b5f5a9bd8,focus,180.0,loudness,0.14776360988616943,0.17418360710144043,5.5,0.4527900564276012,273027392.0,0.13058751821517944
focus_brainfm_823b5f5a9bd8,focus,180.0,tonal_novelty,0.13394904136657715,0.2434675693511963,23.0341796875,0.47988602731012103,0.15947002172470093,0.12811964750289917
focus_brainfm_823b5f5a9bd8,focus,180.0,modulation,0.09536981582641602,0.09536981582641602,12.0,0.2081145474411379,144091904.0,0.14937454462051392
focus_brainfm_823b5f5a9bd8,focus,300.0,acoustic_novelty,0.16353994607925415,0.2209416627883911,11.5,0.5080945394535192,0.4625404477119446,0.1518040895462036
focus_brainfm_823b5f5a9bd8,focus,300.0,onset,0.19161701202392578,0.19161701202392578,2.5,0.265673654809614,167901472.0,0.15345948934555054
focus_brainfm_823b5f5a9bd8,focus,300.0,loudness,0.1323697865009308,0.13300907611846924,5.5,0.38464712168811155,272702592.0,0.1035040020942688
focus_brainfm_823b5f5a9bd8,focus,300.0,tonal_novelty,0.12738287448883057,0.15673458576202393,23.0341796875,0.4696584251381454,0.08579924702644348,0.14795082807540894
focus_brainfm_823b5f5a9bd8,focus,300.0,modulation,0.12985429167747498,0.12985429167747498,22.0,0.20314916329867033,108315104.0,0.1580275297164917
focus_brainfm_856adfeebbbe,focus,180.0,acoustic_novelty,0.14441734552383423,0.14441734552383423,2.0,0.6943847997688056,137053728.0,0.1429651379585266
focus_brainfm_856adfeebbbe,focus,180.0,onset,0.18714287877082825,0.18714287877082825,2.0,0.745452923627809,165302528.0,0.15060055255889893
focus_brainfm_856adfeebbbe,focus,180.0,loudness,0.385929137468338,0.385929137468338,2.0,0.7090195339693472,164455808.0,0.1678428053855896
focus_brainfm_856adfeebbbe,focus,180.0,tonal_novelty,0.15874993801116943,0.15874993801116943,4.5511474609375,0.24263060374481332,291343504.0,0.1714489459991455
focus_brainfm_856adfeebbbe,focus,180.0,modulation,0.2249763011932373,0.2249763011932373,6.0,0.29750516420712997,139797056.0,0.18776142597198486
focus_brainfm_856adfeebbbe,focus,300.0,acoustic_novelty,0.1398400068283081,0.1398400068283081,2.0,0.5770324165827507,136367872.0,0.1492215394973755
focus_brainfm_856adfeebbbe,focus,300.0,onset,0.20576244592666626,0.20576244592666626,2.0,0.6124219741313871,165402208.0,0.13850003480911255
focus_brainfm_856adfeebbbe,focus,300.0,loudness,0.23417946696281433,0.23417946696281433,2.0,0.6206214359366701,164867040.0,0.1453254222869873
focus_brainfm_856adfeebbbe,focus,300.0,tonal_novelty,0.1648118495941162,0.17124712467193604,20.48016357421875,0.07408812309551557,0.3436328172683716,0.14008808135986328
focus_brainfm_856adfeebbbe,focus,300.0,modulation,0.18457061052322388,0.18457061052322388,6.0,0.22351898692470284,148108352.0,0.1667996644973755
focus_brainfm_93196de7204f,focus,180.0,acoustic_novelty,0.26653236150741577,0.26653236150741577,5.0,0.266160331551934,278532176.0,0.14980655908584595
focus_brainfm_93196de7204f,focus,180.0,onset,0.6288430988788605,0.6288430988788605,2.0,0.7651342577114212,98893248.0,0.1883862018585205
focus_brainfm_93196de7204f,focus,180.0,loudness,0.17002302408218384,0.17002302408218384,2.0,0.6784446848623504,98431936.0,0.14960354566574097
focus_brainfm_93196de7204f,focus,180.0,tonal_novelty,0.2101457118988037,0.2101457118988037,2.6470947265625,0.3114585996162715,164749408.0,0.17281538248062134
focus_brainfm_93196de7204f,focus,180.0,modulation,0.16740208864212036,0.16740208864212036,10.0,0.23779945512804024,104152480.0,0.1134568452835083
focus_brainfm_93196de7204f,focus,300.0,acoustic_novelty,0.18222641944885254,0.19283759593963623,10.5,0.21853763296888412,0.9676239490509033,0.1427554488182068
focus_brainfm_93196de7204f,focus,300.0,onset,0.534877359867096,0.534877359867096,2.0,0.7592143044178511,98820288.0,0.18454891443252563
focus_brainfm_93196de7204f,focus,300.0,loudness,0.27750545740127563,0.27750545740127563,2.0,0.6224196421425721,98385152.0,0.1599978804588318
focus_brainfm_93196de7204f,focus,300.0,tonal_novelty,0.10917103290557861,0.10917103290557861,5.294189453125,0.24112683503007226,204785632.0,0.15741151571273804
focus_brainfm_93196de7204f,focus,300.0,modulation,0.25013798475265503,0.25013798475265503,10.0,0.3602886873932414,142384992.0,0.1457294225692749
pop_jamendo_0010326,pop,180.0,acoustic_novelty,0.12846338748931885,0.12846338748931885,2.5,0.41919837586297365,78253024.0,0.14872318506240845
pop_jamendo_0010326,pop,180.0,onset,0.519421398639679,0.519421398639679,2.0,0.44178786205396076,108835904.0,0.13919395208358765
pop_jamendo_0010326,pop,180.0,loudness,0.7766425013542175,0.7766425013542175,2.0,0.603460340813787,109421120.0,0.12864893674850464
pop_jamendo_0010326,pop,180.0,tonal_novelty,0.17812961339950562,0.17812961339950562,4.388574600219727,0.09822743114552351,264821104.0,0.17280179262161255
pop_jamendo_0010326,pop,180.0,modulation,0.2917454242706299,0.2917454242706299,6.0,0.5651211311658838,2965120.0,0.08858737349510193
pop_jamendo_0010326,pop,300.0,acoustic_novelty,0.19526547193527222,0.19526547193527222,2.0,0.2650186923590838,59244608.0,0.1300901174545288
pop_jamendo_0010326,pop,300.0,onset,0.44151735305786133,0.44151735305786133,2.0,0.2630226109580013,110588672.0,0.13688135147094727
pop_jamendo_0010326,pop,300.0,loudness,0.3928247094154358,0.3928247094154358,2.0,0.33092807263950774,92473184.0,0.13477039337158203
pop_jamendo_0010326,pop,300.0,tonal_novelty,0.16738182306289673,0.19282978773117065,6.8266448974609375,0.07365931513483776,185267536.0,0.1515042781829834
pop_jamendo_0010326,pop,300.0,modulation,0.3337444067001343,0.3337444067001343,6.0,0.6278377333356419,9803776.0,0.128645658493042
pop_jamendo_0106778,pop,180.0,acoustic_novelty,0.18374407291412354,0.23323452472686768,5.5,0.33327963233752067,225848560.0,0.14290666580200195
pop_jamendo_0106778,pop,180.0,onset,0.18027722835540771,0.18313980102539062,15.0,0.8032311947301903,0.30193066596984863,0.13455182313919067
pop_jamendo_0106778,pop,180.0,loudness,0.4134197533130646,0.4134197533130646,2.0,0.975347945552001,165663680.0,0.17685037851333618
pop_jamendo_0106778,pop,180.0,tonal_novelty,0.16568917036056519,0.16568917036056519,2.6122283935546875,0.26092308701519074,148856864.0,0.15312016010284424
pop_jamendo_0106778,pop,180.0,modulation,0.1631453037261963,0.1631453037261963,12.0,0.20565699747901472,183723840.0,0.1289360523223877
pop_jamendo_0106778,pop,300.0,acoustic_novelty,0.18084657192230225,0.24238735437393188,5.5,0.28291072100813325,226734592.0,0.1589232087135315
pop_jamendo_0106778,pop,300.0,onset,0.15901517868041992,0.17517811059951782,15.0,0.9073179275496913,0.1783471703529358,0.14524531364440918
pop_jamendo_0106778,pop,300.0,loudness,0.36611250042915344,0.36611250042915344,2.0,0.8847899363786023,165671776.0,0.13050615787506104
pop_jamendo_0106778,pop,300.0,tonal_novelty,0.17243587970733643,0.17243587970733643,2.6122283935546875,0.2727039061669595,148157696.0,0.15748614072799683
pop_jamendo_0106778,pop,300.0,modulation,0.13974663615226746,0.13974663615226746,12.0,0.19511547410090885,183791936.0,0.14759600162506104
pop_jamendo_0106878,pop,180.0,acoustic_novelty,0.12574684619903564,0.12574684619903564,4.0,0.18679918607235244,291672448.0,0.17343860864639282
pop_jamendo_0106878,pop,180.0,onset,1.4405285120010376,1.4405285120010376,2.0,0.32801530501366766,91890464.0,0.10846549272537231
pop_jamendo_0106878,pop,180.0,loudness,0.9313977062702179,0.9313977062702179,2.0,0.2032863592874914,90938016.0,0.12023806571960449
pop_jamendo_0106878,pop,180.0,tonal_novelty,0.17447417974472046,0.17447417974472046,7.941261291503906,0.26242976431321385,0.7988617420196533,0.14278167486190796
pop_jamendo_0106878,pop,180.0,modulation,0.19622284173965454,0.19622284173965454,6.0,0.14161406726376613,164744448.0,0.16426312923431396
pop_jamendo_0106878,pop,300.0,acoustic_novelty,0.15518999099731445,0.15518999099731445,4.0,0.1849644797049489,272536064.0,0.127621591091156
pop_jamendo_0106878,pop,300.0,onset,0.39354342222213745,0.39354342222213745,2.0,0.6147303858711141,92902112.0,0.155764639377594
pop_jamendo_0106878,pop,300.0,loudness,0.34513646364212036,0.34513646364212036,2.0,0.5335120290021653,5025248.0,0.1361614465713501
pop_jamendo_0106878,pop,300.0,tonal_novelty,0.16379433870315552,0.16379433870315552,3.34375,0.22036783362427767,288070656.0,0.12740910053253174
pop_jamendo_0106878,pop,300.0,modulation,0.1714755892753601,0.1714755892753601,6.0,0.1255832015369141,59463584.0,0.1417291760444641
pop_jamendo_1000080,pop,180.0,acoustic_novelty,0.15082791447639465,0.15082791447639465,2.0,0.14594964444785338,144649408.0,0.1470881700515747
pop_jamendo_1000080,pop,180.0,onset,0.13991820812225342,0.13991820812225342,2.0,0.18924987329009021,163867712.0,0.09031185507774353
pop_jamendo_1000080,pop,180.0,loudness,0.25107041001319885,0.25107041001319885,2.0,0.3006549965530946,107955904.0,0.19307535886764526
pop_jamendo_1000080,pop,180.0,tonal_novelty,0.20087289810180664,0.20087289810180664,7.244636535644531,0.20862166193973447,77954208.0,0.11947917938232422
pop_jamendo_1000080,pop,180.0,modulation,0.15840601921081543,0.23148036003112793,30.0,0.20577217962521163,1.550052523612976,0.12979453802108765
pop_jamendo_1000080,pop,300.0,acoustic_novelty,0.21852630376815796,0.21852630376815796,7.0,0.16886137426899742,146176224.0,0.15121495723724365
pop_jamendo_1000080,pop,300.0,onset,0.7480826377868652,0.7480826377868652,2.0,0.7380007598861064,87857888.0,0.22071045637130737
pop_jamendo_1000080,pop,300.0,loudness,0.36737656593322754,0.36737656593322754,2.0,0.48405239645492626,83058624.0,0.17098790407180786
pop_jamendo_1000080,pop,300.0,tonal_novelty,0.1529671549797058,0.20993167161941528,19.319091796875,0.22474180282905115,0.1752057671546936,0.17736732959747314
pop_jamendo_1000080,pop,300.0,modulation,0.18627846240997314,0.18627846240997314,6.0,0.33901626790245815,143409632.0,0.20320618152618408
pop_jamendo_1012188,pop,180.0,acoustic_novelty,0.17442405223846436,0.17442405223846436,2.5,0.5357349165029905,63104736.0,0.1255415678024292
pop_jamendo_1012188,pop,180.0,onset,0.1335166096687317,0.1335166096687317,2.5,0.3016323876064172,169807904.0,0.1475847363471985
pop_jamendo_1012188,pop,180.0,loudness,0.16640079021453857,0.16640079021453857,2.0,0.4268849442491095,0.0,0.15141236782073975
pop_jamendo_1012188,pop,180.0,tonal_novelty,0.18032598495483398,0.18032598495483398,5.0155029296875,0.2359621118845811,143688576.0,0.1401982307434082
pop_jamendo_1012188,pop,180.0,modulation,0.8333929777145386,0.8333929777145386,6.0,0.5476061501505242,158845920.0,0.17359375953674316
pop_jamendo_1012188,pop,300.0,acoustic_novelty,0.17442405223846436,0.17442405223846436,2.5,0.5357349165029905,63104736.0,0.13930517435073853
pop_jamendo_1012188,pop,300.0,onset,0.1335166096687317,0.1335166096687317,2.5,0.3016323876064172,169807904.0,0.14439409971237183
pop_jamendo_1012188,pop,300.0,loudness,0.16640079021453857,0.16640079021453857,2.0,0.4268849442491095,0.0,0.16356128454208374
pop_jamendo_1012188,pop,300.0,tonal_novelty,0.18032598495483398,0.18032598495483398,5.0155029296875,0.2359621118845811,143688576.0,0.17410874366760254
pop_jamendo_1012188,pop,300.0,modulation,0.8333929777145386,0.8333929777145386,6.0,0.5476061501505242,158845920.0,0.09402650594711304
pop_jamendo_1015416,pop,180.0,acoustic_novelty,0.23376166820526123,0.23376166820526123,3.5,0.2185783809666517,251675584.0,0.07646003365516663
pop_jamendo_1015416,pop,180.0,onset,0.5023941695690155,0.5023941695690155,2.0,0.81249900457734,104257184.0,0.1848747730255127
pop_jamendo_1015416,pop,180.0,loudness,0.20669251680374146,0.20669251680374146,2.0,0.504508127245398,93411872.0,0.10250300168991089
pop_jamendo_1015416,pop,180.0,tonal_novelty,0.20357078313827515,0.20357078313827515,3.80810546875,0.6248156527484952,148734304.0,0.1252002716064453
pop_jamendo_1015416,pop,180.0,modulation,0.48194921016693115,0.48194921016693115,6.0,0.758822934065154,164868928.0,0.10717260837554932
pop_jamendo_1015416,pop,300.0,acoustic_novelty,0.23376166820526123,0.23376166820526123,3.5,0.2185783809666517,251675584.0,0.06655067205429077
pop_jamendo_1015416,pop,300.0,onset,0.5023941695690155,0.5023941695690155,2.0,0.81249900457734,104257184.0,0.23852431774139404
pop_jamendo_1015416,pop,300.0,loudness,0.20669251680374146,0.20669251680374146,2.0,0.504508127245398,93411872.0,0.13269168138504028
pop_jamendo_1015416,pop,300.0,tonal_novelty,0.20357078313827515,0.20357078313827515,3.80810546875,0.6248156527484952,148734304.0,0.11285358667373657
pop_jamendo_1015416,pop,300.0,modulation,0.48194921016693115,0.48194921016693115,6.0,0.758822934065154,164868928.0,0.20567739009857178
pop_jamendo_1045184,pop,180.0,acoustic_novelty,0.12088751792907715,0.12088751792907715,2.0,0.33628676130515295,164718240.0,0.2288917899131775
pop_jamendo_1045184,pop,180.0,onset,0.30353254079818726,0.30353254079818726,2.0,0.4868780133442698,161626560.0,0.1602451205253601
pop_jamendo_1045184,pop,180.0,loudness,0.1391759216785431,0.1391759216785431,2.0,0.5372574066210491,94190688.0,0.147516131401062
pop_jamendo_1045184,pop,180.0,tonal_novelty,0.13555437326431274,0.13555437326431274,2.1362361907958984,0.4318869066413504,104235232.0,0.15572619438171387
pop_jamendo_1045184,pop,180.0,modulation,0.2212614119052887,0.2212614119052887,6.0,0.3781250655203811,103715968.0,0.17710232734680176
pop_jamendo_1045184,pop,300.0,acoustic_novelty,0.23406720161437988,0.23406720161437988,2.0,0.3331392350602461,148533152.0,0.13039374351501465
pop_jamendo_1045184,pop,300.0,onset,0.3462393879890442,0.3462393879890442,2.0,0.37995191189616984,89818912.0,0.1528441309928894
pop_jamendo_1045184,pop,300.0,loudness,0.2687980830669403,0.2687980830669403,2.0,0.4730159409572023,99791552.0,0.13578510284423828
pop_jamendo_1045184,pop,300.0,tonal_novelty,0.1770610809326172,0.1770610809326172,2.13623046875,0.37873715086594684,104231712.0,0.133864164352417
pop_jamendo_1045184,pop,300.0,modulation,0.2501593232154846,0.2501593232154846,6.0,0.45472959491103077,84638656.0,0.1405014991760254
pop_jamendo_1047481,pop,180.0,acoustic_novelty,0.20216459035873413,0.20216459035873413,6.0,0.44302955686657625,78919776.0,0.1454688310623169
pop_jamendo_1047481,pop,180.0,onset,0.3802657723426819,0.3802657723426819,2.0,0.548753555024961,37432768.0,0.15157020092010498
pop_jamendo_1047481,pop,180.0,loudness,0.3270329236984253,0.3658243417739868,6.0,0.5276913388415835,330891568.0,0.14838016033172607
pop_jamendo_1047481,pop,180.0,tonal_novelty,0.15555769205093384,0.15555769205093384,6.03717041015625,0.431837234530391,235470496.0,0.145521879196167
pop_jamendo_1047481,pop,180.0,modulation,0.43201249837875366,0.43201249837875366,6.0,0.45944534238704005,151307168.0,0.13980865478515625
pop_jamendo_1047481,pop,300.0,acoustic_novelty,0.20140737295150757,0.2404441237449646,6.0,0.2226472062727441,179598112.0,0.07812350988388062
pop_jamendo_1047481,pop,300.0,onset,0.38559821248054504,0.38559821248054504,2.0,0.4528119429996489,93357984.0,0.1283087134361267
pop_jamendo_1047481,pop,300.0,loudness,0.362280011177063,0.362280011177063,6.0,0.38114593433784105,335462784.0,0.09107494354248047
pop_jamendo_1047481,pop,300.0,tonal_novelty,0.16542589664459229,0.16542589664459229,6.03717041015625,0.5075165167500261,238224592.0,0.14834362268447876
pop_jamendo_1047481,pop,300.0,modulation,0.23087775707244873,0.23087775707244873,6.0,0.30324737447120714,141470048.0,0.1754189133644104
pop_jamendo_1049715,pop,180.0,acoustic_novelty,0.35988402366638184,0.35988402366638184,3.5,0.12308793866140064,194983776.0,0.09220117330551147
pop_jamendo_1049715,pop,180.0,onset,0.27880942821502686,0.27880942821502686,2.0,0.26296017125302595,13679040.0,0.12940633296966553
pop_jamendo_1049715,pop,180.0,loudness,0.7074705064296722,0.7074705064296722,2.0,0.3994076174634019,90042080.0,0.10129016637802124
pop_jamendo_1049715,pop,180.0,tonal_novelty,0.15789109468460083,0.15789109468460083,5.015507698059082,0.16412506206964708,237316432.0,0.15368777513504028
pop_jamendo_1049715,pop,180.0,modulation,0.2869264483451843,0.2869264483451843,6.0,0.31067735634257126,152936224.0,0.11617451906204224
pop_jamendo_1049715,pop,300.0,acoustic_novelty,0.35988402366638184,0.35988402366638184,3.5,0.12308793866140064,194983776.0,0.08343854546546936
pop_jamendo_1049715,pop,300.0,onset,0.27880942821502686,0.27880942821502686,2.0,0.26296017125302595,13679040.0,0.10885685682296753
pop_jamendo_1049715,pop,300.0,loudness,0.7074705064296722,0.7074705064296722,2.0,0.3994076174634019,90042080.0,0.11960893869400024
pop_jamendo_1049715,pop,300.0,tonal_novelty,0.15789109468460083,0.15789109468460083,5.015507698059082,0.16412506206964708,237316432.0,0.13058114051818848
pop_jamendo_1049715,pop,300.0,modulation,0.2869264483451843,0.2869264483451843,6.0,0.31067735634257126,152936224.0,0.14854764938354492
pop_jamendo_1056647,pop,180.0,acoustic_novelty,0.6446881294250488,0.6446881294250488,2.0,0.31348611311784264,156609568.0,0.0882883071899414
pop_jamendo_1056647,pop,180.0,onset,0.5784412026405334,0.5784412026405334,3.5,0.5607957060609735,207702336.0,0.18113571405410767
pop_jamendo_1056647,pop,180.0,loudness,0.45827656984329224,0.45827656984329224,3.5,0.532112556357275,228595808.0,0.15628641843795776
pop_jamendo_1056647,pop,180.0,tonal_novelty,0.20096498727798462,0.20096498727798462,7.430419921875,0.4022678286429565,2.1544071435928345,0.14080089330673218
pop_jamendo_1056647,pop,180.0,modulation,0.3021048307418823,0.3021048307418823,6.0,0.36961628293545407,12984672.0,0.1503504514694214
pop_jamendo_1056647,pop,300.0,acoustic_novelty,0.356531023979187,0.356531023979187,2.0,0.2806086079766811,162030240.0,0.12528449296951294
pop_jamendo_1056647,pop,300.0,onset,0.28727173805236816,0.28727173805236816,2.0,0.6222080421275822,105224512.0,0.1501985788345337
pop_jamendo_1056647,pop,300.0,loudness,0.531733512878418,0.531733512878418,2.0,0.7512717674280648,84299744.0,0.11268341541290283
pop_jamendo_1056647,pop,300.0,tonal_novelty,0.17470401525497437,0.17470401525497437,7.430419921875,0.3554494912897541,1.4254159927368164,0.15565991401672363
pop_jamendo_1056647,pop,300.0,modulation,0.3686355650424957,0.3686355650424957,6.0,0.39581476685735245,115764416.0,0.14982062578201294
pop_jamendo_1074604,pop,180.0,acoustic_novelty,0.1960931420326233,0.1960931420326233,2.0,0.41078654887782123,131241024.0,0.1474398970603943
pop_jamendo_1074604,pop,180.0,onset,0.32113879919052124,0.32113879919052124,2.0,0.7742036352579177,97555040.0,0.18636953830718994
pop_jamendo_1074604,pop,180.0,loudness,0.4175472855567932,0.4175472855567932,2.0,0.7752717760580593,89755712.0,0.16660690307617188
pop_jamendo_1074604,pop,180.0,tonal_novelty,0.23263901472091675,0.23263901472091675,2.043354034423828,0.397713446804284,132296032.0,0.16303443908691406
pop_jamendo_1074604,pop,180.0,modulation,0.2871372103691101,0.2871372103691101,6.0,0.3965141657554838,41058304.0,0.09080225229263306
pop_jamendo_1074604,pop,300.0,acoustic_novelty,0.1960931420326233,0.1960931420326233,2.0,0.41078654887782123,131241024.0,0.13410896062850952
pop_jamendo_1074604,pop,300.0,onset,0.32113879919052124,0.32113879919052124,2.0,0.7742036352579177,97555040.0,0.20359867811203003
pop_jamendo_1074604,pop,300.0,loudness,0.4175472855567932,0.4175472855567932,2.0,0.7752717760580593,89755712.0,0.1540294885635376
pop_jamendo_1074604,pop,300.0,tonal_novelty,0.23263901472091675,0.23263901472091675,2.043354034423828,0.397713446804284,132296032.0,0.14348220825195312
pop_jamendo_1074604,pop,300.0,modulation,0.2871372103691101,0.2871372103691101,6.0,0.3965141657554838,41058304.0,0.1395168900489807
pop_jamendo_1078317,pop,180.0,acoustic_novelty,0.1867467164993286,0.1867467164993286,7.0,0.2183460912657029,261531776.0,0.1462801694869995
pop_jamendo_1078317,pop,180.0,onset,0.17091777920722961,0.17091777920722961,3.0,0.978908063981557,205524320.0,0.17597496509552002
pop_jamendo_1078317,pop,180.0,loudness,0.2490251660346985,0.2951143980026245,5.0,0.6880435496674877,288441536.0,0.10927575826644897
pop_jamendo_1078317,pop,180.0,tonal_novelty,0.17296725511550903,0.1920466423034668,10.73923110961914,0.1551691891547052,0.22892582416534424,0.17224794626235962
pop_jamendo_1078317,pop,180.0,modulation,0.1631590723991394,0.1631590723991394,10.0,0.14633556037558876,122278080.0,0.15831518173217773
pop_jamendo_1078317,pop,300.0,acoustic_novelty,0.19500470161437988,0.19500470161437988,7.0,0.19598202674952725,115120992.0,0.1386178731918335
pop_jamendo_1078317,pop,300.0,onset,0.12816721200942993,0.12816721200942993,3.0,0.8423743985439743,170620256.0,0.15223902463912964
pop_jamendo_1078317,pop,300.0,loudness,0.17228549718856812,0.17228549718856812,2.0,0.7241231340333006,95426816.0,0.16889315843582153
pop_jamendo_1078317,pop,300.0,tonal_novelty,0.16031870245933533,0.16031870245933533,3.436553955078125,0.1954587056659243,244706160.0,0.11683648824691772
pop_jamendo_1078317,pop,300.0,modulation,0.15059924125671387,0.15059924125671387,8.0,0.23840392848086678,24442400.0,0.15187418460845947
pop_mtg_0331507,pop,180.0,acoustic_novelty,0.17900967597961426,0.17900967597961426,2.5,0.21465169815758153,71109792.0,0.17328989505767822
pop_mtg_0331507,pop,180.0,onset,0.41695114970207214,0.41695114970207214,2.0,0.7492259318519837,93635456.0,0.18423449993133545
pop_mtg_0331507,pop,180.0,loudness,0.20090511441230774,0.20090511441230774,2.0,0.7368196572676524,158268928.0,0.16101258993148804
pop_mtg_0331507,pop,180.0,tonal_novelty,0.156541109085083,0.156541109085083,9.4737548828125,0.4773294619570732,0.9877551794052124,0.15825653076171875
pop_mtg_0331507,pop,180.0,modulation,0.14545407891273499,0.14545407891273499,6.0,0.30505362021991306,71572704.0,0.1437252163887024
pop_mtg_0331507,pop,300.0,acoustic_novelty,0.24158143997192383,0.24158143997192383,2.5,0.24696315746438433,121096160.0,0.12436103820800781
pop_mtg_0331507,pop,300.0,onset,0.43706512451171875,0.43706512451171875,2.0,0.5024768495706827,81288224.0,0.16800552606582642
pop_mtg_0331507,pop,300.0,loudness,0.17079642415046692,0.17079642415046692,2.0,0.5281446348157192,153643936.0,0.0878133475780487
pop_mtg_0331507,pop,300.0,tonal_novelty,0.09663242101669312,0.09663242101669312,9.4737548828125,0.37529759752891234,1.7967798709869385,0.1460871696472168
pop_mtg_0331507,pop,300.0,modulation,0.5417867600917816,0.5417867600917816,6.0,0.1468537136520667,104508640.0,0.09654790163040161
pop_mtg_1088382,pop,180.0,acoustic_novelty,0.1283147931098938,0.1283147931098938,4.5,0.116414520330493,215183280.0,0.11335498094558716
pop_mtg_1088382,pop,180.0,onset,0.1630789041519165,0.1630789041519165,2.0,0.37248478540939367,164281472.0,0.16217666864395142
pop_mtg_1088382,pop,180.0,loudness,0.18616646528244019,0.18616646528244019,2.0,0.5936200180706348,14946176.0,0.14734125137329102
pop_mtg_1088382,pop,180.0,tonal_novelty,0.1909940242767334,0.1909940242767334,8.272075653076172,0.3662894018048795,0.7227797508239746,0.15593385696411133
pop_mtg_1088382,pop,180.0,modulation,0.10819888114929199,0.10819888114929199,10.0,0.2146880449225047,59073952.0,0.14538705348968506
pop_mtg_1088382,pop,300.0,acoustic_novelty,0.14445751905441284,0.18412721157073975,9.5,0.18225142101310568,0.5421842932701111,0.11443865299224854
pop_mtg_1088382,pop,300.0,onset,0.2566937208175659,0.2566937208175659,2.0,0.6189851929484382,96076448.0,0.20077532529830933
pop_mtg_1088382,pop,300.0,loudness,0.16180828213691711,0.16180828213691711,2.0,0.664828071784302,7398976.0,0.15119606256484985
pop_mtg_1088382,pop,300.0,tonal_novelty,0.20978349447250366,0.20978349447250366,2.18267822265625,0.33661938453869333,131709248.0,0.14833611249923706
pop_mtg_1088382,pop,300.0,modulation,0.1494821310043335,0.1494821310043335,6.0,0.3398700678930363,0.0,0.1682140827178955
pop_mtg_1416335,pop,180.0,acoustic_novelty,0.20409291982650757,0.22158563137054443,17.5,0.4319197186558408,0.3873665928840637,0.16164427995681763
pop_mtg_1416335,pop,180.0,onset,0.12650445103645325,0.12650445103645325,2.0,0.43374919362800846,105743136.0,0.10699892044067383
pop_mtg_1416335,pop,180.0,loudness,0.330346018075943,0.330346018075943,2.0,0.5696742642464241,39157536.0,0.10602271556854248
pop_mtg_1416335,pop,180.0,tonal_novelty,0.13978439569473267,0.14731597900390625,17.46142578125,0.495753118204745,0.29712235927581787,0.1425604224205017
pop_mtg_1416335,pop,180.0,modulation,0.5491095781326294,0.5491095781326294,6.0,0.31428679135185766,102085408.0,0.2619965076446533
pop_mtg_1416335,pop,300.0,acoustic_novelty,0.20409291982650757,0.22158563137054443,17.5,0.4319197186558408,0.3873665928840637,0.16893476247787476
pop_mtg_1416335,pop,300.0,onset,0.12650445103645325,0.12650445103645325,2.0,0.43374919362800846,105743136.0,0.09910142421722412
pop_mtg_1416335,pop,300.0,loudness,0.330346018075943,0.330346018075943,2.0,0.5696742642464241,39157536.0,0.09876275062561035
pop_mtg_1416335,pop,300.0,tonal_novelty,0.13978439569473267,0.14731597900390625,17.46142578125,0.495753118204745,0.29712235927581787,0.15565502643585205
pop_mtg_1416335,pop,300.0,modulation,0.5491095781326294,0.5491095781326294,6.0,0.31428679135185766,102085408.0,0.20388424396514893
