track,group,scale,name,path_h1,path_h1_q25,path_h1_mean,period,lag_peak
classical_musicnet_1729,classical,180.0,acoustic_2s,0.41147429146099657,0.4200482086088529,0.4303228860449927,9,0.10133741894425996
classical_musicnet_1729,classical,180.0,rhythm_2s,0.32470352040269346,0.3728860065960959,0.4076606994874864,9,0.24666835056691894
classical_musicnet_1729,classical,180.0,chroma_4beat,0.3561652898788452,0.35672420263290405,0.36550188064575195,8,0.023139536380767822
classical_musicnet_1729,classical,300.0,acoustic_2s,0.37572020642086257,0.4119073315239468,0.42426735831372187,9,0.1378083935130403
classical_musicnet_1729,classical,300.0,rhythm_2s,0.3176522705156455,0.39313212519326,0.41546400628470265,9,0.1267155958660644
classical_musicnet_1729,classical,300.0,chroma_4beat,0.3628869950771332,0.36444124579429626,0.3696173429489136,8,0.01402956247329712
classical_musicnet_1763,classical,180.0,acoustic_2s,0.32771402831097174,0.3603594455687247,0.38258167514133073,8,0.1803896917383847
classical_musicnet_1763,classical,180.0,rhythm_2s,0.3246852547745222,0.35545397127077993,0.37183774099991745,11,0.06072092250279648
classical_musicnet_1763,classical,180.0,chroma_4beat,0.361055463552475,0.3620114326477051,0.3737953305244446,9,0.01335233449935913
classical_musicnet_1763,classical,300.0,acoustic_2s,0.35811233051001484,0.3639042549058005,0.39239946471696807,30,0.1728250910739526
classical_musicnet_1763,classical,300.0,rhythm_2s,0.36753262569985007,0.3734972657109871,0.3933070527952306,8,0.14814937567627928
classical_musicnet_1763,classical,300.0,chroma_4beat,0.3680732846260071,0.3701138496398926,0.37564224004745483,24,0.010315477848052979
classical_musicnet_1817,classical,180.0,acoustic_2s,0.3304954383819713,0.34510805707932324,0.3752847635500862,22,0.07817405891170326
classical_musicnet_1817,classical,180.0,rhythm_2s,0.3202969017992433,0.3574112874698605,0.3783172886599468,17,0.14556126414977077
classical_musicnet_1817,classical,180.0,chroma_4beat,0.35747024416923523,0.35772544145584106,0.36543965339660645,14,0.018399178981781006
classical_musicnet_1817,classical,300.0,acoustic_2s,0.35658853212205,0.37160938778653174,0.38536492563078384,23,0.10245310924461604
classical_musicnet_1817,classical,300.0,rhythm_2s,0.3723582446326951,0.3728998003818849,0.38449254515631315,14,0.1306051177808918
classical_musicnet_1817,classical,300.0,chroma_4beat,0.3717799782752991,0.37354016304016113,0.3798601031303406,15,0.016434192657470703
classical_musicnet_1873,classical,180.0,acoustic_2s,0.31904147808117855,0.32877128673609796,0.3584434959534759,12,0.08792995852391394
classical_musicnet_1873,classical,180.0,rhythm_2s,0.3303013260219628,0.35597834668583994,0.37682075278165744,19,0.09189509188497036
classical_musicnet_1873,classical,180.0,chroma_4beat,0.3518156111240387,0.35422372817993164,0.364480197429657,21,0.00581204891204834
classical_musicnet_1873,classical,300.0,acoustic_2s,0.3378074809715424,0.35400727183038294,0.36971548194371096,12,0.12980462268712456
classical_musicnet_1873,classical,300.0,rhythm_2s,0.33280136477955086,0.35416220414075705,0.365006354665554,23,0.05330396224869771
classical_musicnet_1873,classical,300.0,chroma_4beat,0.35035720467567444,0.3619822859764099,0.36757391691207886,14,0.01148611307144165
classical_musicnet_2150,classical,180.0,acoustic_2s,0.36233339077651927,0.37632067133293834,0.3945754135926386,10,0.08187682814077935
classical_musicnet_2150,classical,180.0,rhythm_2s,0.38975949834913237,0.41618914718841127,0.43632863331057437,8,0.2273409438047327
classical_musicnet_2150,classical,180.0,chroma_4beat,0.35096779465675354,0.3571138381958008,0.3684120178222656,8,0.02409607172012329
classical_musicnet_2150,classical,300.0,acoustic_2s,0.3760662122684144,0.38811519856346194,0.3989379201824803,8,0.06587063518809999
classical_musicnet_2150,classical,300.0,rhythm_2s,0.40231598068674823,0.4118046730110426,0.43043236890161496,9,0.16649193702931142
classical_musicnet_2150,classical,300.0,chroma_4beat,0.3613920211791992,0.36409682035446167,0.37501782178878784,10,0.02133423089981079
classical_musicnet_2168,classical,180.0,acoustic_2s,0.3514560405954521,0.37609851585332904,0.38163042265087077,16,0.023388382056756418
classical_musicnet_2168,classical,180.0,rhythm_2s,0.3223760392314291,0.3512536510816294,0.3700570146128914,16,0.102836708786338
classical_musicnet_2168,classical,180.0,chroma_4beat,0.35809972882270813,0.3593007028102875,0.3685976564884186,21,0.013524949550628662
classical_musicnet_2168,classical,300.0,acoustic_2s,0.3573775922567958,0.37603018703348867,0.39455858672975974,10,0.09278131366860887
classical_musicnet_2168,classical,300.0,rhythm_2s,0.2878291073851446,0.32598349024034706,0.3513602788622172,32,0.07875193435163608
classical_musicnet_2168,classical,300.0,chroma_4beat,0.36763033270835876,0.3690224587917328,0.37071913480758667,18,0.007707118988037109
classical_musicnet_2180,classical,180.0,acoustic_2s,0.3146992500970708,0.31730363793099226,0.3468825222985419,9,0.08728359445515088
classical_musicnet_2180,classical,180.0,rhythm_2s,0.3031097478542821,0.3343063286258042,0.341936621413714,20,0.08604700591984127
classical_musicnet_2180,classical,180.0,chroma_4beat,0.3542492389678955,0.3633594810962677,0.36911672353744507,21,0.020737290382385254
classical_musicnet_2180,classical,300.0,acoustic_2s,0.3605984273229084,0.36994489469956005,0.3836848303118542,11,0.05127682527586952
classical_musicnet_2180,classical,300.0,rhythm_2s,0.3636139757972609,0.3756400407247179,0.3888510205473298,10,0.06181193582334954
classical_musicnet_2180,classical,300.0,chroma_4beat,0.35141241550445557,0.3596598505973816,0.3638252317905426,15,0.01364278793334961
classical_musicnet_2194,classical,180.0,acoustic_2s,0.2186706587431029,0.2661659415563895,0.3561587849737453,10,0.0917048831576408
classical_musicnet_2194,classical,180.0,rhythm_2s,0.21400645127036455,0.3360784771727422,0.3823424491824273,11,0.027364768626365166
classical_musicnet_2194,classical,180.0,chroma_4beat,0.34857845306396484,0.3505207300186157,0.36467254161834717,8,0.016049683094024658
classical_musicnet_2194,classical,300.0,acoustic_2s,0.2186706587431029,0.2661659415563895,0.3561587849737453,10,0.0917048831576408
classical_musicnet_2194,classical,300.0,rhythm_2s,0.21400645127036455,0.3360784771727422,0.3823424491824273,11,0.027364768626365166
classical_musicnet_2194,classical,300.0,chroma_4beat,0.34857845306396484,0.3505207300186157,0.36467254161834717,8,0.016049683094024658
classical_musicnet_2209,classical,180.0,acoustic_2s,0.362640702502636,0.37381608021982116,0.3949146024126481,9,0.08475764953019604
classical_musicnet_2209,classical,180.0,rhythm_2s,0.43043973869973917,0.4682534778609444,0.47957996057514746,8,0.23861050533436345
classical_musicnet_2209,classical,180.0,chroma_4beat,0.35360002517700195,0.357867032289505,0.36693131923675537,11,0.0032706260681152344
classical_musicnet_2209,classical,300.0,acoustic_2s,0.362640702502636,0.37381608021982116,0.3949146024126481,9,0.08475764953019604
classical_musicnet_2209,classical,300.0,rhythm_2s,0.43043973869973917,0.4682534778609444,0.47957996057514746,8,0.23861050533436345
classical_musicnet_2209,classical,300.0,chroma_4beat,0.35360002517700195,0.357867032289505,0.36693131923675537,11,0.0032706260681152344
classical_musicnet_2214,classical,180.0,acoustic_2s,0.3380928145516592,0.3534248898666029,0.3678677790069166,9,0.08160527599582346
classical_musicnet_2214,classical,180.0,rhythm_2s,0.32270738292928114,0.38248649945514523,0.40609713479987536,9,0.11552906362799964
classical_musicnet_2214,classical,180.0,chroma_4beat,0.35724541544914246,0.35745882987976074,0.37098073959350586,8,0.007883310317993164
classical_musicnet_2214,classical,300.0,acoustic_2s,0.3380928145516592,0.3534248898666029,0.3678677790069166,9,0.08160527599582346
classical_musicnet_2214,classical,300.0,rhythm_2s,0.32270738292928114,0.38248649945514523,0.40609713479987536,9,0.11552906362799964
classical_musicnet_2214,classical,300.0,chroma_4beat,0.35724541544914246,0.35745882987976074,0.37098073959350586,8,0.007883310317993164
classical_musicnet_2247,classical,180.0,acoustic_2s,0.2524269085649664,0.2527651407731488,0.3378905020022501,10,0.01188423116831383
classical_musicnet_2247,classical,180.0,rhythm_2s,0.1369874336544312,0.2797300675077083,0.3373227891277029,10,0.01098964323524576
classical_musicnet_2247,classical,180.0,chroma_4beat,0.3521888852119446,0.3523314595222473,0.3624000549316406,10,0.011292338371276855
classical_musicnet_2247,classical,300.0,acoustic_2s,0.2524269085649664,0.2527651407731488,0.3378905020022501,10,0.01188423116831383
classical_musicnet_2247,classical,300.0,rhythm_2s,0.1369874336544312,0.2797300675077083,0.3373227891277029,10,0.01098964323524576
classical_musicnet_2247,classical,300.0,chroma_4beat,0.3521888852119446,0.3523314595222473,0.3624000549316406,10,0.011292338371276855
classical_musicnet_2248,classical,180.0,acoustic_2s,0.27868119594406016,0.2809082166321259,0.3563846204621689,10,0.03399391998809809
classical_musicnet_2248,classical,180.0,rhythm_2s,0.31502622859055734,0.32053583580185024,0.4136250249649596,9,0.10535093688740693
classical_musicnet_2248,classical,180.0,chroma_4beat,0.3321087062358856,0.34468773007392883,0.3595300316810608,15,0.01259702444076538
classical_musicnet_2248,classical,300.0,acoustic_2s,0.27868119594406016,0.2809082166321259,0.3563846204621689,10,0.03399391998809809
classical_musicnet_2248,classical,300.0,rhythm_2s,0.31502622859055734,0.32053583580185024,0.4136250249649596,9,0.10535093688740693
classical_musicnet_2248,classical,300.0,chroma_4beat,0.3321087062358856,0.34468773007392883,0.3595300316810608,15,0.01259702444076538
classical_musicnet_2282,classical,180.0,acoustic_2s,0.2603428556409579,0.32950019732343616,0.35253369494154585,16,0.05829836379723874
classical_musicnet_2282,classical,180.0,rhythm_2s,0.3699667736071657,0.3832686492087575,0.3942846762823061,22,0.11770502112292003
classical_musicnet_2282,classical,180.0,chroma_4beat,0.32872068881988525,0.35829252004623413,0.3652797043323517,8,0.013151109218597412
classical_musicnet_2282,classical,300.0,acoustic_2s,0.36484123243510147,0.3666067670501017,0.3859216752312722,18,0.06138519898217676
classical_musicnet_2282,classical,300.0,rhythm_2s,0.37438889280372456,0.38620718529523634,0.4038476685621173,8,0.09289190699910166
classical_musicnet_2282,classical,300.0,chroma_4beat,0.34735730290412903,0.352675199508667,0.377003014087677,18,0.013587117195129395
classical_musicnet_2284,classical,180.0,acoustic_2s,0.3699207085982822,0.38162640044657936,0.3867322537380093,14,0.10004258346430839
classical_musicnet_2284,classical,180.0,rhythm_2s,0.31754674596721516,0.32792668865221086,0.3647602439756399,14,0.08264175129440354
classical_musicnet_2284,classical,180.0,chroma_4beat,0.3641771376132965,0.3671806752681732,0.37415212392807007,16,0.015412867069244385
classical_musicnet_2284,classical,300.0,acoustic_2s,0.32730910553351505,0.34356960355974014,0.362852484114135,13,0.04501283420963498
classical_musicnet_2284,classical,300.0,rhythm_2s,0.2872144621427098,0.3019762992272318,0.34443857620267926,17,0.10995666019898032
classical_musicnet_2284,classical,300.0,chroma_4beat,0.3585543632507324,0.36225980520248413,0.3684459626674652,14,0.016927003860473633
classical_musopen_0ddcc98bc949,classical,180.0,acoustic_2s,0.35488090893297414,0.37509431253811215,0.4303035141630485,12,0.3610214749746161
classical_musopen_0ddcc98bc949,classical,180.0,rhythm_2s,0.38325013280720677,0.38349689690076944,0.42897044974372944,12,0.5986147239733207
classical_musopen_0ddcc98bc949,classical,180.0,chroma_4beat,0.35506671667099,0.35732540488243103,0.3642251491546631,13,0.014715075492858887
classical_musopen_0ddcc98bc949,classical,300.0,acoustic_2s,0.35488090893297414,0.37509431253811215,0.4303035141630485,12,0.3610214749746161
classical_musopen_0ddcc98bc949,classical,300.0,rhythm_2s,0.38325013280720677,0.38349689690076944,0.42897044974372944,12,0.5986147239733207
classical_musopen_0ddcc98bc949,classical,300.0,chroma_4beat,0.35506671667099,0.35732540488243103,0.3642251491546631,13,0.014715075492858887
classical_musopen_208080de49cd,classical,180.0,acoustic_2s,0.3282707261306365,0.3405912697990376,0.36969365692602435,12,0.06522519835000429
classical_musopen_208080de49cd,classical,180.0,rhythm_2s,0.3000837105581095,0.30271588437363967,0.3431793595686266,12,0.06780500694735614
classical_musopen_208080de49cd,classical,180.0,chroma_4beat,0.36075103282928467,0.36316874623298645,0.366308331489563,16,0.016468822956085205
classical_musopen_208080de49cd,classical,300.0,acoustic_2s,0.32207381720755507,0.3348346057795066,0.363908688802619,8,0.09507309070323733
classical_musopen_208080de49cd,classical,300.0,rhythm_2s,0.3776372892314052,0.390122364384829,0.41454191936482077,9,0.16077079737189726
classical_musopen_208080de49cd,classical,300.0,chroma_4beat,0.36403408646583557,0.3650527596473694,0.3702191710472107,17,0.016485989093780518
classical_musopen_25c64baa9139,classical,180.0,acoustic_2s,0.32121749675442696,0.3320106768225309,0.3526030794524365,8,0.03763022363707269
classical_musopen_25c64baa9139,classical,180.0,rhythm_2s,0.2889170760503122,0.3239310223628047,0.3526942372252152,21,0.1278222878142634
classical_musopen_25c64baa9139,classical,180.0,chroma_4beat,0.35166823863983154,0.3559175133705139,0.36276471614837646,22,0.01678568124771118
classical_musopen_25c64baa9139,classical,300.0,acoustic_2s,0.3712366344822219,0.3852728934068716,0.40294515937620734,24,0.1314592236659653
classical_musopen_25c64baa9139,classical,300.0,rhythm_2s,0.36159975779013454,0.37978984788376646,0.3840749635017538,25,0.11791411163838261
classical_musopen_25c64baa9139,classical,300.0,chroma_4beat,0.34764528274536133,0.3497368097305298,0.36171239614486694,19,0.019786059856414795
classical_musopen_4832911d08b7,classical,180.0,acoustic_2s,0.358763470564374,0.4276883236646451,0.4646085250491727,14,0.5510125559785706
classical_musopen_4832911d08b7,classical,180.0,rhythm_2s,0.4076605364832551,0.43931520756678594,0.46804650824035277,14,0.346675867853266
classical_musopen_4832911d08b7,classical,180.0,chroma_4beat,0.3771314322948456,0.3827785551548004,0.3908786177635193,16,0.02944701910018921
classical_musopen_4832911d08b7,classical,300.0,acoustic_2s,0.358763470564374,0.4276883236646451,0.4646085250491727,14,0.5510125559785706
classical_musopen_4832911d08b7,classical,300.0,rhythm_2s,0.4076605364832551,0.43931520756678594,0.46804650824035277,14,0.346675867853266
classical_musopen_4832911d08b7,classical,300.0,chroma_4beat,0.3771314322948456,0.3827785551548004,0.3908786177635193,16,0.02944701910018921
classical_musopen_5b78471c4c9d,classical,180.0,acoustic_2s,0.3718248072101851,0.5129292492057475,0.5302927382681677,14,0.6347081681465647
classical_musopen_5b78471c4c9d,classical,180.0,rhythm_2s,0.2649215083997505,0.34937990876558095,0.3802147344798278,14,0.2479631017531736
classical_musopen_5b78471c4c9d,classical,180.0,chroma_4beat,0.3491319417953491,0.3520408570766449,0.3646498918533325,10,0.005810439586639404
classical_musopen_5b78471c4c9d,classical,300.0,acoustic_2s,0.3718248072101851,0.5129292492057475,0.5302927382681677,14,0.6347081681465647
classical_musopen_5b78471c4c9d,classical,300.0,rhythm_2s,0.2649215083997505,0.34937990876558095,0.3802147344798278,14,0.2479631017531736
classical_musopen_5b78471c4c9d,classical,300.0,chroma_4beat,0.3491319417953491,0.3520408570766449,0.3646498918533325,10,0.005810439586639404
classical_musopen_5f1728c240a1,classical,180.0,acoustic_2s,0.3491103596837423,0.35530719089792984,0.36493447130096157,11,0.08105728267148504
classical_musopen_5f1728c240a1,classical,180.0,rhythm_2s,0.34517140918079303,0.3562991643471212,0.3763993133947623,11,0.05761314033414866
classical_musopen_5f1728c240a1,classical,180.0,chroma_4beat,0.3591929078102112,0.36068129539489746,0.37838518619537354,21,0.017072618007659912
classical_musopen_5f1728c240a1,classical,300.0,acoustic_2s,0.32089190095911085,0.3507102469328978,0.3705637823947563,8,0.10899014866892842
classical_musopen_5f1728c240a1,classical,300.0,rhythm_2s,0.362917133095399,0.38727045395117604,0.3910286791979367,11,0.17493508875095332
classical_musopen_5f1728c240a1,classical,300.0,chroma_4beat,0.3481673300266266,0.3650732636451721,0.3706883490085602,21,0.010361671447753906
classical_musopen_6911e41c184d,classical,180.0,acoustic_2s,0.35232825535597967,0.41475011635737774,0.4542486864794605,9,0.07041303285978606
classical_musopen_6911e41c184d,classical,180.0,rhythm_2s,0.32050194334709653,0.3647585038993325,0.4000162460788717,8,0.05309980291451111
classical_musopen_6911e41c184d,classical,180.0,chroma_4beat,0.3631341755390167,0.376691997051239,0.3897576928138733,12,0.04736822843551636
classical_musopen_6911e41c184d,classical,300.0,acoustic_2s,0.35232825535597967,0.41475011635737774,0.4542486864794605,9,0.07041303285978606
classical_musopen_6911e41c184d,classical,300.0,rhythm_2s,0.32050194334709653,0.3647585038993325,0.4000162460788717,8,0.05309980291451111
classical_musopen_6911e41c184d,classical,300.0,chroma_4beat,0.3631341755390167,0.376691997051239,0.3897576928138733,12,0.04736822843551636
classical_musopen_9d607b626772,classical,180.0,acoustic_2s,0.23274552774092414,0.29498394035972897,0.33860734903170775,22,0.11872893666064366
classical_musopen_9d607b626772,classical,180.0,rhythm_2s,0.2621581600690404,0.2977041948094009,0.33877318032130055,22,0.0973051035066772
classical_musopen_9d607b626772,classical,180.0,chroma_4beat,0.3273671567440033,0.34609323740005493,0.35597485303878784,18,0.01580345630645752
classical_musopen_9d607b626772,classical,300.0,acoustic_2s,0.37248554827824637,0.3745183693307649,0.3862626340282299,8,0.18336171890797903
classical_musopen_9d607b626772,classical,300.0,rhythm_2s,0.3705001780755484,0.38152989274627747,0.4028178969139923,8,0.18426442010938526
classical_musopen_9d607b626772,classical,300.0,chroma_4beat,0.3484603762626648,0.3546048402786255,0.36605775356292725,8,0.009817719459533691
classical_musopen_d3fcd3c28c74,classical,180.0,acoustic_2s,0.35690764778227113,0.3600025995728999,0.38148701562043286,11,0.15698200642501048
classical_musopen_d3fcd3c28c74,classical,180.0,rhythm_2s,0.28918199706565384,0.324327899488701,0.3750766279728206,14,0.07706922142483874
classical_musopen_d3fcd3c28c74,classical,180.0,chroma_4beat,0.3579908311367035,0.3656318187713623,0.36962178349494934,21,0.011541783809661865
classical_musopen_d3fcd3c28c74,classical,300.0,acoustic_2s,0.3234942284279987,0.3429713641418483,0.36018545526442025,15,0.11989079883354359
classical_musopen_d3fcd3c28c74,classical,300.0,rhythm_2s,0.33912766664076394,0.3608400559362005,0.3787209433723747,11,0.10415362921490923
classical_musopen_d3fcd3c28c74,classical,300.0,chroma_4beat,0.3570702373981476,0.36224326491355896,0.3654175400733948,14,0.013118326663970947
classical_musopen_d80a81db9e9a,classical,180.0,acoustic_2s,0.33433593589187033,0.3620858964015202,0.41346468965841,22,0.18491053129705737
classical_musopen_d80a81db9e9a,classical,180.0,rhythm_2s,0.34344887617426895,0.37451609065936986,0.3918663527917577,22,0.21083185465562138
classical_musopen_d80a81db9e9a,classical,180.0,chroma_4beat,0.33051958680152893,0.369011789560318,0.37092486023902893,12,0.019551873207092285
classical_musopen_d80a81db9e9a,classical,300.0,acoustic_2s,0.3313129255630243,0.38542488615344717,0.42637458807304174,23,0.26077945262315416
classical_musopen_d80a81db9e9a,classical,300.0,rhythm_2s,0.3866544584564668,0.39846314431000274,0.4099459932815456,10,0.13018495584808698
classical_musopen_d80a81db9e9a,classical,300.0,chroma_4beat,0.3631014823913574,0.36901065707206726,0.3793370723724365,25,0.027534067630767822
focus_brainfm_04c480937ba9,focus,180.0,acoustic_2s,0.4034932171140714,0.4102795548420843,0.41756975790331263,14,0.21575481729593649
focus_brainfm_04c480937ba9,focus,180.0,rhythm_2s,0.35832176673042143,0.38422238416806836,0.3977402467560413,9,0.13876238742908442
focus_brainfm_04c480937ba9,focus,180.0,chroma_4beat,0.3579690456390381,0.3634599447250366,0.3788754343986511,15,0.013507306575775146
focus_brainfm_04c480937ba9,focus,300.0,acoustic_2s,0.41242891980824603,0.41325483869492896,0.4266309533361663,14,0.10197438426580496
focus_brainfm_04c480937ba9,focus,300.0,rhythm_2s,0.3938713672812097,0.4024504296548706,0.41402735273958646,9,0.14746145481488449
focus_brainfm_04c480937ba9,focus,300.0,chroma_4beat,0.3651735484600067,0.3693076968193054,0.3805273771286011,12,0.03521662950515747
focus_brainfm_103f135c5e1c,focus,180.0,acoustic_2s,0.36504263396259784,0.36835281918680574,0.3796105208152207,8,0.1721646499577867
focus_brainfm_103f135c5e1c,focus,180.0,rhythm_2s,0.3511359057802269,0.37383846143745747,0.388506514997729,9,0.09868945889286596
focus_brainfm_103f135c5e1c,focus,180.0,chroma_4beat,0.35530194640159607,0.35998934507369995,0.38058900833129883,8,0.1007264256477356
focus_brainfm_103f135c5e1c,focus,300.0,acoustic_2s,0.4022012939038049,0.40645816329704576,0.4126679152764422,8,0.20177171521862847
focus_brainfm_103f135c5e1c,focus,300.0,rhythm_2s,0.3359856176602981,0.3641700102605327,0.3872684907377346,24,0.154372273565216
focus_brainfm_103f135c5e1c,focus,300.0,chroma_4beat,0.35964322090148926,0.3764761984348297,0.38994139432907104,8,0.11536252498626709
focus_brainfm_1149181b1db8,focus,180.0,acoustic_2s,0.3327972181685678,0.3440695435978657,0.3873510150783259,9,0.24228815504172707
focus_brainfm_1149181b1db8,focus,180.0,rhythm_2s,0.3164560212372104,0.35102230868943995,0.3801880346988157,9,0.30964412946504816
focus_brainfm_1149181b1db8,focus,180.0,chroma_4beat,0.32818859815597534,0.34263649582862854,0.3872787356376648,8,0.0688353180885315
focus_brainfm_1149181b1db8,focus,300.0,acoustic_2s,0.3784488934165683,0.40582975734518095,0.4244191419837922,9,0.3014376322977952
focus_brainfm_1149181b1db8,focus,300.0,rhythm_2s,0.36638091092255837,0.3887113969241611,0.4350677007764773,9,0.3672651091130199
focus_brainfm_1149181b1db8,focus,300.0,chroma_4beat,0.3580712378025055,0.3641793131828308,0.3995106816291809,8,0.07110482454299927
focus_brainfm_17ebf83a164b,focus,180.0,acoustic_2s,0.4762047966230202,0.48974767938681824,0.4961051936861033,11,0.3061635584213216
focus_brainfm_17ebf83a164b,focus,180.0,rhythm_2s,0.4325990977176687,0.45416462690476217,0.46722532247809134,8,0.26714940086654515
focus_brainfm_17ebf83a164b,focus,180.0,chroma_4beat,0.32890528440475464,0.3366782069206238,0.3603943884372711,16,0.02410486340522766
focus_brainfm_17ebf83a164b,focus,300.0,acoustic_2s,0.4726864230834458,0.49160130653340706,0.49693473635376195,11,0.4589294891492417
focus_brainfm_17ebf83a164b,focus,300.0,rhythm_2s,0.4179696124397314,0.43241730723623306,0.45591280665218115,8,0.5348259745142647
focus_brainfm_17ebf83a164b,focus,300.0,chroma_4beat,0.36320972442626953,0.36342817544937134,0.37395673990249634,8,0.017037689685821533
focus_brainfm_1bc6037aa4b4,focus,180.0,acoustic_2s,0.39650271143858296,0.4130480358541353,0.4239401383634722,11,0.08268398243661146
focus_brainfm_1bc6037aa4b4,focus,180.0,rhythm_2s,0.3870392698046379,0.41413270151132564,0.4279366833561554,10,0.3371054986682003
focus_brainfm_1bc6037aa4b4,focus,180.0,chroma_4beat,0.3447311222553253,0.3655860722064972,0.370575487613678,14,0.015409231185913086
focus_brainfm_1bc6037aa4b4,focus,300.0,acoustic_2s,0.4759159617283564,0.4923099840164782,0.5062808375224324,12,0.26545943868180377
focus_brainfm_1bc6037aa4b4,focus,300.0,rhythm_2s,0.47547817219382144,0.47805486709872125,0.49763456272616735,15,0.4953051275466904
focus_brainfm_1bc6037aa4b4,focus,300.0,chroma_4beat,0.35526061058044434,0.37166309356689453,0.3742469847202301,8,0.01509559154510498
focus_brainfm_20a78cdf11cf,focus,180.0,acoustic_2s,0.5104860149154112,0.5307616282932486,0.549898769320872,11,0.360589259043137
focus_brainfm_20a78cdf11cf,focus,180.0,rhythm_2s,0.4283946575529959,0.5071050766706999,0.5500654491181398,8,0.48628254095172074
focus_brainfm_20a78cdf11cf,focus,180.0,chroma_4beat,0.34193411469459534,0.3472655117511749,0.361747682094574,8,0.09167730808258057
focus_brainfm_20a78cdf11cf,focus,300.0,acoustic_2s,0.4797263485060171,0.5086386683143778,0.5103971505272928,11,0.36088108382222617
focus_brainfm_20a78cdf11cf,focus,300.0,rhythm_2s,0.5239625598773181,0.5452871842260574,0.5856608874781197,8,0.5144730084872629
focus_brainfm_20a78cdf11cf,focus,300.0,chroma_4beat,0.3398413062095642,0.35611626505851746,0.3689115047454834,8,0.059568166732788086
focus_brainfm_324210fd433f,focus,180.0,acoustic_2s,0.4429720591748433,0.44689259658198366,0.45663724138340467,8,0.2190509115837308
focus_brainfm_324210fd433f,focus,180.0,rhythm_2s,0.45340103502697765,0.45987504263001766,0.5046796298402006,16,0.2470977005126993
focus_brainfm_324210fd433f,focus,180.0,chroma_4beat,0.36364036798477173,0.3720422089099884,0.3840552568435669,8,0.041692495346069336
focus_brainfm_324210fd433f,focus,300.0,acoustic_2s,0.5191722283101645,0.523088673237363,0.5368796802080915,11,0.30167015646102957
focus_brainfm_324210fd433f,focus,300.0,rhythm_2s,0.4598900352878059,0.5155025981483757,0.5333513284920997,16,0.30214656336317247
focus_brainfm_324210fd433f,focus,300.0,chroma_4beat,0.3837302625179291,0.3845732808113098,0.3893207907676697,8,0.04028385877609253
focus_brainfm_35c8a717d3c1,focus,180.0,acoustic_2s,0.3645023815147049,0.3758483613698618,0.3929177611055152,8,0.21256198278699356
focus_brainfm_35c8a717d3c1,focus,180.0,rhythm_2s,0.35230362082380323,0.3733329006870605,0.3950433666746889,11,0.2702764862918108
focus_brainfm_35c8a717d3c1,focus,180.0,chroma_4beat,0.3371410369873047,0.34413349628448486,0.369670033454895,17,0.01997309923171997
focus_brainfm_35c8a717d3c1,focus,300.0,acoustic_2s,0.35181418506273004,0.36567649327568014,0.3943404533802935,8,0.12976374024406923
focus_brainfm_35c8a717d3c1,focus,300.0,rhythm_2s,0.32192583774714545,0.37263228269762094,0.4104837326171249,30,0.30648159854018475
focus_brainfm_35c8a717d3c1,focus,300.0,chroma_4beat,0.36408549547195435,0.3750850558280945,0.39243027567863464,21,0.04893702268600464
focus_brainfm_3e6a6293cea0,focus,180.0,acoustic_2s,0.4199265155182272,0.42277720495811816,0.4543224104106294,11,0.4202226664138068
focus_brainfm_3e6a6293cea0,focus,180.0,rhythm_2s,0.36078073862492804,0.3668590730401128,0.393219495624284,15,0.15404841718125795
focus_brainfm_3e6a6293cea0,focus,180.0,chroma_4beat,0.3390633165836334,0.34199607372283936,0.3526001274585724,10,0.021328747272491455
focus_brainfm_3e6a6293cea0,focus,300.0,acoustic_2s,0.435675268862721,0.4401148812372898,0.4693771026684689,11,0.4089557812090563
focus_brainfm_3e6a6293cea0,focus,300.0,rhythm_2s,0.3188502200493074,0.35184583138151243,0.42025118777122406,22,0.28745979857655113
focus_brainfm_3e6a6293cea0,focus,300.0,chroma_4beat,0.38884294033050537,0.39431291818618774,0.41325947642326355,8,0.06920763850212097
focus_brainfm_4190db21f2d6,focus,180.0,acoustic_2s,0.4294405069138437,0.4439918843117905,0.4667872238177744,11,0.22465602096719461
focus_brainfm_4190db21f2d6,focus,180.0,rhythm_2s,0.4289931991568676,0.43211093040695897,0.44198401306321833,10,0.309608473231208
focus_brainfm_4190db21f2d6,focus,180.0,chroma_4beat,0.3808559477329254,0.3821265697479248,0.4000786542892456,16,0.06688064336776733
focus_brainfm_4190db21f2d6,focus,300.0,acoustic_2s,0.4353127777315858,0.4522782044997552,0.46421741663165017,11,0.301352664251197
focus_brainfm_4190db21f2d6,focus,300.0,rhythm_2s,0.493633320152329,0.50780996059402,0.5129341560725331,10,0.44650624193532207
focus_brainfm_4190db21f2d6,focus,300.0,chroma_4beat,0.3332517743110657,0.34095925092697144,0.3692965507507324,8,0.05186665058135986
focus_brainfm_4689167a66fb,focus,180.0,acoustic_2s,0.4443743650785573,0.4581199029453315,0.4713514579446727,11,0.3640516647951555
focus_brainfm_4689167a66fb,focus,180.0,rhythm_2s,0.49317351946938637,0.4941477456106485,0.5023143663302229,8,0.34079048192720485
focus_brainfm_4689167a66fb,focus,180.0,chroma_4beat,0.3641566336154938,0.3647252321243286,0.37632638216018677,8,0.05978250503540039
focus_brainfm_4689167a66fb,focus,300.0,acoustic_2s,0.4519143902002816,0.4562222857293607,0.4804858261963314,11,0.3807405945468624
focus_brainfm_4689167a66fb,focus,300.0,rhythm_2s,0.49384125895402975,0.5032775357570017,0.5155741484030694,8,0.2775216138445308
focus_brainfm_4689167a66fb,focus,300.0,chroma_4beat,0.35831305384635925,0.3646739721298218,0.37552058696746826,8,0.09024167060852051
focus_brainfm_4ff11d033c50,focus,180.0,acoustic_2s,0.41150452155592765,0.4422813647021705,0.4599223711170222,9,0.2996042865344195
focus_brainfm_4ff11d033c50,focus,180.0,rhythm_2s,0.39222069479715965,0.41895066338411513,0.43160596187216227,8,0.1948582833636895
focus_brainfm_4ff11d033c50,focus,180.0,chroma_4beat,0.3702211380004883,0.3753437399864197,0.3793051838874817,8,0.022380828857421875
focus_brainfm_4ff11d033c50,focus,300.0,acoustic_2s,0.4524397492429827,0.45506632343911846,0.47725277737694205,9,0.42843624425160987
focus_brainfm_4ff11d033c50,focus,300.0,rhythm_2s,0.38713261795404774,0.40663152739004,0.4228471897962714,9,0.24833369899212965
focus_brainfm_4ff11d033c50,focus,300.0,chroma_4beat,0.37404105067253113,0.3747739791870117,0.3824082314968109,8,0.02472710609436035
focus_brainfm_555c694563d4,focus,180.0,acoustic_2s,0.38746463919390584,0.4193715841830088,0.4294480281512517,22,0.1837987817270368
focus_brainfm_555c694563d4,focus,180.0,rhythm_2s,0.31308414340394347,0.4049079381736295,0.42553399845568063,15,0.3546262807689672
focus_brainfm_555c694563d4,focus,180.0,chroma_4beat,0.37910449504852295,0.38103097677230835,0.3853967785835266,16,0.06620508432388306
focus_brainfm_555c694563d4,focus,300.0,acoustic_2s,0.40054838206515114,0.428967515928444,0.4893538887566966,11,0.31457088532172917
focus_brainfm_555c694563d4,focus,300.0,rhythm_2s,0.36389799558376384,0.4291833338071976,0.46470846168668645,30,0.4186591447745981
focus_brainfm_555c694563d4,focus,300.0,chroma_4beat,0.3757464289665222,0.38549521565437317,0.3887777626514435,16,0.05545324087142944
focus_brainfm_5a2ade4b4c0b,focus,180.0,acoustic_2s,0.40190101735139716,0.44083893848871064,0.4467266555525915,11,0.2279910589430132
focus_brainfm_5a2ade4b4c0b,focus,180.0,rhythm_2s,0.23990570274683734,0.3056519415176612,0.38275000207270293,8,0.07155750945767503
focus_brainfm_5a2ade4b4c0b,focus,180.0,chroma_4beat,0.3727061152458191,0.4022505283355713,0.4103039503097534,8,0.07171830534934998
focus_brainfm_5a2ade4b4c0b,focus,300.0,acoustic_2s,0.42935438490570094,0.4365463494732694,0.4506881460249744,11,0.20333068499819795
focus_brainfm_5a2ade4b4c0b,focus,300.0,rhythm_2s,0.2662687370193782,0.3749304118153125,0.4135513946512549,8,0.09751710215468701
focus_brainfm_5a2ade4b4c0b,focus,300.0,chroma_4beat,0.359697163105011,0.36888405680656433,0.37137651443481445,8,0.058915019035339355
focus_brainfm_5c2ea7efbd03,focus,180.0,acoustic_2s,0.338773344587741,0.3804783474232242,0.39977259621618466,9,0.15707034621948934
focus_brainfm_5c2ea7efbd03,focus,180.0,rhythm_2s,0.3956359895295895,0.43106954929450936,0.4409799989135483,21,0.36325256054738875
focus_brainfm_5c2ea7efbd03,focus,180.0,chroma_4beat,0.3281697630882263,0.3486829996109009,0.3697102963924408,8,0.020688235759735107
focus_brainfm_5c2ea7efbd03,focus,300.0,acoustic_2s,0.34343118295669767,0.3807514213335137,0.3971655499290427,9,0.12132792207406795
focus_brainfm_5c2ea7efbd03,focus,300.0,rhythm_2s,0.4281237623730383,0.4315936291646303,0.46882954588735104,9,0.3388391671348474
focus_brainfm_5c2ea7efbd03,focus,300.0,chroma_4beat,0.35722100734710693,0.3665767014026642,0.3714507818222046,13,0.013178110122680664
focus_brainfm_62baf4266fb5,focus,180.0,acoustic_2s,0.41245642325589876,0.4230249435940541,0.4280289813561885,11,0.1303712027716566
focus_brainfm_62baf4266fb5,focus,180.0,rhythm_2s,0.347974431683542,0.36330458680447764,0.3961141305790888,12,0.14210362099163398
focus_brainfm_62baf4266fb5,focus,180.0,chroma_4beat,0.3563266694545746,0.3702380657196045,0.37912604212760925,24,0.01848703622817993
focus_brainfm_62baf4266fb5,focus,300.0,acoustic_2s,0.4198361416588696,0.4263450791043597,0.43539900013701077,11,0.19784531481135348
focus_brainfm_62baf4266fb5,focus,300.0,rhythm_2s,0.4061363108184899,0.41127662877888255,0.4346876162617289,12,0.23116332578988263
focus_brainfm_62baf4266fb5,focus,300.0,chroma_4beat,0.3703141212463379,0.37066274881362915,0.3814644515514374,8,0.03515005111694336
focus_brainfm_6f0100cbfb04,focus,180.0,acoustic_2s,0.4120499462629735,0.4580781071636395,0.47119763466150394,11,0.27292486781169
focus_brainfm_6f0100cbfb04,focus,180.0,rhythm_2s,0.39677188384550854,0.4178670701156717,0.42827339178791546,12,0.21061378686142607
focus_brainfm_6f0100cbfb04,focus,180.0,chroma_4beat,0.37073373794555664,0.3959600627422333,0.407900869846344,8,0.07909154891967773
focus_brainfm_6f0100cbfb04,focus,300.0,acoustic_2s,0.453237658145637,0.46105631528094887,0.4823918939631492,11,0.35766591148357263
focus_brainfm_6f0100cbfb04,focus,300.0,rhythm_2s,0.41667461147548573,0.426842044294425,0.4486238244109525,11,0.1775139701176378
focus_brainfm_6f0100cbfb04,focus,300.0,chroma_4beat,0.37541642785072327,0.38517308235168457,0.39873242378234863,8,0.06727725267410278
focus_brainfm_79ab8d88d813,focus,180.0,acoustic_2s,0.30933750372845287,0.3371542015195606,0.3740019366697118,14,0.3609483923392982
focus_brainfm_79ab8d88d813,focus,180.0,rhythm_2s,0.32790314254677655,0.3494517494029068,0.37506006123591373,11,0.16317089180719846
focus_brainfm_79ab8d88d813,focus,180.0,chroma_4beat,0.3883122503757477,0.4124628007411957,0.43000930547714233,8,0.14369100332260132
focus_brainfm_79ab8d88d813,focus,300.0,acoustic_2s,0.4084867292169103,0.4122903974189144,0.4229395110591876,14,0.36193340633584636
focus_brainfm_79ab8d88d813,focus,300.0,rhythm_2s,0.3406137394021167,0.36930123752199395,0.3868723444347089,11,0.16905800575404872
focus_brainfm_79ab8d88d813,focus,300.0,chroma_4beat,0.4157574474811554,0.4238249659538269,0.4381566047668457,8,0.15431323647499084
focus_brainfm_801b11dffc87,focus,180.0,acoustic_2s,0.3268574774994361,0.38306370877733875,0.47355666778986405,12,0.45761530826582353
focus_brainfm_801b11dffc87,focus,180.0,rhythm_2s,0.4433847643377588,0.5087833225917484,0.5250726119676548,9,0.24772065200711446
focus_brainfm_801b11dffc87,focus,180.0,chroma_4beat,0.34763550758361816,0.3658260107040405,0.3670995533466339,16,0.04915687441825867
focus_brainfm_801b11dffc87,focus,300.0,acoustic_2s,0.3423889798681689,0.42810389383073916,0.49149973585165285,12,0.4398564807646672
focus_brainfm_801b11dffc87,focus,300.0,rhythm_2s,0.5257138506874077,0.5345296326885477,0.555497413619426,9,0.3287489797936726
focus_brainfm_801b11dffc87,focus,300.0,chroma_4beat,0.3277425765991211,0.34367257356643677,0.3479480743408203,16,0.04794776439666748
focus_brainfm_812a1c5751aa,focus,180.0,acoustic_2s,0.5003985835420043,0.5014554484216763,0.508343866643863,12,0.3358483424708174
focus_brainfm_812a1c5751aa,focus,180.0,rhythm_2s,0.47043399171343503,0.4895718235492174,0.5270130029037046,12,0.6719406730476642
focus_brainfm_812a1c5751aa,focus,180.0,chroma_4beat,0.3672669231891632,0.36762577295303345,0.3865762948989868,8,0.027325153350830078
focus_brainfm_812a1c5751aa,focus,300.0,acoustic_2s,0.4504335790421635,0.45455372268776434,0.46601383932754314,12,0.30980597336333004
focus_brainfm_812a1c5751aa,focus,300.0,rhythm_2s,0.3930890819563351,0.4215816712174667,0.44985262525498204,12,0.4119177563552806
focus_brainfm_812a1c5751aa,focus,300.0,chroma_4beat,0.3590872287750244,0.3597104251384735,0.37349116802215576,8,0.049175798892974854
focus_brainfm_84124ab632f6,focus,180.0,acoustic_2s,0.35498378788146207,0.39485926795924675,0.5094526378405007,11,0.4753401654070799
focus_brainfm_84124ab632f6,focus,180.0,rhythm_2s,0.4187626369233293,0.43889071709651595,0.4549238954593195,10,0.13531519668937841
focus_brainfm_84124ab632f6,focus,180.0,chroma_4beat,0.39147278666496277,0.40839099884033203,0.4365750551223755,16,0.14571276307106018
focus_brainfm_84124ab632f6,focus,300.0,acoustic_2s,0.3599830123140116,0.431077605228864,0.5194693225926303,11,0.34603000954668517
focus_brainfm_84124ab632f6,focus,300.0,rhythm_2s,0.4939150237863736,0.5221711931455753,0.5410311785681814,10,0.6002534355902729
focus_brainfm_84124ab632f6,focus,300.0,chroma_4beat,0.3810696601867676,0.3891265392303467,0.39710134267807007,16,0.045358896255493164
focus_brainfm_8618697fc2f4,focus,180.0,acoustic_2s,0.3632607151225654,0.4041177625241231,0.4337733970337113,11,0.18025705560612115
focus_brainfm_8618697fc2f4,focus,180.0,rhythm_2s,0.36076060340001204,0.3942636866587569,0.4586911709462068,18,0.4420793898488288
focus_brainfm_8618697fc2f4,focus,180.0,chroma_4beat,0.3477921485900879,0.35680127143859863,0.3620726764202118,8,0.012326061725616455
focus_brainfm_8618697fc2f4,focus,300.0,acoustic_2s,0.47402944021040383,0.4844505440815972,0.5086574924537157,11,0.24994834475858219
focus_brainfm_8618697fc2f4,focus,300.0,rhythm_2s,0.4146868680868939,0.4201098097985153,0.4352640791996487,12,0.19247243456318497
focus_brainfm_8618697fc2f4,focus,300.0,chroma_4beat,0.3969632089138031,0.4056166410446167,0.41012245416641235,32,0.050786375999450684
focus_brainfm_8c32c5db8a78,focus,180.0,acoustic_2s,0.372598490126151,0.3884155054972344,0.4118415896810781,8,0.17933614696615807
focus_brainfm_8c32c5db8a78,focus,180.0,rhythm_2s,0.45491470161723013,0.45592565843345034,0.47817336127515875,8,0.1496305423734977
focus_brainfm_8c32c5db8a78,focus,180.0,chroma_4beat,0.37183308601379395,0.3757030963897705,0.38215410709381104,8,0.04076939821243286
focus_brainfm_8c32c5db8a78,focus,300.0,acoustic_2s,0.44785431883153537,0.45093480233860717,0.4634072651541242,9,0.28287721388481
focus_brainfm_8c32c5db8a78,focus,300.0,rhythm_2s,0.42344885928007786,0.46606710834099285,0.4917037734186761,18,0.18581972311313422
focus_brainfm_8c32c5db8a78,focus,300.0,chroma_4beat,0.39385250210762024,0.4004247188568115,0.40992438793182373,8,0.0439373254776001
focus_brainfm_8cb17f22a272,focus,180.0,acoustic_2s,0.34987982505952137,0.3679253562982861,0.3821666331616994,10,0.11633027521819184
focus_brainfm_8cb17f22a272,focus,180.0,rhythm_2s,0.27553977326846774,0.33543387333674224,0.3618774695506498,20,0.08110474002290835
focus_brainfm_8cb17f22a272,focus,180.0,chroma_4beat,0.3553180396556854,0.3622128963470459,0.3764449954032898,12,0.021004080772399902
focus_brainfm_8cb17f22a272,focus,300.0,acoustic_2s,0.3366524998810656,0.35679855967267066,0.37475918109953976,11,0.11120968600520942
focus_brainfm_8cb17f22a272,focus,300.0,rhythm_2s,0.36923883222876497,0.3758579406768572,0.38824233856624835,17,0.08757310115757222
focus_brainfm_8cb17f22a272,focus,300.0,chroma_4beat,0.3603132367134094,0.3645439147949219,0.3682539463043213,13,0.010713756084442139
pop_jamendo_0100647,pop,180.0,acoustic_2s,0.4184754314086413,0.42420790036713585,0.44355720910938906,11,0.2865430624745908
pop_jamendo_0100647,pop,180.0,rhythm_2s,0.3198830279167607,0.33426878536711535,0.382979315662492,8,0.1832822299516872
pop_jamendo_0100647,pop,180.0,chroma_4beat,0.30808204412460327,0.31242889165878296,0.3415222764015198,8,0.015984773635864258
pop_jamendo_0100647,pop,300.0,acoustic_2s,0.416754182761779,0.41949392498240146,0.43436686530395596,11,0.2580912001845841
pop_jamendo_0100647,pop,300.0,rhythm_2s,0.32408407373123777,0.33591261598946226,0.39305045108702197,8,0.14839252084533872
pop_jamendo_0100647,pop,300.0,chroma_4beat,0.3142395615577698,0.34096547961235046,0.3653278052806854,8,0.059682488441467285
pop_jamendo_1010363,pop,180.0,acoustic_2s,0.2752957519776279,0.30833473845978343,0.347548388504557,9,0.19814813991790436
pop_jamendo_1010363,pop,180.0,rhythm_2s,0.3814801301224238,0.38284759832474224,0.41716337742713794,12,0.28930599912872235
pop_jamendo_1010363,pop,180.0,chroma_4beat,0.3436318635940552,0.3539443910121918,0.3614182770252228,16,0.008506834506988525
pop_jamendo_1010363,pop,300.0,acoustic_2s,0.28136102795512874,0.33799787436314505,0.3569537654085868,13,0.04987717058367114
pop_jamendo_1010363,pop,300.0,rhythm_2s,0.2908430399762067,0.3655474796657482,0.42410613803632696,12,0.19591471519503945
pop_jamendo_1010363,pop,300.0,chroma_4beat,0.3441618084907532,0.350222110748291,0.36260518431663513,16,0.008225440979003906
pop_jamendo_1015416,pop,180.0,acoustic_2s,0.3321408053814562,0.3487701207274162,0.35817785129388946,13,0.055318117992185
pop_jamendo_1015416,pop,180.0,rhythm_2s,0.27101367919907066,0.2751511564965694,0.35879885344364143,12,0.06912637386844533
pop_jamendo_1015416,pop,180.0,chroma_4beat,0.20505531132221222,0.24621650576591492,0.29964613914489746,17,0.005489528179168701
pop_jamendo_1015416,pop,300.0,acoustic_2s,0.3321408053814562,0.3487701207274162,0.35817785129388946,13,0.055318117992185
pop_jamendo_1015416,pop,300.0,rhythm_2s,0.27101367919907066,0.2751511564965694,0.35879885344364143,12,0.06912637386844533
pop_jamendo_1015416,pop,300.0,chroma_4beat,0.20505531132221222,0.24621650576591492,0.29964613914489746,17,0.005489528179168701
pop_jamendo_1028442,pop,180.0,acoustic_2s,0.3039863423921726,0.3149543911081405,0.3758232189053071,8,0.15996861640418925
pop_jamendo_1028442,pop,180.0,rhythm_2s,0.2964324841506681,0.30412698741325717,0.3822189297756684,8,0.15737380352876762
pop_jamendo_1028442,pop,180.0,chroma_4beat,0.36271587014198303,0.37342578172683716,0.3861989676952362,8,0.0506441593170166
pop_jamendo_1028442,pop,300.0,acoustic_2s,0.3547478810380229,0.37188555721218497,0.41349527901055716,8,0.10694436171563404
pop_jamendo_1028442,pop,300.0,rhythm_2s,0.27496219888927276,0.31778008467086827,0.37775950840956474,8,0.08301606799274097
pop_jamendo_1028442,pop,300.0,chroma_4beat,0.3539044260978699,0.36794033646583557,0.3785375952720642,8,0.033748626708984375
pop_jamendo_1028889,pop,180.0,acoustic_2s,0.39683137887433173,0.3997103955120167,0.4081412673562673,8,0.15996469674727787
pop_jamendo_1028889,pop,180.0,rhythm_2s,0.28489008565369384,0.3045872470148644,0.347692952220314,17,0.06615462065336652
pop_jamendo_1028889,pop,180.0,chroma_4beat,0.3460044264793396,0.3493277430534363,0.3726506531238556,18,0.04014712572097778
pop_jamendo_1028889,pop,300.0,acoustic_2s,0.39195431323939245,0.3966077276167691,0.41780707453177646,8,0.12406009152878672
pop_jamendo_1028889,pop,300.0,rhythm_2s,0.2723381462620126,0.33552955826354025,0.35235298635791135,11,0.04480490273250626
pop_jamendo_1028889,pop,300.0,chroma_4beat,0.3627891540527344,0.3697303533554077,0.3765103816986084,12,0.022902190685272217
pop_jamendo_1030183,pop,180.0,acoustic_2s,0.31497901981551607,0.353271273764417,0.3906397117960805,15,0.13747121872495316
pop_jamendo_1030183,pop,180.0,rhythm_2s,0.3033933400842801,0.3165039543840395,0.3617156080685589,15,0.1533547222016174
pop_jamendo_1030183,pop,180.0,chroma_4beat,0.3583635091781616,0.36525508761405945,0.37481921911239624,8,0.016082763671875
pop_jamendo_1030183,pop,300.0,acoustic_2s,0.344091878740057,0.3447350987172655,0.40672349716605477,15,0.11117065802348813
pop_jamendo_1030183,pop,300.0,rhythm_2s,0.2593801676772963,0.272308026647959,0.36027973369416033,25,0.15910279369523006
pop_jamendo_1030183,pop,300.0,chroma_4beat,0.4101512134075165,0.4225407838821411,0.4325462579727173,8,0.07400429248809814
pop_jamendo_1036088,pop,180.0,acoustic_2s,0.4343485918292608,0.4383813140962377,0.44911437751642475,9,0.3295064218816859
pop_jamendo_1036088,pop,180.0,rhythm_2s,0.43622166429422,0.4621905378758927,0.4785862446208533,9,0.539784424801026
pop_jamendo_1036088,pop,180.0,chroma_4beat,0.3490166664123535,0.3537110686302185,0.38121241331100464,14,0.035064637660980225
pop_jamendo_1036088,pop,300.0,acoustic_2s,0.4263044363460122,0.4585932378758518,0.46720161164235463,9,0.23026336413362947
pop_jamendo_1036088,pop,300.0,rhythm_2s,0.4840813031717148,0.4921477891424707,0.5037902742890719,9,0.4428830881030832
pop_jamendo_1036088,pop,300.0,chroma_4beat,0.35655760765075684,0.3583832085132599,0.3741208612918854,8,0.03585934638977051
pop_jamendo_1044028,pop,180.0,acoustic_2s,0.3927723417877923,0.4034050838726449,0.42527148710233725,8,0.2750407660474825
pop_jamendo_1044028,pop,180.0,rhythm_2s,0.39544489596681676,0.39935423300403006,0.41024676519913417,8,0.21154565368200196
pop_jamendo_1044028,pop,180.0,chroma_4beat,0.346626877784729,0.3647003173828125,0.3680419921875,8,0.031889140605926514
pop_jamendo_1044028,pop,300.0,acoustic_2s,0.3729285229526491,0.38852237734927764,0.409928964131252,8,0.17802049094304184
pop_jamendo_1044028,pop,300.0,rhythm_2s,0.36662582241183717,0.39520165119579237,0.409958876488748,8,0.13704266956929456
pop_jamendo_1044028,pop,300.0,chroma_4beat,0.34371036291122437,0.36009156703948975,0.36876386404037476,8,0.017765343189239502
pop_jamendo_1044192,pop,180.0,acoustic_2s,0.4831962194752665,0.5194332179820429,0.5376983063556839,8,0.24352069747957972
pop_jamendo_1044192,pop,180.0,rhythm_2s,0.42848544752847695,0.4557098518982504,0.48165714653962344,8,0.20437200718435666
pop_jamendo_1044192,pop,180.0,chroma_4beat,0.3712638020515442,0.38742002844810486,0.3993089199066162,18,0.026855647563934326
pop_jamendo_1044192,pop,300.0,acoustic_2s,0.4831962194752665,0.5194332179820429,0.5376983063556839,8,0.24352069747957972
pop_jamendo_1044192,pop,300.0,rhythm_2s,0.42848544752847695,0.4557098518982504,0.48165714653962344,8,0.20437200718435666
pop_jamendo_1044192,pop,300.0,chroma_4beat,0.3712638020515442,0.38742002844810486,0.3993089199066162,18,0.026855647563934326
pop_jamendo_1045665,pop,180.0,acoustic_2s,0.34640489954835485,0.3565966290412606,0.37260349859343656,12,0.11572041032023916
pop_jamendo_1045665,pop,180.0,rhythm_2s,0.3200411727449307,0.3306314577025897,0.3457994009969956,18,0.15933173537634127
pop_jamendo_1045665,pop,180.0,chroma_4beat,0.32651281356811523,0.3554891347885132,0.367841899394989,8,0.017002105712890625
pop_jamendo_1045665,pop,300.0,acoustic_2s,0.3481304805136705,0.35310462644335794,0.37259703974352926,13,0.04509438836150337
pop_jamendo_1045665,pop,300.0,rhythm_2s,0.350502913232166,0.3734292599254436,0.4087690855586495,15,0.20078535252292806
pop_jamendo_1045665,pop,300.0,chroma_4beat,0.3277159035205841,0.3468928635120392,0.36567550897598267,16,0.018474876880645752
pop_jamendo_1050676,pop,180.0,acoustic_2s,0.321056442966023,0.3253633191801143,0.3536569237300275,19,0.08171397271813308
pop_jamendo_1050676,pop,180.0,rhythm_2s,0.31554650862900785,0.32978460681082783,0.3718690658431885,20,0.07906251447831303
pop_jamendo_1050676,pop,180.0,chroma_4beat,0.3396032750606537,0.35260578989982605,0.3592083752155304,17,0.012639164924621582
pop_jamendo_1050676,pop,300.0,acoustic_2s,0.30342902177939013,0.3323638262697809,0.35963811601887585,16,0.0828394621607682
pop_jamendo_1050676,pop,300.0,rhythm_2s,0.32667114096844185,0.3781322093073084,0.3898363954117363,10,0.10314459151471
pop_jamendo_1050676,pop,300.0,chroma_4beat,0.3355104327201843,0.35960137844085693,0.36364811658859253,24,0.006630003452301025
pop_jamendo_1050774,pop,180.0,acoustic_2s,0.3258430956720149,0.32983921333835026,0.36857234145255935,8,0.25196547185488916
pop_jamendo_1050774,pop,180.0,rhythm_2s,0.3089701271898037,0.3385188657602481,0.37194652124251637,11,0.10542578969036209
pop_jamendo_1050774,pop,180.0,chroma_4beat,0.33236613869667053,0.3459320068359375,0.3672349154949188,13,0.009288370609283447
pop_jamendo_1050774,pop,300.0,acoustic_2s,0.3258430956720149,0.32983921333835026,0.36857234145255935,8,0.25196547185488916
pop_jamendo_1050774,pop,300.0,rhythm_2s,0.3089701271898037,0.3385188657602481,0.37194652124251637,11,0.10542578969036209
pop_jamendo_1050774,pop,300.0,chroma_4beat,0.33236613869667053,0.3459320068359375,0.3672349154949188,13,0.009288370609283447
pop_jamendo_1052983,pop,180.0,acoustic_2s,0.3636638434932109,0.3899251686799422,0.4139526972348612,13,0.09413646128877973
pop_jamendo_1052983,pop,180.0,rhythm_2s,0.31195175860524793,0.33755891827948153,0.38435776530556487,16,0.1606495408887313
pop_jamendo_1052983,pop,180.0,chroma_4beat,0.33889010548591614,0.35020893812179565,0.3677891790866852,24,0.01724386215209961
pop_jamendo_1052983,pop,300.0,acoustic_2s,0.3636638434932109,0.3899251686799422,0.4139526972348612,13,0.09413646128877973
pop_jamendo_1052983,pop,300.0,rhythm_2s,0.31195175860524793,0.33755891827948153,0.38435776530556487,16,0.1606495408887313
pop_jamendo_1052983,pop,300.0,chroma_4beat,0.33889010548591614,0.35020893812179565,0.3677891790866852,24,0.01724386215209961
pop_jamendo_1053079,pop,180.0,acoustic_2s,0.3124370328549183,0.37663520485046187,0.4144409388538823,14,0.10677364590574057
pop_jamendo_1053079,pop,180.0,rhythm_2s,0.37438863921399373,0.3833703963919628,0.41453228461085545,8,0.09445703021855345
pop_jamendo_1053079,pop,180.0,chroma_4beat,0.3412492275238037,0.35911235213279724,0.3685866594314575,14,0.016924560070037842
pop_jamendo_1053079,pop,300.0,acoustic_2s,0.3124370328549183,0.37663520485046187,0.4144409388538823,14,0.10677364590574057
pop_jamendo_1053079,pop,300.0,rhythm_2s,0.37438863921399373,0.3833703963919628,0.41453228461085545,8,0.09445703021855345
pop_jamendo_1053079,pop,300.0,chroma_4beat,0.3412492275238037,0.35911235213279724,0.3685866594314575,14,0.016924560070037842
pop_jamendo_1057704,pop,180.0,acoustic_2s,0.3273570983058212,0.3540246823842561,0.36464607825426765,12,0.11902506041828143
pop_jamendo_1057704,pop,180.0,rhythm_2s,0.342900550579511,0.3467396816785195,0.3940832976176103,13,0.16754805275929763
pop_jamendo_1057704,pop,180.0,chroma_4beat,0.3422762453556061,0.3577113151550293,0.3678128719329834,9,0.02154672145843506
pop_jamendo_1057704,pop,300.0,acoustic_2s,0.31722067800040726,0.3523321770801958,0.3681821709786919,12,0.08527630864797087
pop_jamendo_1057704,pop,300.0,rhythm_2s,0.3230480684068651,0.3279803068428081,0.36409739302459565,13,0.15546998823468217
pop_jamendo_1057704,pop,300.0,chroma_4beat,0.3604510724544525,0.36287209391593933,0.3710232973098755,8,0.02145439386367798
pop_jamendo_1059054,pop,180.0,acoustic_2s,0.31658668083586816,0.31665311558669174,0.3619437076727476,18,0.192496711147927
pop_jamendo_1059054,pop,180.0,rhythm_2s,0.3006735733429721,0.39372389099207916,0.42568008398071355,18,0.3328615639042444
pop_jamendo_1059054,pop,180.0,chroma_4beat,0.3460139334201813,0.36279693245887756,0.3690478503704071,16,0.03939700126647949
pop_jamendo_1059054,pop,300.0,acoustic_2s,0.34048773386592135,0.3494354977386457,0.41695463104246216,24,0.25445696173118637
pop_jamendo_1059054,pop,300.0,rhythm_2s,0.4423265380879303,0.4650695838316556,0.4817316014733962,18,0.3912605954491514
pop_jamendo_1059054,pop,300.0,chroma_4beat,0.33743366599082947,0.34237271547317505,0.3569965064525604,9,0.020243585109710693
pop_jamendo_1064870,pop,180.0,acoustic_2s,0.386101959856371,0.38761571102708703,0.40127827500067237,9,0.15105662313971235
pop_jamendo_1064870,pop,180.0,rhythm_2s,0.29835135985011596,0.30373935334994445,0.33631597661674273,16,0.06226884980805614
pop_jamendo_1064870,pop,180.0,chroma_4beat,0.3484850227832794,0.3595449924468994,0.36267101764678955,11,0.020056307315826416
pop_jamendo_1064870,pop,300.0,acoustic_2s,0.3642652915234263,0.3682085010269127,0.3797674851013594,32,0.11990816333513021
pop_jamendo_1064870,pop,300.0,rhythm_2s,0.30330900322830623,0.32128523961076516,0.3476379220727587,8,0.04481638774872554
pop_jamendo_1064870,pop,300.0,chroma_4beat,0.3506498336791992,0.3602910041809082,0.3707923889160156,11,0.017194926738739014
pop_jamendo_1069015,pop,180.0,acoustic_2s,0.3381582920205591,0.3500561948393027,0.38145697729846156,8,0.06824628445126524
pop_jamendo_1069015,pop,180.0,rhythm_2s,0.22386267147393402,0.32947918391992365,0.3495717379280112,13,0.07114329023051003
pop_jamendo_1069015,pop,180.0,chroma_4beat,0.3511981964111328,0.3676111400127411,0.37908515334129333,9,0.029252350330352783
pop_jamendo_1069015,pop,300.0,acoustic_2s,0.3381582920205591,0.3500561948393027,0.38145697729846156,8,0.06824628445126524
pop_jamendo_1069015,pop,300.0,rhythm_2s,0.22386267147393402,0.32947918391992365,0.3495717379280112,13,0.07114329023051003
pop_jamendo_1069015,pop,300.0,chroma_4beat,0.3511981964111328,0.3676111400127411,0.37908515334129333,9,0.029252350330352783
pop_jamendo_1071770,pop,180.0,acoustic_2s,0.30518130126183507,0.3120841202035769,0.34668607521457484,15,0.032042858076831715
pop_jamendo_1071770,pop,180.0,rhythm_2s,0.3222548404632577,0.3516707433368482,0.3898747369064692,12,0.3381548709024247
pop_jamendo_1071770,pop,180.0,chroma_4beat,0.3441651463508606,0.3458467423915863,0.3688789904117584,11,0.006456494331359863
pop_jamendo_1071770,pop,300.0,acoustic_2s,0.30518130126183507,0.3120841202035769,0.34668607521457484,15,0.032042858076831715
pop_jamendo_1071770,pop,300.0,rhythm_2s,0.3222548404632577,0.3516707433368482,0.3898747369064692,12,0.3381548709024247
pop_jamendo_1071770,pop,300.0,chroma_4beat,0.3441651463508606,0.3458467423915863,0.3688789904117584,11,0.006456494331359863
pop_mtg_0309887,pop,180.0,acoustic_2s,0.3320798342671016,0.37789952185101516,0.39840286456731466,9,0.1153037465758604
pop_mtg_0309887,pop,180.0,rhythm_2s,0.32322767622280946,0.33340625376183575,0.3878754558583468,8,0.17334573109360774
pop_mtg_0309887,pop,180.0,chroma_4beat,0.34820887446403503,0.36525633931159973,0.3710562586784363,10,0.007702827453613281
pop_mtg_0309887,pop,300.0,acoustic_2s,0.3320798342671016,0.37789952185101516,0.39840286456731466,9,0.1153037465758604
pop_mtg_0309887,pop,300.0,rhythm_2s,0.32322767622280946,0.33340625376183575,0.3878754558583468,8,0.17334573109360774
pop_mtg_0309887,pop,300.0,chroma_4beat,0.34820887446403503,0.36525633931159973,0.3710562586784363,10,0.007702827453613281
pop_mtg_0482275,pop,180.0,acoustic_2s,0.3953555547988088,0.4037232886857263,0.46278032813125236,14,0.23873922180971585
pop_mtg_0482275,pop,180.0,rhythm_2s,0.524871060698492,0.5661521169581705,0.5827633344016753,14,0.5939813207189876
pop_mtg_0482275,pop,180.0,chroma_4beat,0.3596254289150238,0.36173489689826965,0.37935715913772583,8,0.022684335708618164
pop_mtg_0482275,pop,300.0,acoustic_2s,0.3953555547988088,0.4037232886857263,0.46278032813125236,14,0.23873922180971585
pop_mtg_0482275,pop,300.0,rhythm_2s,0.524871060698492,0.5661521169581705,0.5827633344016753,14,0.5939813207189876
pop_mtg_0482275,pop,300.0,chroma_4beat,0.3596254289150238,0.36173489689826965,0.37935715913772583,8,0.022684335708618164
pop_mtg_1077531,pop,180.0,acoustic_2s,0.3460672322029771,0.3614837921364168,0.3757334293868322,14,0.12075607363347252
pop_mtg_1077531,pop,180.0,rhythm_2s,0.3091973484326307,0.35176005011011413,0.3850520464175662,9,0.2659056895138372
pop_mtg_1077531,pop,180.0,chroma_4beat,0.32826319336891174,0.3579470217227936,0.36200952529907227,8,0.03444021940231323
pop_mtg_1077531,pop,300.0,acoustic_2s,0.37289546080239916,0.3764539290543085,0.39636276901052253,14,0.08398166282883757
pop_mtg_1077531,pop,300.0,rhythm_2s,0.3601193724685067,0.3657991657646873,0.4120925734742473,14,0.1855054972840613
pop_mtg_1077531,pop,300.0,chroma_4beat,0.3745841979980469,0.3766670525074005,0.3875088691711426,8,0.03683066368103027
pop_mtg_1096364,pop,180.0,acoustic_2s,0.4225732311115606,0.4392067799204305,0.4543422131812703,8,0.15640054850295404
pop_mtg_1096364,pop,180.0,rhythm_2s,0.32762660705112795,0.36379114299724646,0.382384304707314,10,0.07002947546491267
pop_mtg_1096364,pop,180.0,chroma_4beat,0.36410754919052124,0.3697569966316223,0.37197360396385193,8,0.029525429010391235
pop_mtg_1096364,pop,300.0,acoustic_2s,0.4225732311115606,0.4392067799204305,0.4543422131812703,8,0.15640054850295404
pop_mtg_1096364,pop,300.0,rhythm_2s,0.32762660705112795,0.36379114299724646,0.382384304707314,10,0.07002947546491267
pop_mtg_1096364,pop,300.0,chroma_4beat,0.36410754919052124,0.3697569966316223,0.37197360396385193,8,0.029525429010391235
pop_mtg_1410157,pop,180.0,acoustic_2s,0.3819839023954035,0.39528046942907036,0.4022585925608805,9,0.1516562042066283
pop_mtg_1410157,pop,180.0,rhythm_2s,0.42313056438881513,0.42931015922421784,0.4465131655831328,9,0.3772029145234035
pop_mtg_1410157,pop,180.0,chroma_4beat,0.36343249678611755,0.364535391330719,0.37638232111930847,12,0.024274975061416626
pop_mtg_1410157,pop,300.0,acoustic_2s,0.35378690392554607,0.36629284715862487,0.39695486187571094,26,0.12151239883000042
pop_mtg_1410157,pop,300.0,rhythm_2s,0.4255804000517466,0.4524227078955112,0.45819381689616967,9,0.240159739191927
pop_mtg_1410157,pop,300.0,chroma_4beat,0.38449543714523315,0.3870236873626709,0.39714515209198,8,0.039063066244125366
