track_id,group,scale,name,h1,h1_best,period,peak,loop,shuffle
classical_musicnet_1730,classical,180.0,acoustic_novelty,0.16995906829833984,0.16995906829833984,17.5,0.14704978863121806,0.37022316455841064,0.10742902755737305
classical_musicnet_1730,classical,180.0,loudness,0.17830705642700195,0.1956942081451416,11.5,0.13959416419221166,0.7042322158813477,0.14445942640304565
classical_musicnet_1730,classical,180.0,onset,0.160783588886261,0.16956281661987305,6.0,0.13406615480508782,0.5928098857402802,0.15699732303619385
classical_musicnet_1730,classical,180.0,tonal_novelty,0.12166553735733032,0.15026676654815674,19.922813415527344,0.17716369937275328,0.27166032791137695,0.1625397801399231
classical_musicnet_1730,classical,180.0,modulation,0.1729152798652649,0.1729152798652649,32.0,0.21269264282076075,0.3722289204597473,0.12686043977737427
classical_musicnet_1730,classical,300.0,acoustic_novelty,0.4488140344619751,0.4488140344619751,5.5,0.1696644597842511,0.5102958083152771,0.08928030729293823
classical_musicnet_1730,classical,300.0,loudness,0.12327313423156738,0.12327313423156738,4.0,0.1729369011785825,0.7214763164520264,0.12042170763015747
classical_musicnet_1730,classical,300.0,onset,0.12198382616043091,0.20165744423866272,6.0,0.12870587050557397,0.846828818321228,0.17079848051071167
classical_musicnet_1730,classical,300.0,tonal_novelty,0.14084970951080322,0.1558040976524353,20.944339752197266,0.14763241623968873,0.3049112558364868,0.13101375102996826
classical_musicnet_1730,classical,300.0,modulation,0.1570841670036316,0.1570841670036316,32.0,0.2607554485464002,0.7303622961044312,0.13352936506271362
classical_musicnet_1835,classical,180.0,acoustic_novelty,0.18473339080810547,0.24029970169067383,28.5,0.23726108609374902,0.1930515170097351,0.1545090675354004
classical_musicnet_1835,classical,180.0,loudness,0.269537091255188,0.269537091255188,4.0,0.2654574239276645,0.7662909626960754,0.13809728622436523
classical_musicnet_1835,classical,180.0,onset,0.1403321623802185,0.1505216360092163,28.5,0.2857725880882009,0.2601141929626465,0.15328657627105713
classical_musicnet_1835,classical,180.0,tonal_novelty,0.1508679986000061,0.17506104707717896,17.763261795043945,0.11101128955711437,0.18474674224853516,0.14730966091156006
classical_musicnet_1835,classical,180.0,modulation,0.1438937783241272,0.1438937783241272,30.0,0.11300247465887281,0.11748433113098145,0.09827274084091187
classical_musicnet_1835,classical,300.0,acoustic_novelty,0.14651399850845337,0.1721574068069458,17.0,0.16014052708743456,0.43193089962005615,0.16908729076385498
classical_musicnet_1835,classical,300.0,loudness,0.13926035165786743,0.13926035165786743,4.0,0.2726423817879234,0.6932567656040192,0.13725519180297852
classical_musicnet_1835,classical,300.0,onset,0.1439194679260254,0.19237911701202393,6.0,0.1989946975959222,0.6091850697994232,0.1310211420059204
classical_musicnet_1835,classical,300.0,tonal_novelty,0.17158615589141846,0.20642316341400146,16.579004287719727,0.10691917770469829,0.43547043204307556,0.15559422969818115
classical_musicnet_1835,classical,300.0,modulation,0.1483936905860901,0.1483936905860901,16.0,0.13064858297278775,0.029931187629699707,0.1404496431350708
classical_musicnet_2118,classical,180.0,acoustic_novelty,0.10476762056350708,0.11594456434249878,28.0,0.23871328782430162,0.174687922000885,0.12755918502807617
classical_musicnet_2118,classical,180.0,loudness,0.4476006031036377,0.4476006031036377,4.0,0.3802745862286999,0.8348683714866638,0.12362021207809448
classical_musicnet_2118,classical,180.0,onset,0.18214720487594604,0.20257419347763062,15.0,0.22002593347163016,0.764712780714035,0.15474474430084229
classical_musicnet_2118,classical,180.0,tonal_novelty,0.13907593488693237,0.16608017683029175,30.788909912109375,0.19783746246516032,0.3545417785644531,0.1517319679260254
classical_musicnet_2118,classical,180.0,modulation,0.1351238489151001,0.15769219398498535,20.0,0.17445293587636335,0.23409420251846313,0.14307689666748047
classical_musicnet_2118,classical,300.0,acoustic_novelty,0.23447644710540771,0.23447644710540771,7.5,0.2021071444320828,0.49076712131500244,0.1472439169883728
classical_musicnet_2118,classical,300.0,loudness,0.40806901454925537,0.40806901454925537,4.0,0.3138473877008123,0.6774019002914429,0.15565460920333862
classical_musicnet_2118,classical,300.0,onset,0.17772293090820312,0.20885032415390015,16.0,0.1844204190420991,0.9353307485580444,0.14607620239257812
classical_musicnet_2118,classical,300.0,tonal_novelty,0.1401655673980713,0.17052125930786133,29.11810302734375,0.15585031976697897,0.26444151997566223,0.13970023393630981
classical_musicnet_2118,classical,300.0,modulation,0.10671776533126831,0.21442031860351562,20.0,0.3437394724706202,0.2607946991920471,0.09888660907745361
classical_musicnet_2138,classical,180.0,acoustic_novelty,0.12489402294158936,0.1532057523727417,32.0,0.35207100283906356,0.2566748559474945,0.12389832735061646
classical_musicnet_2138,classical,180.0,loudness,0.221140056848526,0.221140056848526,4.0,0.31106310567411377,0.945357084274292,0.17852115631103516
classical_musicnet_2138,classical,180.0,onset,0.18140661716461182,0.18140661716461182,4.0,0.4882018374956167,0.6455040276050568,0.16693389415740967
classical_musicnet_2138,classical,180.0,tonal_novelty,0.15465772151947021,0.15465772151947021,4.075103759765625,0.15672312311216308,0.332409143447876,0.15879696607589722
classical_musicnet_2138,classical,180.0,modulation,0.19622278213500977,0.19622278213500977,30.0,0.09172653714591794,0.40486741065979004,0.15564537048339844
classical_musicnet_2138,classical,300.0,acoustic_novelty,0.15806084871292114,0.15806084871292114,8.0,0.1584595610848895,0.6528820395469666,0.13310593366622925
classical_musicnet_2138,classical,300.0,loudness,0.21943548321723938,0.21943548321723938,4.0,0.4199147806768439,0.9732032716274261,0.16119086742401123
classical_musicnet_2138,classical,300.0,onset,0.13030952215194702,0.13030952215194702,4.0,0.39608853685395673,0.8966202139854431,0.1757785677909851
classical_musicnet_2138,classical,300.0,tonal_novelty,0.12386006116867065,0.12386006116867065,4.075103759765625,0.16999418504001687,0.350882887840271,0.1231989860534668
classical_musicnet_2138,classical,300.0,modulation,0.23789656162261963,0.23789656162261963,32.0,0.09959455220938236,0.15711665153503418,0.043465375900268555
classical_musicnet_2211,classical,180.0,acoustic_novelty,0.20154130458831787,0.20154130458831787,4.0,0.40323697662181096,0.47586530447006226,0.1411091685295105
classical_musicnet_2211,classical,180.0,loudness,0.16178098320960999,0.16178098320960999,4.0,0.4667090196746467,0.7736729979515076,0.13978862762451172
classical_musicnet_2211,classical,180.0,onset,0.16428884863853455,0.16428884863853455,4.0,0.3388389220149726,0.7393508553504944,0.17164522409439087
classical_musicnet_2211,classical,180.0,tonal_novelty,0.13584262132644653,0.13584262132644653,8.09222412109375,0.16225001372516024,0.47510457038879395,0.16219931840896606
classical_musicnet_2211,classical,180.0,modulation,0.2519916296005249,0.2519916296005249,30.0,0.09140132670242893,0.14046108722686768,0.1810045838356018
classical_musicnet_2211,classical,300.0,acoustic_novelty,0.13763386011123657,0.13763386011123657,4.0,0.1533160851069713,0.8537711799144745,0.14995801448822021
classical_musicnet_2211,classical,300.0,loudness,0.25947481393814087,0.25947481393814087,4.0,0.7150582027624645,0.8167752921581268,0.15819865465164185
classical_musicnet_2211,classical,300.0,onset,0.10687839984893799,0.10687839984893799,4.0,0.598226863726211,0.7018584609031677,0.1538865566253662
classical_musicnet_2211,classical,300.0,tonal_novelty,0.1274017095565796,0.1274017095565796,4.28411865234375,0.14047153309531665,0.4971622824668884,0.1355544924736023
classical_musicnet_2211,classical,300.0,modulation,0.15743190050125122,0.15743190050125122,16.0,0.08822432635859023,0.2877655625343323,0.03783801198005676
classical_musicnet_2232,classical,180.0,acoustic_novelty,0.18770015239715576,0.22860753536224365,12.0,0.21374691787701766,0.237021803855896,0.13942694664001465
classical_musicnet_2232,classical,180.0,loudness,0.13076049089431763,0.14386308193206787,11.0,0.4199706174472334,0.8230085968971252,0.15965288877487183
classical_musicnet_2232,classical,180.0,onset,0.1823623776435852,0.20155242085456848,11.0,0.39647853682017,0.8354593217372894,0.17697244882583618
classical_musicnet_2232,classical,180.0,tonal_novelty,0.19601792097091675,0.29914629459381104,11.145538330078125,0.22154483327576585,0.7485878169536591,0.1646338701248169
classical_musicnet_2232,classical,300.0,acoustic_novelty,0.18770015239715576,0.22860753536224365,12.0,0.21374691787701766,0.237021803855896,0.15783387422561646
classical_musicnet_2232,classical,300.0,loudness,0.13076049089431763,0.14386308193206787,11.0,0.4199706174472334,0.8230085968971252,0.11740601062774658
classical_musicnet_2232,classical,300.0,onset,0.1823623776435852,0.20155242085456848,11.0,0.39647853682017,0.8354593217372894,0.1651865839958191
classical_musicnet_2232,classical,300.0,tonal_novelty,0.19601792097091675,0.29914629459381104,11.145538330078125,0.22154483327576585,0.7485878169536591,0.18622487783432007
classical_musicnet_2234,classical,180.0,acoustic_novelty,0.1836150884628296,0.24794888496398926,19.0,0.05835471700538297,0.23286139965057373,0.13228553533554077
classical_musicnet_2234,classical,180.0,loudness,0.36612096428871155,0.4081074893474579,21.0,0.30258218267553216,0.7735990583896637,0.037231624126434326
classical_musicnet_2234,classical,180.0,onset,0.377093642950058,0.4768601357936859,21.0,0.6525502590321715,0.7064289599657059,0.18003690242767334
classical_musicnet_2234,classical,180.0,tonal_novelty,0.15131372213363647,0.15131372213363647,19.098434448242188,0.19109965359623307,0.1697087287902832,0.11203557252883911
classical_musicnet_2234,classical,300.0,acoustic_novelty,0.1836150884628296,0.24794888496398926,19.0,0.05835471700538297,0.23286139965057373,0.09690460562705994
classical_musicnet_2234,classical,300.0,loudness,0.36612096428871155,0.4081074893474579,21.0,0.30258218267553216,0.7735990583896637,0.07628780603408813
classical_musicnet_2234,classical,300.0,onset,0.377093642950058,0.4768601357936859,21.0,0.6525502590321715,0.7064289599657059,0.14019089937210083
classical_musicnet_2234,classical,300.0,tonal_novelty,0.15131372213363647,0.15131372213363647,19.098434448242188,0.19109965359623307,0.1697087287902832,0.1417175531387329
classical_musicnet_2247,classical,180.0,acoustic_novelty,0.2113584280014038,0.2113584280014038,5.0,0.2762094485177641,0.3195645809173584,0.15276336669921875
classical_musicnet_2247,classical,180.0,loudness,0.08310103416442871,0.08310103416442871,4.0,0.47107692376863874,0.5192427933216095,0.09648829698562622
classical_musicnet_2247,classical,180.0,onset,0.18465059995651245,0.18465059995651245,4.0,0.38162856714196125,0.8033303618431091,0.16694599390029907
classical_musicnet_2247,classical,180.0,tonal_novelty,0.18683040142059326,0.18683040142059326,5.20123291015625,0.2708262000463082,0.3369872570037842,0.14037275314331055
classical_musicnet_2247,classical,300.0,acoustic_novelty,0.2113584280014038,0.2113584280014038,5.0,0.2762094485177641,0.3195645809173584,0.11690253019332886
classical_musicnet_2247,classical,300.0,loudness,0.08310103416442871,0.08310103416442871,4.0,0.47107692376863874,0.5192427933216095,0.15386217832565308
classical_musicnet_2247,classical,300.0,onset,0.18465059995651245,0.18465059995651245,4.0,0.38162856714196125,0.8033303618431091,0.15444189310073853
classical_musicnet_2247,classical,300.0,tonal_novelty,0.18683040142059326,0.18683040142059326,5.20123291015625,0.2708262000463082,0.3369872570037842,0.15246671438217163
classical_musicnet_2300,classical,180.0,acoustic_novelty,0.2164437174797058,0.2164437174797058,4.0,0.13395061366414465,0.5133187770843506,0.12795209884643555
classical_musicnet_2300,classical,180.0,loudness,0.20327794551849365,0.20327794551849365,4.5,0.24046212354318802,0.8560473918914795,0.14742368459701538
classical_musicnet_2300,classical,180.0,onset,0.21958261728286743,0.21958261728286743,4.5,0.27597890711373246,0.5545442998409271,0.15722709894180298
classical_musicnet_2300,classical,180.0,tonal_novelty,0.1686442494392395,0.18162548542022705,5.7353057861328125,0.14459367075345853,0.1813080906867981,0.12975656986236572
classical_musicnet_2300,classical,180.0,modulation,0.19574445486068726,0.19574445486068726,30.0,0.13898293866177663,0.36610502004623413,0.08898276090621948
classical_musicnet_2300,classical,300.0,acoustic_novelty,0.1061517596244812,0.1586705446243286,5.0,0.21562086489798105,0.42936667799949646,0.14491021633148193
classical_musicnet_2300,classical,300.0,loudness,0.19480860233306885,0.19480860233306885,4.0,0.48557156264895673,0.46589428186416626,0.18504232168197632
classical_musicnet_2300,classical,300.0,onset,0.2051723599433899,0.2051723599433899,4.5,0.3687799285414687,0.571642279624939,0.13029426336288452
classical_musicnet_2300,classical,300.0,tonal_novelty,0.1576405167579651,0.17187321186065674,10.147079467773438,0.11665454724860644,0.34718239307403564,0.1516495943069458
classical_musicnet_2300,classical,300.0,modulation,0.18564152717590332,0.18564152717590332,20.0,0.06992512757024022,0.33935999870300293,0.09919595718383789
classical_musopen_124b2ee448a3,classical,180.0,acoustic_novelty,0.1410478949546814,0.1410478949546814,4.0,0.2667879313767131,0.14430928230285645,0.15848898887634277
classical_musopen_124b2ee448a3,classical,180.0,loudness,0.28304973244667053,0.28304973244667053,4.0,0.38282836037468104,0.8628147691488266,0.146495521068573
classical_musopen_124b2ee448a3,classical,180.0,onset,0.15782156586647034,0.15782156586647034,4.0,0.3644710859008041,0.7438471615314484,0.148914635181427
classical_musopen_124b2ee448a3,classical,180.0,tonal_novelty,0.1515539288520813,0.18069469928741455,17.47303009033203,0.1481887204008763,0.3221774101257324,0.13310903310775757
classical_musopen_124b2ee448a3,classical,180.0,modulation,0.14650988578796387,0.14650988578796387,32.0,0.1725761097964314,0.4658340811729431,0.10854768753051758
classical_musopen_124b2ee448a3,classical,300.0,acoustic_novelty,0.14930325746536255,0.14930325746536255,4.5,0.22397718356584478,0.24026286602020264,0.15186893939971924
classical_musopen_124b2ee448a3,classical,300.0,loudness,0.16322532296180725,0.16322532296180725,4.0,0.5035318379048019,1.0058909505605698,0.1324877142906189
classical_musopen_124b2ee448a3,classical,300.0,onset,0.19412550330162048,0.19412550330162048,4.0,0.4682796973693316,0.7627450525760651,0.1532471776008606
classical_musopen_124b2ee448a3,classical,300.0,tonal_novelty,0.18111079931259155,0.18111079931259155,4.493133544921875,0.1124392798956861,0.5456072688102722,0.13665783405303955
classical_musopen_124b2ee448a3,classical,300.0,modulation,0.16321641206741333,0.16321641206741333,30.0,0.1667573544208643,0.3726484775543213,0.1786373257637024
classical_musopen_26a41c433b68,classical,180.0,acoustic_novelty,0.1535588502883911,0.1762458086013794,29.5,0.2582213967078504,0.3429795503616333,0.11434206366539001
classical_musopen_26a41c433b68,classical,180.0,loudness,0.19680726528167725,0.23885422945022583,21.0,0.241676763397512,0.7229059338569641,0.0901445746421814
classical_musopen_26a41c433b68,classical,180.0,onset,0.16473448276519775,0.17196542024612427,29.5,0.3595514119183053,0.348921537399292,0.12962281703948975
classical_musopen_26a41c433b68,classical,180.0,tonal_novelty,0.15679281949996948,0.15814721584320068,29.582172393798828,0.5729610584757989,0.1499350666999817,0.12781214714050293
classical_musopen_26a41c433b68,classical,180.0,modulation,0.352785587310791,0.352785587310791,30.0,0.3729555302346055,0.49841392040252686,0.168978750705719
classical_musopen_26a41c433b68,classical,300.0,acoustic_novelty,0.1535588502883911,0.1762458086013794,29.5,0.2582213967078504,0.3429795503616333,0.07899993658065796
classical_musopen_26a41c433b68,classical,300.0,loudness,0.19680726528167725,0.23885422945022583,21.0,0.241676763397512,0.7229059338569641,0.0628771185874939
classical_musopen_26a41c433b68,classical,300.0,onset,0.16473448276519775,0.17196542024612427,29.5,0.3595514119183053,0.348921537399292,0.1355540156364441
classical_musopen_26a41c433b68,classical,300.0,tonal_novelty,0.15679281949996948,0.15814721584320068,29.582172393798828,0.5729610584757989,0.1499350666999817,0.1577606201171875
classical_musopen_26a41c433b68,classical,300.0,modulation,0.352785587310791,0.352785587310791,30.0,0.3729555302346055,0.49841392040252686,0.24941730499267578
classical_musopen_26b6da893e99,classical,180.0,acoustic_novelty,0.14462178945541382,0.1588420867919922,15.5,0.15832678843698322,0.11466825008392334,0.13612288236618042
classical_musopen_26b6da893e99,classical,180.0,loudness,0.21951979398727417,0.21951979398727417,4.0,0.4768965389023385,0.8864166140556335,0.15037775039672852
classical_musopen_26b6da893e99,classical,180.0,onset,0.1962963044643402,0.1962963044643402,4.0,0.48175394410775507,0.4900679886341095,0.13852357864379883
classical_musopen_26b6da893e99,classical,180.0,tonal_novelty,0.18564951419830322,0.18564951419830322,12.678054809570312,0.13082182955141106,0.3628454804420471,0.153317391872406
classical_musopen_26b6da893e99,classical,180.0,modulation,0.5369002819061279,0.5369002819061279,22.0,0.17498746523195036,0.546017587184906,0.1633419394493103
classical_musopen_26b6da893e99,classical,300.0,acoustic_novelty,0.16554829478263855,0.16554829478263855,4.0,0.3224625474362113,0.5868850946426392,0.14034152030944824
classical_musopen_26b6da893e99,classical,300.0,loudness,0.15892651677131653,0.15892651677131653,4.0,0.2943298285210416,0.9416051208972931,0.10250288248062134
classical_musopen_26b6da893e99,classical,300.0,onset,0.19596639275550842,0.19596639275550842,4.0,0.38431802371850443,0.691972941160202,0.16712063550949097
classical_musopen_26b6da893e99,classical,300.0,tonal_novelty,0.13651376962661743,0.13651376962661743,12.6778564453125,0.21838279868396288,0.5375911891460419,0.16611868143081665
classical_musopen_26b6da893e99,classical,300.0,modulation,0.258739709854126,0.258739709854126,22.0,0.16635151010515062,0.16857528686523438,0.15422505140304565
classical_musopen_6288d37e8273,classical,180.0,acoustic_novelty,0.13932281732559204,0.1475803256034851,30.5,0.554853313581155,0.4454649090766907,0.16174793243408203
classical_musopen_6288d37e8273,classical,180.0,loudness,0.13299575448036194,0.13299575448036194,4.0,0.18031451993851322,0.8846036493778229,0.16426682472229004
classical_musopen_6288d37e8273,classical,180.0,onset,0.18295443058013916,0.27582430839538574,10.0,0.09766955962077695,0.6922731399536133,0.14156663417816162
classical_musopen_6288d37e8273,classical,180.0,tonal_novelty,0.2592615485191345,0.4352942705154419,5.57281494140625,0.3133606530503934,0.3950033187866211,0.1497700810432434
classical_musopen_6288d37e8273,classical,180.0,modulation,0.24183440208435059,0.24183440208435059,32.0,0.39256887567221066,0.10054033994674683,0.15738677978515625
classical_musopen_6288d37e8273,classical,300.0,acoustic_novelty,0.13932281732559204,0.1475803256034851,30.5,0.554853313581155,0.4454649090766907,0.12473201751708984
classical_musopen_6288d37e8273,classical,300.0,loudness,0.13299575448036194,0.13299575448036194,4.0,0.18031451993851322,0.8846036493778229,0.13597255945205688
classical_musopen_6288d37e8273,classical,300.0,onset,0.18295443058013916,0.27582430839538574,10.0,0.09766955962077695,0.6922731399536133,0.15784931182861328
classical_musopen_6288d37e8273,classical,300.0,tonal_novelty,0.2592615485191345,0.4352942705154419,5.57281494140625,0.3133606530503934,0.3950033187866211,0.13110560178756714
classical_musopen_6288d37e8273,classical,300.0,modulation,0.24183440208435059,0.24183440208435059,32.0,0.39256887567221066,0.10054033994674683,0.07867950201034546
classical_musopen_b5e0f49dce63,classical,180.0,acoustic_novelty,0.19072043895721436,0.19072043895721436,17.5,0.0756427604872325,0.731551468372345,0.17661869525909424
classical_musopen_b5e0f49dce63,classical,180.0,loudness,0.18162816762924194,0.18162816762924194,4.0,0.4045782706458508,0.2536255121231079,0.1455240249633789
classical_musopen_b5e0f49dce63,classical,180.0,onset,0.21393492817878723,0.21393492817878723,4.0,0.3167532341660267,0.41063106060028076,0.15880930423736572
classical_musopen_b5e0f49dce63,classical,180.0,tonal_novelty,0.15527141094207764,0.15918278694152832,9.880180358886719,0.231189098598343,0.424560546875,0.17248421907424927
classical_musopen_b5e0f49dce63,classical,180.0,modulation,0.24127322435379028,0.24127322435379028,16.0,0.19665037458548637,0.7045951187610626,0.18763357400894165
classical_musopen_b5e0f49dce63,classical,300.0,acoustic_novelty,0.17282015085220337,0.18180978298187256,29.5,0.1160465656640436,0.22850465774536133,0.16498017311096191
classical_musopen_b5e0f49dce63,classical,300.0,loudness,0.1370551586151123,0.1370551586151123,4.0,0.4812801519052733,0.8754351437091827,0.15037906169891357
classical_musopen_b5e0f49dce63,classical,300.0,onset,0.1833198070526123,0.1833198070526123,4.0,0.37738368369460196,0.6894872784614563,0.1614130735397339
classical_musopen_b5e0f49dce63,classical,300.0,tonal_novelty,0.1431618332862854,0.17197901010513306,10.147079467773438,0.15179695369364832,0.37702345848083496,0.16252833604812622
classical_musopen_b5e0f49dce63,classical,300.0,modulation,0.2395172119140625,0.2395172119140625,16.0,0.1195737032404077,0.7125903367996216,0.18807947635650635
classical_musopen_baea77fb0fba,classical,180.0,acoustic_novelty,0.13845056295394897,0.18924838304519653,16.5,0.09199375525940617,0.4137333631515503,0.14578276872634888
classical_musopen_baea77fb0fba,classical,180.0,loudness,0.31967002153396606,0.31967002153396606,4.0,0.4164759470966734,0.9027508497238159,0.1274569034576416
classical_musopen_baea77fb0fba,classical,180.0,onset,0.1715468168258667,0.1715468168258667,4.0,0.4255469462680946,0.8343064785003662,0.17472857236862183
classical_musopen_baea77fb0fba,classical,180.0,tonal_novelty,0.1521403193473816,0.16123920679092407,5.29412841796875,0.11213634886749586,0.5984774529933929,0.16529595851898193
classical_musopen_baea77fb0fba,classical,180.0,modulation,0.47004228830337524,0.47004228830337524,16.0,0.24974668378094045,0.745121419429779,0.16133731603622437
classical_musopen_baea77fb0fba,classical,300.0,acoustic_novelty,0.11664730310440063,0.11664730310440063,4.0,0.09589836129160995,0.13508766889572144,0.15164905786514282
classical_musopen_baea77fb0fba,classical,300.0,loudness,0.17605635523796082,0.17605635523796082,4.0,0.4882325293517905,0.8975259959697723,0.1625261902809143
classical_musopen_baea77fb0fba,classical,300.0,onset,0.17892193794250488,0.17892193794250488,4.0,0.468877645507839,0.8618304133415222,0.1550222635269165
classical_musopen_baea77fb0fba,classical,300.0,tonal_novelty,0.17935168743133545,0.17935168743133545,3.9705963134765625,0.08622894611620834,0.5589241683483124,0.1552909016609192
classical_musopen_baea77fb0fba,classical,300.0,modulation,0.37454575300216675,0.37454575300216675,16.0,0.23605935705257824,0.7449879944324493,0.14023369550704956
focus_brainfm_11c947e4659b,focus,180.0,acoustic_novelty,0.13485920429229736,0.1407274603843689,32.0,0.4262886707769108,0.1600978970527649,0.1511598825454712
focus_brainfm_11c947e4659b,focus,180.0,loudness,0.22871148586273193,0.22871148586273193,10.5,0.5657606164671163,0.8052340447902679,0.13522768020629883
focus_brainfm_11c947e4659b,focus,180.0,onset,0.16017955541610718,0.18463540077209473,16.0,0.5354673052694426,0.15044039487838745,0.1415320634841919
focus_brainfm_11c947e4659b,focus,180.0,tonal_novelty,0.14123982191085815,0.14123982191085815,10.58837890625,0.4154333390469056,0.3825194239616394,0.1563306450843811
focus_brainfm_11c947e4659b,focus,180.0,modulation,0.1363477110862732,0.1363477110862732,22.0,0.3698729353411115,0.21649682521820068,0.1699657440185547
focus_brainfm_11c947e4659b,focus,300.0,acoustic_novelty,0.14989900588989258,0.19397324323654175,32.0,0.3645960788311927,0.14028745889663696,0.13556212186813354
focus_brainfm_11c947e4659b,focus,300.0,loudness,0.436376690864563,0.4598563313484192,10.5,0.35195985411079533,0.8041784465312958,0.14021813869476318
focus_brainfm_11c947e4659b,focus,300.0,onset,0.6129652261734009,0.6129652261734009,4.0,0.5824059584337825,0.545067310333252,0.16329801082611084
focus_brainfm_11c947e4659b,focus,300.0,tonal_novelty,0.18059736490249634,0.18059736490249634,10.58837890625,0.27973078407044283,0.4864864945411682,0.1492106318473816
focus_brainfm_11c947e4659b,focus,300.0,modulation,0.08784940838813782,0.17241418361663818,22.0,0.30139799796100814,0.1109437346458435,0.12493431568145752
focus_brainfm_1a667b5f8aae,focus,180.0,acoustic_novelty,0.16908544301986694,0.19134676456451416,15.5,0.2921285126620443,0.3954514265060425,0.12756723165512085
focus_brainfm_1a667b5f8aae,focus,180.0,loudness,0.27322715520858765,0.27322715520858765,4.0,0.546790321053322,0.20219165086746216,0.16720139980316162
focus_brainfm_1a667b5f8aae,focus,180.0,onset,0.1151641309261322,0.1151641309261322,4.0,0.27607360670783415,0.6389120221138,0.14274471998214722
focus_brainfm_1a667b5f8aae,focus,180.0,tonal_novelty,0.1500193476676941,0.1945047378540039,15.603759765625,0.30818534095557243,0.28475111722946167,0.1484835147857666
focus_brainfm_1a667b5f8aae,focus,180.0,modulation,0.22800713777542114,0.22800713777542114,16.0,0.3676121625979172,0.5450032949447632,0.17740827798843384
focus_brainfm_1a667b5f8aae,focus,300.0,acoustic_novelty,0.14760595560073853,0.14760595560073853,4.0,0.388954220137286,0.09969395399093628,0.15747672319412231
focus_brainfm_1a667b5f8aae,focus,300.0,loudness,0.3772393465042114,0.3772393465042114,4.0,0.42404865972423567,0.8847963809967041,0.14581763744354248
focus_brainfm_1a667b5f8aae,focus,300.0,onset,0.19465410709381104,0.19465410709381104,5.5,0.2135009889577612,0.5647786855697632,0.12825942039489746
focus_brainfm_1a667b5f8aae,focus,300.0,tonal_novelty,0.14837729930877686,0.16024518013000488,15.603759765625,0.26173524485948996,0.28993743658065796,0.147028386592865
focus_brainfm_1a667b5f8aae,focus,300.0,modulation,0.26168006658554077,0.26168006658554077,16.0,0.36573094779465687,0.4212060570716858,0.10892945528030396
focus_brainfm_1d302872b7d7,focus,180.0,acoustic_novelty,0.17574220895767212,0.17574220895767212,11.0,0.2681672310779059,0.3837927579879761,0.14480692148208618
focus_brainfm_1d302872b7d7,focus,180.0,loudness,0.15678155422210693,0.19142967462539673,11.0,0.29738482440427333,0.2997131943702698,0.16558575630187988
focus_brainfm_1d302872b7d7,focus,180.0,onset,0.12508296966552734,0.14198240637779236,5.5,0.3558416141299241,0.48521316051483154,0.15919119119644165
focus_brainfm_1d302872b7d7,focus,180.0,tonal_novelty,0.11512559652328491,0.11512559652328491,10.274820327758789,0.20795872670907564,0.23352158069610596,0.17581641674041748
focus_brainfm_1d302872b7d7,focus,180.0,modulation,0.0996476411819458,0.16235840320587158,20.0,0.130275929237592,0.20470553636550903,0.14276999235153198
focus_brainfm_1d302872b7d7,focus,300.0,acoustic_novelty,0.1335696578025818,0.13676238059997559,5.5,0.2532618029088679,0.38132011890411377,0.17475801706314087
focus_brainfm_1d302872b7d7,focus,300.0,loudness,0.13019335269927979,0.1412128210067749,11.0,0.3481101998532161,0.46042531728744507,0.13650411367416382
focus_brainfm_1d302872b7d7,focus,300.0,onset,0.1122027039527893,0.14745646715164185,5.5,0.2830367496304579,0.6820679306983948,0.12601828575134277
focus_brainfm_1d302872b7d7,focus,300.0,tonal_novelty,0.19484758377075195,0.19484758377075195,5.4798583984375,0.19041029814454968,0.46247196197509766,0.14262211322784424
focus_brainfm_1d302872b7d7,focus,300.0,modulation,0.22524774074554443,0.22524774074554443,22.0,0.07750124915195794,0.5130177736282349,0.1505412459373474
focus_brainfm_20d48c0030ee,focus,180.0,acoustic_novelty,0.17357897758483887,0.19950854778289795,11.5,0.33892566856436457,0.3145015239715576,0.1481577754020691
focus_brainfm_20d48c0030ee,focus,180.0,loudness,0.1704440712928772,0.21017968654632568,11.5,0.4840431439434519,0.6066847443580627,0.15601593255996704
focus_brainfm_20d48c0030ee,focus,180.0,onset,0.16415148973464966,0.19750648736953735,11.5,0.27339126781032264,0.47089099884033203,0.17162859439849854
focus_brainfm_20d48c0030ee,focus,180.0,tonal_novelty,0.1445159912109375,0.1445159912109375,5.758544921875,0.13417044204692935,0.526871383190155,0.16614460945129395
focus_brainfm_20d48c0030ee,focus,180.0,modulation,0.1747514009475708,0.1747514009475708,32.0,0.10709222744110433,0.5646927356719971,0.1126546859741211
focus_brainfm_20d48c0030ee,focus,300.0,acoustic_novelty,0.14503473043441772,0.15980052947998047,11.5,0.3719133761497704,0.30260562896728516,0.16099441051483154
focus_brainfm_20d48c0030ee,focus,300.0,loudness,0.17582088708877563,0.19761592149734497,11.5,0.35614022938916046,0.6154354810714722,0.14702755212783813
focus_brainfm_20d48c0030ee,focus,300.0,onset,0.15032851696014404,0.18273746967315674,11.5,0.20466017716102636,0.351080060005188,0.1626211404800415
focus_brainfm_20d48c0030ee,focus,300.0,tonal_novelty,0.13981229066848755,0.13981229066848755,5.758544921875,0.20011518193172095,0.3907124996185303,0.16229695081710815
focus_brainfm_20d48c0030ee,focus,300.0,modulation,0.15537330508232117,0.2062516212463379,20.0,0.09736883506648565,0.5832083821296692,0.155178964138031
focus_brainfm_34c5d8df2184,focus,180.0,acoustic_novelty,0.1471361517906189,0.15305578708648682,5.5,0.24670795763974557,0.5164476633071899,0.13697701692581177
focus_brainfm_34c5d8df2184,focus,180.0,loudness,0.11866104602813721,0.1489090919494629,11.0,0.37138093484646456,0.7811921238899231,0.12455093860626221
focus_brainfm_34c5d8df2184,focus,180.0,onset,0.16166043281555176,0.19425976276397705,23.0,0.3610974216605233,0.16091644763946533,0.14936119318008423
focus_brainfm_34c5d8df2184,focus,180.0,tonal_novelty,0.15857923030853271,0.15857923030853271,5.572784423828125,0.26042655955199845,0.3048238754272461,0.123646080493927
focus_brainfm_34c5d8df2184,focus,180.0,modulation,0.2351049780845642,0.2351049780845642,16.0,0.09174581012259961,0.29521095752716064,0.1481298804283142
focus_brainfm_34c5d8df2184,focus,300.0,acoustic_novelty,0.1615862250328064,0.1615862250328064,5.5,0.2100494214468471,0.5171891450881958,0.1751115322113037
focus_brainfm_34c5d8df2184,focus,300.0,loudness,0.13795435428619385,0.15971273183822632,11.0,0.42738110499746484,0.8118108808994293,0.13584613800048828
focus_brainfm_34c5d8df2184,focus,300.0,onset,0.16128438711166382,0.165776789188385,23.0,0.2883536831163154,0.13908177614212036,0.1477026343345642
focus_brainfm_34c5d8df2184,focus,300.0,tonal_novelty,0.16676056385040283,0.16676056385040283,13.931961059570312,0.1985685535496947,0.29635751247406006,0.13874387741088867
focus_brainfm_34c5d8df2184,focus,300.0,modulation,0.17645269632339478,0.17645269632339478,32.0,0.11361559503494445,0.3857227563858032,0.14432168006896973
focus_brainfm_45d6269177c9,focus,180.0,acoustic_novelty,0.1593385934829712,0.1824634075164795,31.5,0.09215702475489707,0.24921023845672607,0.07851853966712952
focus_brainfm_45d6269177c9,focus,180.0,loudness,0.8470463156700134,0.8470463156700134,5.0,0.23711863454852755,0.5905327200889587,0.2087370753288269
focus_brainfm_45d6269177c9,focus,180.0,onset,0.16128236055374146,0.16128236055374146,4.0,0.10365806503747652,0.014843642711639404,0.13974297046661377
focus_brainfm_45d6269177c9,focus,180.0,tonal_novelty,0.09133720397949219,0.09133720397949219,3.99383544921875,0.23203957461742797,0.28365379571914673,0.1547200083732605
focus_brainfm_45d6269177c9,focus,180.0,modulation,0.24221110343933105,0.24221110343933105,30.0,0.12245579610112173,0.6400763094425201,0.1628265380859375
focus_brainfm_45d6269177c9,focus,300.0,acoustic_novelty,0.1195414662361145,0.13968592882156372,15.5,0.0723159852010166,0.19873380661010742,0.061091721057891846
focus_brainfm_45d6269177c9,focus,300.0,loudness,0.1560828685760498,0.19882088899612427,19.0,0.09240179653679992,0.465934693813324,0.11878436803817749
focus_brainfm_45d6269177c9,focus,300.0,onset,0.13273340463638306,0.13511031866073608,5.0,0.1433429608865659,0.044340699911117554,0.10027903318405151
focus_brainfm_45d6269177c9,focus,300.0,tonal_novelty,0.16288909316062927,0.16288909316062927,3.9937744140625,0.14245314453343275,0.32502949237823486,0.11209774017333984
focus_brainfm_45d6269177c9,focus,300.0,modulation,0.21832340955734253,0.21832340955734253,16.0,0.090319775619879,0.6179894208908081,0.19664651155471802
focus_brainfm_4c21a6991c14,focus,180.0,acoustic_novelty,0.15618795156478882,0.15618795156478882,11.0,0.19033832844471346,0.29751354455947876,0.12340027093887329
focus_brainfm_4c21a6991c14,focus,180.0,loudness,0.29285988211631775,0.29285988211631775,5.0,0.47035589847093423,0.4380272626876831,0.14329659938812256
focus_brainfm_4c21a6991c14,focus,180.0,onset,0.2781795263290405,0.2781795263290405,5.5,0.3646688247145606,0.6967552304267883,0.15084081888198853
focus_brainfm_4c21a6991c14,focus,180.0,tonal_novelty,0.16235429048538208,0.1779232621192932,5.108371734619141,0.32032838792385815,0.31442463397979736,0.13596731424331665
focus_brainfm_4c21a6991c14,focus,180.0,modulation,0.09140446782112122,0.09140446782112122,16.0,0.06697073722574334,0.32923996448516846,0.12058627605438232
focus_brainfm_4c21a6991c14,focus,300.0,acoustic_novelty,0.16194647550582886,0.16194647550582886,5.5,0.20845812830601662,0.5343306660652161,0.1518440842628479
focus_brainfm_4c21a6991c14,focus,300.0,loudness,0.2386927306652069,0.2386927306652069,5.0,0.45287179712471726,0.43844324350357056,0.1667344570159912
focus_brainfm_4c21a6991c14,focus,300.0,onset,0.20602071285247803,0.20602071285247803,5.5,0.31104530284084686,0.692722350358963,0.15855205059051514
focus_brainfm_4c21a6991c14,focus,300.0,tonal_novelty,0.13382059335708618,0.13791805505752563,11.145572662353516,0.25951338774656385,0.5233550369739532,0.15664219856262207
focus_brainfm_4c21a6991c14,focus,300.0,modulation,2.026639461517334,2.026639461517334,16.0,0.031310954990875384,0.42249542474746704,0.01861359179019928
focus_brainfm_5c2ea7efbd03,focus,180.0,acoustic_novelty,0.14900928735733032,0.14900928735733032,6.0,0.4781506969347378,0.2391204833984375,0.1355385184288025
focus_brainfm_5c2ea7efbd03,focus,180.0,loudness,0.21716290712356567,0.21716290712356567,5.5,0.20175216993670128,0.6079437732696533,0.11404287815093994
focus_brainfm_5c2ea7efbd03,focus,180.0,onset,0.510905385017395,0.510905385017395,4.0,0.5200745135295375,0.7460522055625916,0.15086060762405396
focus_brainfm_5c2ea7efbd03,focus,180.0,tonal_novelty,0.4347873330116272,0.4347873330116272,6.03717041015625,0.3108442438441409,0.5974460542201996,0.14214986562728882
focus_brainfm_5c2ea7efbd03,focus,180.0,modulation,0.18677085638046265,0.18872153759002686,24.0,0.17844253740214136,0.5094892978668213,0.16003072261810303
focus_brainfm_5c2ea7efbd03,focus,300.0,acoustic_novelty,0.13852417469024658,0.16863620281219482,6.0,0.41036790131179407,0.2388109564781189,0.13483870029449463
focus_brainfm_5c2ea7efbd03,focus,300.0,loudness,0.15957105159759521,0.15957105159759521,4.0,0.5904761412904516,0.6122014224529266,0.13140922784805298
focus_brainfm_5c2ea7efbd03,focus,300.0,onset,0.41413044929504395,0.41413044929504395,4.0,0.6248521422296106,0.6759974658489227,0.1573997139930725
focus_brainfm_5c2ea7efbd03,focus,300.0,tonal_novelty,0.13819968700408936,0.13819968700408936,6.037109375,0.268624800637843,0.6794106662273407,0.17789757251739502
focus_brainfm_5c2ea7efbd03,focus,300.0,modulation,0.1608179807662964,0.1702139973640442,24.0,0.08680279161313484,0.6452209055423737,0.1459496021270752
focus_brainfm_5ddfc60155f3,focus,180.0,acoustic_novelty,0.11307764053344727,0.1261044144630432,16.0,0.28372897183147433,0.20200443267822266,0.13282471895217896
focus_brainfm_5ddfc60155f3,focus,180.0,loudness,0.4584655165672302,0.4584655165672302,5.0,0.5038593037345869,0.7039670944213867,0.1633462905883789
focus_brainfm_5ddfc60155f3,focus,180.0,onset,0.2771918773651123,0.2771918773651123,4.0,0.560994544785469,0.7500315010547638,0.23961925506591797
focus_brainfm_5ddfc60155f3,focus,180.0,tonal_novelty,0.1561521291732788,0.1736934781074524,21.1767578125,0.5937959295129414,0.4050062298774719,0.1552075743675232
focus_brainfm_5ddfc60155f3,focus,180.0,modulation,0.17312097549438477,0.17312097549438477,28.0,0.033877644818946374,0.28188109397888184,0.12932538986206055
focus_brainfm_5ddfc60155f3,focus,300.0,acoustic_novelty,0.14300823211669922,0.14300823211669922,10.5,0.2412020247765882,0.5434063673019409,0.14452999830245972
focus_brainfm_5ddfc60155f3,focus,300.0,loudness,0.22852745652198792,0.25214117765426636,5.0,0.6067168720544855,0.7060223519802094,0.1671430468559265
focus_brainfm_5ddfc60155f3,focus,300.0,onset,0.24640890955924988,0.24640890955924988,4.0,0.6324726432395649,0.6990083754062653,0.18481504917144775
focus_brainfm_5ddfc60155f3,focus,300.0,tonal_novelty,0.1701982617378235,0.1797923445701599,21.1767578125,0.5783062859787722,0.3457886576652527,0.1386014223098755
focus_brainfm_5ddfc60155f3,focus,300.0,modulation,0.4466128945350647,0.4466128945350647,16.0,0.2788386161805848,0.8353882730007172,0.19124829769134521
focus_brainfm_605fe5e55118,focus,180.0,acoustic_novelty,0.18161261081695557,0.18161261081695557,8.5,0.16639466970018543,0.3643984794616699,0.14314979314804077
focus_brainfm_605fe5e55118,focus,180.0,loudness,0.16682863235473633,0.16682863235473633,4.0,0.38501228675163934,0.7130245566368103,0.16913974285125732
focus_brainfm_605fe5e55118,focus,180.0,onset,0.18970054388046265,0.18970054388046265,4.0,0.3663225042283727,0.37306779623031616,0.16464447975158691
focus_brainfm_605fe5e55118,focus,180.0,tonal_novelty,0.19194751977920532,0.19194751977920532,6.40869140625,0.20336302583304183,0.3509795665740967,0.15049004554748535
focus_brainfm_605fe5e55118,focus,180.0,modulation,0.26240819692611694,0.26240819692611694,16.0,0.15632701516885575,0.6930075883865356,0.17525452375411987
focus_brainfm_605fe5e55118,focus,300.0,acoustic_novelty,0.13483518362045288,0.13483518362045288,8.5,0.2670315604222173,0.36904120445251465,0.15420442819595337
focus_brainfm_605fe5e55118,focus,300.0,loudness,0.1308715045452118,0.1308715045452118,4.0,0.38005013667886567,0.8680486381053925,0.1486825942993164
focus_brainfm_605fe5e55118,focus,300.0,onset,0.18907707929611206,0.18907707929611206,4.0,0.44533642320064,0.5896090567111969,0.15379559993743896
focus_brainfm_605fe5e55118,focus,300.0,tonal_novelty,0.19354581832885742,0.19354581832885742,8.544921875,0.1906881389957555,0.2746187448501587,0.15599411725997925
focus_brainfm_605fe5e55118,focus,300.0,modulation,0.19938868284225464,0.19938868284225464,32.0,0.16945816471415615,0.70306396484375,0.1675572395324707
focus_brainfm_6b04cef70c17,focus,180.0,acoustic_novelty,0.1568809151649475,0.1568809151649475,9.5,0.45069294729739373,0.372907817363739,0.15722137689590454
focus_brainfm_6b04cef70c17,focus,180.0,loudness,0.15743041038513184,0.15743041038513184,4.5,0.4696000964812945,0.6956954002380371,0.14372819662094116
focus_brainfm_6b04cef70c17,focus,180.0,onset,0.176996111869812,0.18461966514587402,9.5,0.514710807239349,0.2366970181465149,0.18422424793243408
focus_brainfm_6b04cef70c17,focus,180.0,tonal_novelty,0.20349329710006714,0.20349329710006714,9.659423828125,0.44435233348824116,0.26839470863342285,0.13956749439239502
focus_brainfm_6b04cef70c17,focus,180.0,modulation,0.27881062030792236,0.27881062030792236,20.0,0.08662259403366887,0.5368010401725769,0.1435837745666504
focus_brainfm_6b04cef70c17,focus,300.0,acoustic_novelty,0.13551795482635498,0.13551795482635498,9.5,0.3255517822377529,0.37905049324035645,0.15937018394470215
focus_brainfm_6b04cef70c17,focus,300.0,loudness,0.16306865215301514,0.16306865215301514,4.0,0.5031637928725136,0.6929958462715149,0.13919216394424438
focus_brainfm_6b04cef70c17,focus,300.0,onset,0.23905420303344727,0.23905420303344727,5.0,0.5439118309349754,0.23327863216400146,0.13357192277908325
focus_brainfm_6b04cef70c17,focus,300.0,tonal_novelty,0.2025812864303589,0.2025812864303589,9.659423828125,0.37048591636287254,0.5432040691375732,0.16281992197036743
focus_brainfm_6b04cef70c17,focus,300.0,modulation,0.20336949825286865,0.20336949825286865,20.0,0.10342180677161514,0.4418122172355652,0.19196194410324097
focus_brainfm_74a3c33305de,focus,180.0,acoustic_novelty,0.18571150302886963,0.18571150302886963,8.0,0.2674957586962174,0.4416655898094177,0.15032517910003662
focus_brainfm_74a3c33305de,focus,180.0,loudness,0.25397825241088867,0.25397825241088867,5.0,0.37132326045991226,0.6253570914268494,0.17232239246368408
focus_brainfm_74a3c33305de,focus,180.0,onset,0.203188955783844,0.203188955783844,4.0,0.3183537518164534,0.654520571231842,0.15517723560333252
focus_brainfm_74a3c33305de,focus,180.0,tonal_novelty,0.12148088216781616,0.21968317031860352,21.1767578125,0.4310178052920968,0.24571579694747925,0.16724348068237305
focus_brainfm_74a3c33305de,focus,180.0,modulation,0.13133764266967773,0.18672919273376465,20.0,0.050899469346760706,0.22200500965118408,0.23532408475875854
focus_brainfm_74a3c33305de,focus,300.0,acoustic_novelty,0.13849490880966187,0.13849490880966187,8.0,0.25077667540487925,0.43931013345718384,0.1444336175918579
focus_brainfm_74a3c33305de,focus,300.0,loudness,0.25617659091949463,0.25617659091949463,5.0,0.33933879757765517,0.5988187491893768,0.18254899978637695
focus_brainfm_74a3c33305de,focus,300.0,onset,0.5292476713657379,0.5292476713657379,4.0,0.3082220880253599,0.6549888253211975,0.2042708396911621
focus_brainfm_74a3c33305de,focus,300.0,tonal_novelty,0.1317310333251953,0.15429902076721191,21.1767578125,0.2740909250378324,0.4370367228984833,0.16449487209320068
focus_brainfm_74a3c33305de,focus,300.0,modulation,0.2928164601325989,0.2928164601325989,20.0,0.10249365582588799,0.238794207572937,0.16300040483474731
focus_brainfm_823b5f5a9bd8,focus,180.0,acoustic_novelty,0.12664276361465454,0.17564070224761963,11.5,0.477584202531131,0.3954527974128723,0.1392248272895813
focus_brainfm_823b5f5a9bd8,focus,180.0,loudness,0.14776360988616943,0.17418360710144043,5.5,0.4915678004147155,0.8798101842403412,0.16875910758972168
focus_brainfm_823b5f5a9bd8,focus,180.0,onset,0.402018278837204,0.4364381432533264,5.5,0.27007803967617516,0.10337412357330322,0.155487060546875
focus_brainfm_823b5f5a9bd8,focus,180.0,tonal_novelty,0.13394910097122192,0.2434675693511963,23.0341796875,0.49041490724064846,0.05045270919799805,0.1432706117630005
focus_brainfm_823b5f5a9bd8,focus,180.0,modulation,0.09536981582641602,0.13137876987457275,22.0,0.22111469879334472,0.061318159103393555,0.10478091239929199
focus_brainfm_823b5f5a9bd8,focus,300.0,acoustic_novelty,0.16353994607925415,0.2209416627883911,11.5,0.5052972569806773,0.3968685269355774,0.11572355031967163
focus_brainfm_823b5f5a9bd8,focus,300.0,loudness,0.1323697865009308,0.13300907611846924,5.5,0.42422221710010105,0.8786035776138306,0.14285814762115479
focus_brainfm_823b5f5a9bd8,focus,300.0,onset,0.19161701202392578,0.2519646883010864,5.5,0.22805132646429493,0.09970349073410034,0.16344892978668213
focus_brainfm_823b5f5a9bd8,focus,300.0,tonal_novelty,0.12738287448883057,0.15673458576202393,23.0341796875,0.4747543447500129,0.08130568265914917,0.14241266250610352
focus_brainfm_823b5f5a9bd8,focus,300.0,modulation,0.12985429167747498,0.12985429167747498,22.0,0.22045571071417078,0.054195404052734375,0.167059063911438
focus_brainfm_856adfeebbbe,focus,180.0,acoustic_novelty,0.14441734552383423,0.14441734552383423,4.0,0.5823022051660901,0.7520320415496826,0.13491326570510864
focus_brainfm_856adfeebbbe,focus,180.0,loudness,0.385929137468338,0.385929137468338,4.0,0.5483497672186998,0.6314367353916168,0.15096014738082886
focus_brainfm_856adfeebbbe,focus,180.0,onset,0.18714287877082825,0.18714287877082825,4.0,0.6397111954266275,0.7632438838481903,0.17106640338897705
focus_brainfm_856adfeebbbe,focus,180.0,tonal_novelty,0.1587499976158142,0.1587499976158142,4.5511474609375,0.24939725123390588,0.2536916136741638,0.1640872359275818
focus_brainfm_856adfeebbbe,focus,180.0,modulation,0.2249763011932373,0.2249763011932373,18.0,0.11537621292975447,0.5055782496929169,0.11351579427719116
focus_brainfm_856adfeebbbe,focus,300.0,acoustic_novelty,0.1398400068283081,0.1398400068283081,4.0,0.4988890197323497,0.7497767210006714,0.13320225477218628
focus_brainfm_856adfeebbbe,focus,300.0,loudness,0.23417946696281433,0.23417946696281433,4.0,0.4947742776768618,0.6293955147266388,0.12894541025161743
focus_brainfm_856adfeebbbe,focus,300.0,onset,0.20576244592666626,0.20576244592666626,4.0,0.5581451689427241,0.7453002333641052,0.17946773767471313
focus_brainfm_856adfeebbbe,focus,300.0,tonal_novelty,0.1392645239830017,0.14586585760116577,20.48016357421875,0.08495868000633039,0.3041501045227051,0.17238199710845947
focus_brainfm_856adfeebbbe,focus,300.0,modulation,0.18457061052322388,0.18457061052322388,18.0,0.08381414521615853,0.5020562708377838,0.12912070751190186
focus_brainfm_93196de7204f,focus,180.0,acoustic_novelty,0.26653236150741577,0.26653236150741577,5.0,0.28223922637584303,0.321825236082077,0.11716699600219727
focus_brainfm_93196de7204f,focus,180.0,loudness,0.17002302408218384,0.17002302408218384,4.0,0.48401944456070706,0.6759864985942841,0.14638715982437134
focus_brainfm_93196de7204f,focus,180.0,onset,0.6288430988788605,0.6288430988788605,4.0,0.5809170914589417,0.6169648170471191,0.18312621116638184
focus_brainfm_93196de7204f,focus,180.0,tonal_novelty,0.2101457118988037,0.2101457118988037,5.294189453125,0.3133671536386823,0.3584092855453491,0.17626386880874634
focus_brainfm_93196de7204f,focus,180.0,modulation,0.16740214824676514,0.16740214824676514,16.0,0.28783183410369045,0.25022774934768677,0.10815280675888062
focus_brainfm_93196de7204f,focus,300.0,acoustic_novelty,0.18222641944885254,0.19283759593963623,10.5,0.22895662339537592,0.3185804784297943,0.13023078441619873
focus_brainfm_93196de7204f,focus,300.0,loudness,0.27750545740127563,0.27750545740127563,4.0,0.4687356615500809,0.675483375787735,0.14434295892715454
focus_brainfm_93196de7204f,focus,300.0,onset,0.5348773300647736,0.5348773300647736,4.0,0.6015514830313817,0.6164524555206299,0.17262566089630127
focus_brainfm_93196de7204f,focus,300.0,tonal_novelty,0.10917103290557861,0.10917103290557861,5.294189453125,0.25197838677083934,0.3170199990272522,0.1580665111541748
focus_brainfm_93196de7204f,focus,300.0,modulation,0.2501380443572998,0.2501380443572998,20.0,0.14982019825049284,0.2501900792121887,0.13995903730392456
pop_jamendo_0010326,pop,180.0,acoustic_novelty,0.12846338748931885,0.12846338748931885,4.0,0.4160972725497921,0.24220603704452515,0.1624842882156372
pop_jamendo_0010326,pop,180.0,loudness,0.7766425013542175,0.7766425013542175,4.0,0.44039498109163583,0.8551715910434723,0.15127712488174438
pop_jamendo_0010326,pop,180.0,onset,0.519421398639679,0.519421398639679,4.0,0.3802298396430895,0.7210303544998169,0.1214749813079834
pop_jamendo_0010326,pop,180.0,tonal_novelty,0.17812961339950562,0.17812961339950562,4.388574600219727,0.11170667299898113,0.523420512676239,0.10790503025054932
pop_jamendo_0010326,pop,180.0,modulation,0.056423455476760864,0.056423455476760864,32.0,0.21963180383818673,0.3498983383178711,0.10725855827331543
pop_jamendo_0010326,pop,300.0,acoustic_novelty,0.19526547193527222,0.19526547193527222,4.0,0.2561688753416913,0.25626474618911743,0.17565709352493286
pop_jamendo_0010326,pop,300.0,loudness,0.3928247094154358,0.3928247094154358,4.0,0.24831061744896032,0.568166971206665,0.16555637121200562
pop_jamendo_0010326,pop,300.0,onset,0.44151735305786133,0.44151735305786133,4.0,0.210756865231581,0.7599129974842072,0.14690494537353516
pop_jamendo_0010326,pop,300.0,tonal_novelty,0.16738182306289673,0.19282978773117065,6.8266448974609375,0.07638994311941369,0.4801362156867981,0.15550506114959717
pop_jamendo_0010326,pop,300.0,modulation,0.3337444067001343,0.3337444067001343,16.0,0.10737547613077271,0.36887210607528687,0.173123300075531
pop_jamendo_0106778,pop,180.0,acoustic_novelty,0.18374407291412354,0.23323452472686768,5.5,0.33146960631399935,0.5105489492416382,0.1513233184814453
pop_jamendo_0106778,pop,180.0,loudness,0.4134197533130646,0.4134197533130646,4.0,0.9616931734848918,0.7272409796714783,0.17999130487442017
pop_jamendo_0106778,pop,180.0,onset,0.18027722835540771,0.18027722835540771,15.0,0.5593949090093133,0.314552903175354,0.11689198017120361
pop_jamendo_0106778,pop,180.0,tonal_novelty,0.16568917036056519,0.16568917036056519,5.7469024658203125,0.25295386220203775,0.6315508782863617,0.18736553192138672
pop_jamendo_0106778,pop,180.0,modulation,0.1631453037261963,0.1631453037261963,16.0,0.09077787231496068,0.20440489053726196,0.11829102039337158
pop_jamendo_0106778,pop,300.0,acoustic_novelty,0.18084663152694702,0.24238735437393188,5.5,0.2814744087567438,0.5169453024864197,0.12865972518920898
pop_jamendo_0106778,pop,300.0,loudness,0.36611250042915344,0.36611250042915344,4.0,0.8710384986955682,0.7280257940292358,0.14606285095214844
pop_jamendo_0106778,pop,300.0,onset,0.17517811059951782,0.17517811059951782,15.0,0.6056719725688712,0.23673933744430542,0.15626198053359985
pop_jamendo_0106778,pop,300.0,tonal_novelty,0.17243587970733643,0.19079208374023438,5.7469024658203125,0.22505813563259613,0.5061130225658417,0.16792887449264526
pop_jamendo_0106778,pop,300.0,modulation,0.13974663615226746,0.14568698406219482,20.0,0.05128437257970919,0.22447532415390015,0.10914993286132812
pop_jamendo_0106878,pop,180.0,acoustic_novelty,0.12574684619903564,0.12574684619903564,4.0,0.1867991798995969,0.2989930510520935,0.10606944561004639
pop_jamendo_0106878,pop,180.0,loudness,0.5599255263805389,0.9313977062702179,6.5,0.15960192607449442,0.8256934285163879,0.15379470586776733
pop_jamendo_0106878,pop,180.0,onset,0.5162122249603271,0.5162122249603271,13.5,0.16336726222208098,0.6819708943367004,0.11233684420585632
pop_jamendo_0106878,pop,180.0,tonal_novelty,0.17447417974472046,0.17447417974472046,7.941261291503906,0.2717638124377331,0.335874080657959,0.13978612422943115
pop_jamendo_0106878,pop,180.0,modulation,0.19622284173965454,0.19622284173965454,16.0,0.21250761260694387,0.40541017055511475,0.1413479447364807
pop_jamendo_0106878,pop,300.0,acoustic_novelty,0.15519005060195923,0.15519005060195923,4.0,0.18496447405229358,0.4312143921852112,0.13925737142562866
pop_jamendo_0106878,pop,300.0,loudness,0.34513646364212036,0.34513646364212036,4.0,0.30873619744186453,0.681963175535202,0.13704043626785278
pop_jamendo_0106878,pop,300.0,onset,0.39354342222213745,0.39354342222213745,4.0,0.3558995777246261,0.875860720872879,0.13687151670455933
pop_jamendo_0106878,pop,300.0,tonal_novelty,0.1212090253829956,0.1575627326965332,8.359375,0.18500833281625514,0.44199633598327637,0.11793935298919678
pop_jamendo_0106878,pop,300.0,modulation,0.1714755892753601,0.1714755892753601,20.0,0.01523677152145686,0.43935367465019226,0.1445000171661377
pop_jamendo_1000080,pop,180.0,acoustic_novelty,0.20896273851394653,0.20896273851394653,8.5,0.1585511805329862,0.3126072883605957,0.13671612739562988
pop_jamendo_1000080,pop,180.0,loudness,0.25107041001319885,0.25107041001319885,4.0,0.27836568304584286,0.7405568659305573,0.15780037641525269
pop_jamendo_1000080,pop,180.0,onset,0.1254555583000183,0.1254555583000183,8.5,0.16423974757490106,0.5042920708656311,0.066973477602005
pop_jamendo_1000080,pop,180.0,tonal_novelty,0.20087289810180664,0.20087289810180664,7.244636535644531,0.22361776024896116,0.0,0.1652563214302063
pop_jamendo_1000080,pop,180.0,modulation,0.15840601921081543,0.15840601921081543,30.0,0.19006185504772152,0.33136260509490967,0.0850561261177063
pop_jamendo_1000080,pop,300.0,acoustic_novelty,0.21852630376815796,0.21852630376815796,7.0,0.17135678352986095,0.6459922194480896,0.1434352993965149
pop_jamendo_1000080,pop,300.0,loudness,0.36737656593322754,0.36737656593322754,4.0,0.4211469807270631,0.5911312699317932,0.18729311227798462
pop_jamendo_1000080,pop,300.0,onset,0.7480826377868652,0.7480826377868652,4.0,0.6394334606482337,0.5605202317237854,0.21336549520492554
pop_jamendo_1000080,pop,300.0,tonal_novelty,0.1529671549797058,0.20993167161941528,19.319091796875,0.2384052022796298,0.09778773784637451,0.13817238807678223
pop_jamendo_1000080,pop,300.0,modulation,0.18627846240997314,0.18627846240997314,16.0,0.13440285777605776,0.23162102699279785,0.13397759199142456
pop_jamendo_1012188,pop,180.0,acoustic_novelty,0.17442405223846436,0.17442405223846436,4.0,0.4570748624289358,0.3419315218925476,0.16961365938186646
pop_jamendo_1012188,pop,180.0,loudness,0.16640079021453857,0.16640079021453857,4.0,0.32729988817927735,0.5825630128383636,0.1438162922859192
pop_jamendo_1012188,pop,180.0,onset,0.1335166096687317,0.19104653596878052,5.0,0.2522026675324836,0.6191145181655884,0.14969313144683838
pop_jamendo_1012188,pop,180.0,tonal_novelty,0.18032598495483398,0.18032598495483398,5.0155029296875,0.24809025759292283,0.3238688111305237,0.1542866826057434
pop_jamendo_1012188,pop,180.0,modulation,0.33903127908706665,0.33903127908706665,32.0,0.18657564630696027,0.6563515663146973,0.1662793755531311
pop_jamendo_1012188,pop,300.0,acoustic_novelty,0.17442405223846436,0.17442405223846436,4.0,0.4570748624289358,0.3419315218925476,0.23035699129104614
pop_jamendo_1012188,pop,300.0,loudness,0.16640079021453857,0.16640079021453857,4.0,0.32729988817927735,0.5825630128383636,0.1296747922897339
pop_jamendo_1012188,pop,300.0,onset,0.1335166096687317,0.19104653596878052,5.0,0.2522026675324836,0.6191145181655884,0.14274978637695312
pop_jamendo_1012188,pop,300.0,tonal_novelty,0.18032598495483398,0.18032598495483398,5.0155029296875,0.24809025759292283,0.3238688111305237,0.17439240217208862
pop_jamendo_1012188,pop,300.0,modulation,0.33903127908706665,0.33903127908706665,32.0,0.18657564630696027,0.6563515663146973,0.11758095026016235
pop_jamendo_1015416,pop,180.0,acoustic_novelty,0.23376166820526123,0.23376166820526123,4.0,0.21230124829015973,0.44208037853240967,0.07110455632209778
pop_jamendo_1015416,pop,180.0,loudness,0.20669251680374146,0.20669251680374146,4.0,0.2720178442132897,0.8517558872699738,0.10325735807418823
pop_jamendo_1015416,pop,180.0,onset,0.5023941695690155,0.5023941695690155,4.0,0.6380556435433731,0.868879497051239,0.16338986158370972
pop_jamendo_1015416,pop,180.0,tonal_novelty,0.20357078313827515,0.20357078313827515,3.80810546875,0.6314346039064378,0.6203474998474121,0.1213686466217041
pop_jamendo_1015416,pop,180.0,modulation,0.48194921016693115,0.48194921016693115,16.0,0.23238474679077636,0.75264972448349,0.15550094842910767
pop_jamendo_1015416,pop,300.0,acoustic_novelty,0.23376166820526123,0.23376166820526123,4.0,0.21230124829015973,0.44208037853240967,0.07098019123077393
pop_jamendo_1015416,pop,300.0,loudness,0.20669251680374146,0.20669251680374146,4.0,0.2720178442132897,0.8517558872699738,0.09586465358734131
pop_jamendo_1015416,pop,300.0,onset,0.5023941695690155,0.5023941695690155,4.0,0.6380556435433731,0.868879497051239,0.1923147439956665
pop_jamendo_1015416,pop,300.0,tonal_novelty,0.20357078313827515,0.20357078313827515,3.80810546875,0.6314346039064378,0.6203474998474121,0.10945111513137817
pop_jamendo_1015416,pop,300.0,modulation,0.48194921016693115,0.48194921016693115,16.0,0.23238474679077636,0.75264972448349,0.17530208826065063
pop_jamendo_1045184,pop,180.0,acoustic_novelty,0.1408495306968689,0.1408495306968689,6.0,0.28985439344345326,0.28661584854125977,0.16485512256622314
pop_jamendo_1045184,pop,180.0,loudness,0.1391759216785431,0.1391759216785431,4.0,0.5109298692343731,0.6463838815689087,0.1349271535873413
pop_jamendo_1045184,pop,180.0,onset,0.30353254079818726,0.30353254079818726,4.0,0.2978757436568026,0.7103893458843231,0.15453195571899414
pop_jamendo_1045184,pop,180.0,tonal_novelty,0.13555437326431274,0.13555437326431274,4.272472381591797,0.21134721263271414,0.6553391218185425,0.14094913005828857
pop_jamendo_1045184,pop,180.0,modulation,0.19139176607131958,0.19139176607131958,32.0,0.31657339175537536,0.5028173327445984,0.15395843982696533
pop_jamendo_1045184,pop,300.0,acoustic_novelty,0.23406720161437988,0.23406720161437988,4.0,0.23535419167990693,0.5478339791297913,0.13529914617538452
pop_jamendo_1045184,pop,300.0,loudness,0.2687980830669403,0.2687980830669403,4.0,0.4011319112952438,0.657261073589325,0.13669127225875854
pop_jamendo_1045184,pop,300.0,onset,0.3462393879890442,0.3462393879890442,4.0,0.2556833880001675,0.6732608675956726,0.17226552963256836
pop_jamendo_1045184,pop,300.0,tonal_novelty,0.1770610809326172,0.1770610809326172,4.2724609375,0.1797605906263348,0.639068603515625,0.15186172723770142
pop_jamendo_1045184,pop,300.0,modulation,0.18193739652633667,0.18193739652633667,30.0,0.06035085888359143,0.839228481054306,0.1720065474510193
pop_jamendo_1047481,pop,180.0,acoustic_novelty,0.20216459035873413,0.20216459035873413,6.0,0.4524287226775489,0.25970906019210815,0.142971932888031
pop_jamendo_1047481,pop,180.0,loudness,0.3270329236984253,0.3658243417739868,6.0,0.540645471354118,0.8213673233985901,0.1527222990989685
pop_jamendo_1047481,pop,180.0,onset,0.3802657723426819,0.3802657723426819,5.5,0.4725380663179883,0.9441657364368439,0.1688011884689331
pop_jamendo_1047481,pop,180.0,tonal_novelty,0.1555577516555786,0.1555577516555786,6.03717041015625,0.4216613076056536,0.2001286745071411,0.12669885158538818
pop_jamendo_1047481,pop,180.0,modulation,0.43201249837875366,0.43201249837875366,16.0,0.053761291019046344,0.710661768913269,0.10553127527236938
pop_jamendo_1047481,pop,300.0,acoustic_novelty,0.20140737295150757,0.2404441237449646,6.0,0.23031716265817664,0.20099908113479614,0.09981653094291687
pop_jamendo_1047481,pop,300.0,loudness,0.362280011177063,0.362280011177063,6.0,0.39233617608427823,0.5987729430198669,0.0832693874835968
pop_jamendo_1047481,pop,300.0,onset,0.38559821248054504,0.38559821248054504,5.5,0.3636362889995122,0.8162020742893219,0.08303689956665039
pop_jamendo_1047481,pop,300.0,tonal_novelty,0.16542589664459229,0.16542589664459229,6.03717041015625,0.5178478901134592,0.4078546166419983,0.14785897731781006
pop_jamendo_1047481,pop,300.0,modulation,0.31610172986984253,0.31610172986984253,24.0,0.03443777824797733,0.5426060855388641,0.16355860233306885
pop_jamendo_1049715,pop,180.0,acoustic_novelty,0.35988402366638184,0.35988402366638184,4.5,0.13047949281353036,0.045801401138305664,0.10797548294067383
pop_jamendo_1049715,pop,180.0,loudness,0.7074705064296722,0.7074705064296722,4.0,0.2342341019350635,0.8343214988708496,0.12689274549484253
pop_jamendo_1049715,pop,180.0,onset,0.27880942821502686,0.27880942821502686,4.0,0.14286305729956106,0.3864896893501282,0.0838060975074768
pop_jamendo_1049715,pop,180.0,tonal_novelty,0.15789109468460083,0.15789109468460083,5.015507698059082,0.18119728296344922,0.2816910743713379,0.1451115608215332
pop_jamendo_1049715,pop,180.0,modulation,0.2869264483451843,0.2869264483451843,16.0,0.0793043567523811,0.48738348484039307,0.13614356517791748
pop_jamendo_1049715,pop,300.0,acoustic_novelty,0.35988402366638184,0.35988402366638184,4.5,0.13047949281353036,0.045801401138305664,0.10291051864624023
pop_jamendo_1049715,pop,300.0,loudness,0.7074705064296722,0.7074705064296722,4.0,0.2342341019350635,0.8343214988708496,0.10818171501159668
pop_jamendo_1049715,pop,300.0,onset,0.27880942821502686,0.27880942821502686,4.0,0.14286305729956106,0.3864896893501282,0.11689740419387817
pop_jamendo_1049715,pop,300.0,tonal_novelty,0.15789109468460083,0.15789109468460083,5.015507698059082,0.18119728296344922,0.2816910743713379,0.12854748964309692
pop_jamendo_1049715,pop,300.0,modulation,0.2869264483451843,0.2869264483451843,16.0,0.0793043567523811,0.48738348484039307,0.14644676446914673
pop_jamendo_1056647,pop,180.0,acoustic_novelty,0.3225226402282715,0.3225226402282715,7.5,0.28078728794788466,0.5758768618106842,0.09225541353225708
pop_jamendo_1056647,pop,180.0,loudness,0.45827656984329224,0.45827656984329224,4.0,0.5245975765401207,0.4030621647834778,0.11594253778457642
pop_jamendo_1056647,pop,180.0,onset,0.578441321849823,0.578441321849823,4.0,0.562299798819435,0.5506240427494049,0.17925560474395752
pop_jamendo_1056647,pop,180.0,tonal_novelty,0.20096492767333984,0.20096492767333984,7.430419921875,0.4090004429308612,0.40210777521133423,0.15002626180648804
pop_jamendo_1056647,pop,180.0,modulation,0.3021048307418823,0.3021048307418823,16.0,0.05677176860660166,0.907886415719986,0.1570730209350586
pop_jamendo_1056647,pop,300.0,acoustic_novelty,0.24617516994476318,0.24617516994476318,7.5,0.16984995267012132,0.6137247085571289,0.14437776803970337
pop_jamendo_1056647,pop,300.0,loudness,0.531733512878418,0.531733512878418,4.0,0.47896652551276564,0.6309885382652283,0.18147128820419312
pop_jamendo_1056647,pop,300.0,onset,0.28727173805236816,0.28727173805236816,4.0,0.5163084266136359,0.5584052205085754,0.12710851430892944
pop_jamendo_1056647,pop,300.0,tonal_novelty,0.17470401525497437,0.17470401525497437,7.430419921875,0.3745404353407364,0.45905405282974243,0.14080464839935303
pop_jamendo_1056647,pop,300.0,modulation,0.3753353953361511,0.3753353953361511,32.0,0.042704187337453375,0.9103536307811737,0.16480880975723267
pop_jamendo_1074604,pop,180.0,acoustic_novelty,0.1960931420326233,0.1960931420326233,4.0,0.2650538095190511,0.1929798126220703,0.14079737663269043
pop_jamendo_1074604,pop,180.0,loudness,0.4175472855567932,0.4175472855567932,4.0,0.48603176020358496,0.676844596862793,0.19727706909179688
pop_jamendo_1074604,pop,180.0,onset,0.32113879919052124,0.32113879919052124,4.0,0.6101319796964699,0.6372304558753967,0.17319321632385254
pop_jamendo_1074604,pop,180.0,tonal_novelty,0.22096788883209229,0.30997443199157715,16.346832275390625,0.23875589706693467,0.6494351327419281,0.16062021255493164
pop_jamendo_1074604,pop,180.0,modulation,0.2871372103691101,0.2871372103691101,16.0,0.2002924678465719,0.1601804494857788,0.13572657108306885
pop_jamendo_1074604,pop,300.0,acoustic_novelty,0.1960931420326233,0.1960931420326233,4.0,0.2650538095190511,0.1929798126220703,0.14686590433120728
pop_jamendo_1074604,pop,300.0,loudness,0.4175472855567932,0.4175472855567932,4.0,0.48603176020358496,0.676844596862793,0.15406090021133423
pop_jamendo_1074604,pop,300.0,onset,0.32113879919052124,0.32113879919052124,4.0,0.6101319796964699,0.6372304558753967,0.21211665868759155
pop_jamendo_1074604,pop,300.0,tonal_novelty,0.22096788883209229,0.30997443199157715,16.346832275390625,0.23875589706693467,0.6494351327419281,0.1807761788368225
pop_jamendo_1074604,pop,300.0,modulation,0.2871372103691101,0.2871372103691101,16.0,0.2002924678465719,0.1601804494857788,0.14584481716156006
pop_jamendo_1078317,pop,180.0,acoustic_novelty,0.1867467164993286,0.1867467164993286,7.0,0.23454850315628206,0.5515992939472198,0.13134640455245972
pop_jamendo_1078317,pop,180.0,loudness,0.2490251660346985,0.2951143980026245,5.0,0.751423707159323,0.5163111984729767,0.14276832342147827
pop_jamendo_1078317,pop,180.0,onset,0.1709178388118744,0.1709178388118744,4.0,0.9385222689925056,0.5013157725334167,0.149988055229187
pop_jamendo_1078317,pop,180.0,tonal_novelty,0.17296725511550903,0.1920466423034668,10.73923110961914,0.15034941077993097,0.22301042079925537,0.14575469493865967
pop_jamendo_1078317,pop,180.0,modulation,0.1631590723991394,0.19423574209213257,20.0,0.1297510841705071,0.1890762448310852,0.1292574405670166
pop_jamendo_1078317,pop,300.0,acoustic_novelty,0.19500470161437988,0.19500470161437988,7.0,0.20262913038507557,0.2514191269874573,0.1413477659225464
pop_jamendo_1078317,pop,300.0,loudness,0.17228549718856812,0.17228549718856812,4.5,0.7328624424273387,0.5050180852413177,0.14529180526733398
pop_jamendo_1078317,pop,300.0,onset,0.12816721200942993,0.12816721200942993,4.0,0.8156862166424815,0.3801976442337036,0.15333324670791626
pop_jamendo_1078317,pop,300.0,tonal_novelty,0.16031870245933533,0.16031870245933533,3.8661231994628906,0.17253915993667962,0.49547672271728516,0.1681506633758545
pop_jamendo_1078317,pop,300.0,modulation,0.15059924125671387,0.15059924125671387,16.0,0.11561449858961043,0.3131932020187378,0.15814965963363647
pop_mtg_0331507,pop,180.0,acoustic_novelty,0.16645175218582153,0.16645175218582153,14.0,0.19012947205815922,0.260742723941803,0.14967697858810425
pop_mtg_0331507,pop,180.0,loudness,0.20090514421463013,0.20090514421463013,4.5,0.7158175500468407,0.7154974639415741,0.14770293235778809
pop_mtg_0331507,pop,180.0,onset,0.41695114970207214,0.41695114970207214,4.0,0.6714457083005422,0.44036903977394104,0.180658221244812
pop_mtg_0331507,pop,180.0,tonal_novelty,0.156541109085083,0.156541109085083,9.4737548828125,0.46945141700912796,0.37192511558532715,0.150642991065979
pop_mtg_0331507,pop,180.0,modulation,0.2329273819923401,0.2329273819923401,26.0,0.14992628876463748,0.23852986097335815,0.26428109407424927
pop_mtg_0331507,pop,300.0,acoustic_novelty,0.24158143997192383,0.24158143997192383,4.5,0.2132476403973509,0.25794172286987305,0.1526685357093811
pop_mtg_0331507,pop,300.0,loudness,0.17079642415046692,0.17079642415046692,4.5,0.4658053320676752,0.6403891742229462,0.10578656196594238
pop_mtg_0331507,pop,300.0,onset,0.43706512451171875,0.43706512451171875,4.0,0.38779605792238236,0.6008235812187195,0.18843388557434082
pop_mtg_0331507,pop,300.0,tonal_novelty,0.09663242101669312,0.09663242101669312,9.4737548828125,0.3827647603941742,0.37726908922195435,0.15690308809280396
pop_mtg_0331507,pop,300.0,modulation,0.4557262659072876,0.5417867600917816,26.0,0.14959449332795255,0.5483424067497253,0.138666570186615
pop_mtg_1088382,pop,180.0,acoustic_novelty,0.1283147931098938,0.1283147931098938,4.5,0.11765462960643089,0.4500776529312134,0.1840132474899292
pop_mtg_1088382,pop,180.0,loudness,0.18616646528244019,0.18616646528244019,4.0,0.4405729008581795,0.17992186546325684,0.1442926526069641
pop_mtg_1088382,pop,180.0,onset,0.1409791111946106,0.1741434931755066,9.0,0.2714120470078751,0.459155797958374,0.13098883628845215
pop_mtg_1088382,pop,180.0,tonal_novelty,0.1909940242767334,0.1909940242767334,8.272075653076172,0.3748332179091475,0.4793238639831543,0.15847104787826538
pop_mtg_1088382,pop,180.0,modulation,0.10819888114929199,0.10819888114929199,16.0,0.05653208173373914,0.07807666063308716,0.14429116249084473
pop_mtg_1088382,pop,300.0,acoustic_novelty,0.14445751905441284,0.18412721157073975,9.5,0.1700679264914876,0.3928166627883911,0.12000226974487305
pop_mtg_1088382,pop,300.0,loudness,0.16180828213691711,0.16180828213691711,4.0,0.48431729943788104,0.4482489824295044,0.21245181560516357
pop_mtg_1088382,pop,300.0,onset,0.2566937208175659,0.2566937208175659,4.0,0.48600809043025994,0.5973482728004456,0.21343070268630981
pop_mtg_1088382,pop,300.0,tonal_novelty,0.20978349447250366,0.20978349447250366,4.3653564453125,0.34673628673867835,0.4756258428096771,0.1721523404121399
pop_mtg_1088382,pop,300.0,modulation,0.1494821310043335,0.1494821310043335,16.0,0.14147340101277572,0.16694611310958862,0.17793238162994385
pop_mtg_1416335,pop,180.0,acoustic_novelty,0.22158563137054443,0.22158563137054443,17.5,0.44580941797600326,0.37406864762306213,0.15842777490615845
pop_mtg_1416335,pop,180.0,loudness,0.330346018075943,0.330346018075943,4.0,0.5027316287697265,0.6948978900909424,0.11249673366546631
pop_mtg_1416335,pop,180.0,onset,0.16911917924880981,0.16911917924880981,6.0,0.36941338623632203,0.04567742347717285,0.13631510734558105
pop_mtg_1416335,pop,180.0,tonal_novelty,0.13978439569473267,0.14731597900390625,17.46142578125,0.49575273091602867,0.14685744047164917,0.14320534467697144
pop_mtg_1416335,pop,180.0,modulation,0.5491095781326294,0.5491095781326294,16.0,0.06882810885508683,0.5973028242588043,0.1931341290473938
pop_mtg_1416335,pop,300.0,acoustic_novelty,0.22158563137054443,0.22158563137054443,17.5,0.44580941797600326,0.37406864762306213,0.1471540927886963
pop_mtg_1416335,pop,300.0,loudness,0.330346018075943,0.330346018075943,4.0,0.5027316287697265,0.6948978900909424,0.08138692378997803
pop_mtg_1416335,pop,300.0,onset,0.16911917924880981,0.16911917924880981,6.0,0.36941338623632203,0.04567742347717285,0.129155695438385
pop_mtg_1416335,pop,300.0,tonal_novelty,0.13978439569473267,0.14731597900390625,17.46142578125,0.49575273091602867,0.14685744047164917,0.16113722324371338
pop_mtg_1416335,pop,300.0,modulation,0.5491095781326294,0.5491095781326294,16.0,0.06882810885508683,0.5973028242588043,0.13231658935546875
