track_id,group,scale,name,det,maxline,meanline,lagpeak,eps,loop_det,shuffle_det,loop_max,shuffle_max
classical_musicnet_1730,classical,180.0,acoustic_2s,0.55078125,5.0,2.611111111111111,0.27710843373493976,0.8500163289238772,0.746268656716418,0.23344947735191637,73.0,4.0
classical_musicnet_1730,classical,180.0,rhythm_2s,0.22661870503597123,3.0,2.1,0.20481927710843373,0.7851682687353044,0.49808429118773945,0.18815331010452963,73.0,3.0
classical_musicnet_1730,classical,180.0,chroma_4beat,0.18823529411764706,3.0,2.0869565217391304,0.18823529411764706,0.6622514431485439,0.34962406015037595,0.1925925925925926,3.0,3.0
classical_musicnet_1730,classical,300.0,acoustic_2s,0.5522788203753352,6.0,2.559006211180124,0.2517482517482518,0.8573834916839662,0.6601466992665037,0.2331360946745562,133.0,4.0
classical_musicnet_1730,classical,300.0,rhythm_2s,0.25500667556742324,5.0,2.3012048192771086,0.18181818181818182,0.7529962776213416,0.5568326947637292,0.19225634178905207,133.0,4.0
classical_musicnet_1730,classical,300.0,chroma_4beat,0.14804469273743018,3.0,2.12,0.15151515151515152,0.6714470434722062,0.5371287128712872,0.20107962213225372,4.0,5.0
classical_musicnet_1835,classical,180.0,acoustic_2s,0.4139072847682119,16.0,3.5714285714285716,0.375,0.7638921134301204,0.6819923371647509,0.1801470588235294,73.0,3.0
classical_musicnet_1835,classical,180.0,rhythm_2s,0.27147766323024053,3.0,2.1944444444444446,0.19444444444444445,0.8286432970893227,0.5019305019305019,0.14391143911439114,73.0,3.0
classical_musicnet_1835,classical,180.0,chroma_4beat,0.25925925925925924,6.0,2.234042553191489,0.19148936170212766,0.6746556280755519,0.17796610169491525,0.13425925925925927,2.0,3.0
classical_musicnet_1835,classical,300.0,acoustic_2s,0.40040650406504064,16.0,3.078125,0.29,0.7205369700164317,0.6985743380855397,0.2109704641350211,101.0,4.0
classical_musicnet_1835,classical,300.0,rhythm_2s,0.28482328482328484,4.0,2.2096774193548385,0.21238938053097345,0.733163649746958,0.5141129032258065,0.25,101.0,3.0
classical_musicnet_1835,classical,300.0,chroma_4beat,0.24339360222531292,3.0,2.108433734939759,0.168,0.6638257787115481,0.06524466750313676,0.1499330655957162,2.0,3.0
classical_musicnet_2118,classical,180.0,acoustic_2s,0.2965779467680608,11.0,2.6,0.2702702702702703,0.7028342949381438,0.5038759689922481,0.20652173913043478,73.0,3.0
classical_musicnet_2118,classical,180.0,rhythm_2s,0.35135135135135137,4.0,2.311111111111111,0.21052631578947367,0.7305572823254557,0.48507462686567165,0.20833333333333334,73.0,3.0
classical_musicnet_2118,classical,180.0,chroma_4beat,0.41745283018867924,5.0,2.5652173913043477,0.15,0.7674178222907639,0.5822510822510822,0.1292372881355932,3.0,3.0
classical_musicnet_2118,classical,300.0,acoustic_2s,0.28883495145631066,11.0,2.6444444444444444,0.23,0.711740327471653,0.5460526315789473,0.21956521739130436,99.0,5.0
classical_musicnet_2118,classical,300.0,rhythm_2s,0.23779193205944799,4.0,2.196078431372549,0.17708333333333334,0.776069140873782,0.6828752642706131,0.19730941704035873,99.0,3.0
classical_musicnet_2118,classical,300.0,chroma_4beat,0.34177215189873417,4.0,2.479591836734694,0.14666666666666667,0.7529007923228828,0.4556291390728477,0.11681643132220795,4.0,4.0
classical_musicnet_2138,classical,180.0,acoustic_2s,0.49834983498349833,5.0,2.2205882352941178,0.22413793103448276,0.8306974972395774,0.4797047970479705,0.2066420664206642,73.0,3.0
classical_musicnet_2138,classical,180.0,rhythm_2s,0.3832752613240418,4.0,2.3404255319148937,0.17307692307692307,0.7808396503325672,0.5284552845528455,0.1950354609929078,73.0,3.0
classical_musicnet_2138,classical,180.0,chroma_4beat,0.32753623188405795,4.0,2.306122448979592,0.20634920634920634,0.6938114373463107,0.576271186440678,0.168141592920354,5.0,3.0
classical_musicnet_2138,classical,300.0,acoustic_2s,0.4394736842105263,6.0,2.352112676056338,0.2465753424657534,0.8024772367341649,0.5596919127086007,0.1618569636135508,133.0,5.0
classical_musicnet_2138,classical,300.0,rhythm_2s,0.3234567901234568,4.0,2.2016806722689077,0.17346938775510204,0.7588000258896996,0.5396039603960396,0.1921182266009852,133.0,3.0
classical_musicnet_2138,classical,300.0,chroma_4beat,0.22508398656215006,4.0,2.1847826086956523,0.1509433962264151,0.6853663163187165,0.24378109452736318,0.14135021097046413,7.0,3.0
classical_musicnet_2211,classical,180.0,acoustic_2s,0.42657342657342656,4.0,2.2181818181818183,0.19047619047619047,0.7005292624797058,0.6124031007751938,0.16793893129770993,73.0,3.0
classical_musicnet_2211,classical,180.0,rhythm_2s,0.30847457627118646,5.0,2.3333333333333335,0.21052631578947367,0.6069328287664729,0.6490566037735849,0.2668918918918919,73.0,4.0
classical_musicnet_2211,classical,180.0,chroma_4beat,0.17153284671532848,3.0,2.1363636363636362,0.15476190476190477,0.8036797563943585,0.5463258785942492,0.20677966101694914,3.0,4.0
classical_musicnet_2211,classical,300.0,acoustic_2s,0.4160714285714286,4.0,2.284313725490196,0.21739130434782608,0.6058824395191207,0.6247544204322201,0.16458333333333333,102.0,3.0
classical_musicnet_2211,classical,300.0,rhythm_2s,0.427536231884058,4.0,2.2264150943396226,0.18867924528301888,0.5246063561592916,0.5477707006369427,0.18473895582329317,102.0,3.0
classical_musicnet_2211,classical,300.0,chroma_4beat,0.32231404958677684,6.0,2.34,0.15789473684210525,0.7870707300766443,0.44360902255639095,0.12430939226519337,6.0,3.0
classical_musicnet_2232,classical,180.0,acoustic_2s,0.2553191489361702,2.0,2.0,0.18181818181818182,0.7405133722611058,0.6842105263157895,0.11363636363636363,26.0,3.0
classical_musicnet_2232,classical,180.0,rhythm_2s,0.27906976744186046,2.0,2.0,0.2,0.6520080375813423,0.5909090909090909,0.14814814814814814,26.0,2.0
classical_musicnet_2232,classical,180.0,chroma_4beat,0.24561403508771928,2.0,2.0,0.18181818181818182,0.6954032319811624,0.16981132075471697,0.10714285714285714,4.0,2.0
classical_musicnet_2232,classical,300.0,acoustic_2s,0.2553191489361702,2.0,2.0,0.18181818181818182,0.7405133722611058,0.6842105263157895,0.19230769230769232,26.0,2.0
classical_musicnet_2232,classical,300.0,rhythm_2s,0.27906976744186046,2.0,2.0,0.2,0.6520080375813423,0.5909090909090909,0.07692307692307693,26.0,2.0
classical_musicnet_2232,classical,300.0,chroma_4beat,0.24561403508771928,2.0,2.0,0.18181818181818182,0.6954032319811624,0.16981132075471697,0.17777777777777778,4.0,2.0
classical_musicnet_2234,classical,180.0,acoustic_2s,0.16,2.0,2.0,0.2,0.8177636540861614,0.7241379310344828,0.06666666666666667,21.0,2.0
classical_musicnet_2234,classical,180.0,rhythm_2s,0.1724137931034483,3.0,2.5,0.25,0.5787779657524408,0.7241379310344828,0.07407407407407407,21.0,2.0
classical_musicnet_2234,classical,180.0,chroma_4beat,0.13333333333333333,2.0,2.0,0.2,0.6924004117470736,0.2,0.0,2.0,1.0
classical_musicnet_2234,classical,300.0,acoustic_2s,0.16,2.0,2.0,0.2,0.8177636540861614,0.7241379310344828,0.14814814814814814,21.0,2.0
classical_musicnet_2234,classical,300.0,rhythm_2s,0.1724137931034483,3.0,2.5,0.25,0.5787779657524408,0.7241379310344828,0.1935483870967742,21.0,2.0
classical_musicnet_2234,classical,300.0,chroma_4beat,0.13333333333333333,2.0,2.0,0.2,0.6924004117470736,0.2,0.18181818181818182,2.0,2.0
classical_musicnet_2247,classical,180.0,acoustic_2s,0.16666666666666666,3.0,2.25,0.18181818181818182,0.5718112467020219,0.5094339622641509,0.18604651162790697,27.0,2.0
classical_musicnet_2247,classical,180.0,rhythm_2s,0.3125,2.0,2.0,0.21875,0.28537803052841665,0.5625,0.13333333333333333,27.0,2.0
classical_musicnet_2247,classical,180.0,chroma_4beat,0.30973451327433627,4.0,2.3333333333333335,0.17307692307692307,0.7890554526253789,0.3253012048192771,0.29411764705882354,6.0,2.0
classical_musicnet_2247,classical,300.0,acoustic_2s,0.16666666666666666,3.0,2.25,0.18181818181818182,0.5718112467020219,0.5094339622641509,0.14814814814814814,27.0,2.0
classical_musicnet_2247,classical,300.0,rhythm_2s,0.3125,2.0,2.0,0.21875,0.28537803052841665,0.5625,0.2553191489361702,27.0,2.0
classical_musicnet_2247,classical,300.0,chroma_4beat,0.30973451327433627,4.0,2.3333333333333335,0.17307692307692307,0.7890554526253789,0.3253012048192771,0.0625,6.0,2.0
classical_musicnet_2300,classical,180.0,acoustic_2s,0.24734982332155478,4.0,2.1875,0.1875,0.8065938183739414,0.5138339920948617,0.20703125,73.0,4.0
classical_musicnet_2300,classical,180.0,rhythm_2s,0.29615384615384616,4.0,2.264705882352941,0.17777777777777778,0.7729006856336903,0.6,0.15807560137457044,73.0,3.0
classical_musicnet_2300,classical,180.0,chroma_4beat,0.20527859237536658,3.0,2.121212121212121,0.17647058823529413,0.7190671400292226,0.578125,0.11428571428571428,5.0,3.0
classical_musicnet_2300,classical,300.0,acoustic_2s,0.34177215189873417,7.0,2.3625,0.17647058823529413,0.7254778036283301,0.5548387096774193,0.18924731182795698,102.0,3.0
classical_musicnet_2300,classical,300.0,rhythm_2s,0.2927835051546392,4.0,2.21875,0.17391304347826086,0.6225420884018541,0.6931106471816284,0.16396761133603238,102.0,5.0
classical_musicnet_2300,classical,300.0,chroma_4beat,0.16574585635359115,3.0,2.0454545454545454,0.15384615384615385,0.7050919720452504,0.20100502512562815,0.19661016949152543,5.0,3.0
classical_musopen_124b2ee448a3,classical,180.0,acoustic_2s,0.5358166189111748,9.0,2.5972222222222223,0.3333333333333333,0.8489910899609315,0.5138339920948617,0.18992248062015504,73.0,3.0
classical_musopen_124b2ee448a3,classical,180.0,rhythm_2s,0.19572953736654805,3.0,2.1153846153846154,0.2391304347826087,0.6884919251491752,0.664179104477612,0.23134328358208955,73.0,5.0
classical_musopen_124b2ee448a3,classical,180.0,chroma_4beat,0.1292517006802721,2.0,2.0,0.21739130434782608,0.7020258850729069,0.5283018867924528,0.2356902356902357,2.0,5.0
classical_musopen_124b2ee448a3,classical,300.0,acoustic_2s,0.47453703703703703,18.0,2.5625,0.3082191780821918,0.8574271094439212,0.5443196004993758,0.205771643663739,133.0,4.0
classical_musopen_124b2ee448a3,classical,300.0,rhythm_2s,0.2865566037735849,4.0,2.189189189189189,0.21052631578947367,0.6989812872564173,0.5470514429109159,0.1732484076433121,133.0,4.0
classical_musopen_124b2ee448a3,classical,300.0,chroma_4beat,0.22137404580152673,4.0,2.175,0.18867924528301888,0.6917239014559987,0.40100250626566414,0.24209245742092458,4.0,4.0
classical_musopen_26a41c433b68,classical,180.0,acoustic_2s,0.39097744360902253,15.0,3.7142857142857144,0.6888888888888889,0.7285002335354049,0.5656565656565656,0.10714285714285714,44.0,4.0
classical_musopen_26a41c433b68,classical,180.0,rhythm_2s,0.4444444444444444,6.0,2.4,0.3333333333333333,0.6625634008257086,0.4036697247706422,0.10084033613445378,44.0,2.0
classical_musopen_26a41c433b68,classical,180.0,chroma_4beat,0.10810810810810811,2.0,2.0,0.3333333333333333,0.6838829560714796,0.1794871794871795,0.25,4.0,3.0
classical_musopen_26a41c433b68,classical,300.0,acoustic_2s,0.39097744360902253,15.0,3.7142857142857144,0.6888888888888889,0.7285002335354049,0.5656565656565656,0.17829457364341086,44.0,3.0
classical_musopen_26a41c433b68,classical,300.0,rhythm_2s,0.4444444444444444,6.0,2.4,0.3333333333333333,0.6625634008257086,0.4036697247706422,0.17094017094017094,44.0,2.0
classical_musopen_26a41c433b68,classical,300.0,chroma_4beat,0.10810810810810811,2.0,2.0,0.3333333333333333,0.6838829560714796,0.1794871794871795,0.08333333333333333,4.0,2.0
classical_musopen_26b6da893e99,classical,180.0,acoustic_2s,0.32950191570881227,5.0,2.2051282051282053,0.15294117647058825,0.8535971161425148,0.5703971119133574,0.17985611510791366,73.0,3.0
classical_musopen_26b6da893e99,classical,180.0,rhythm_2s,0.2727272727272727,4.0,2.0833333333333335,0.18055555555555555,0.7297534758746916,0.664,0.16731517509727625,73.0,3.0
classical_musopen_26b6da893e99,classical,180.0,chroma_4beat,0.31756756756756754,4.0,2.238095238095238,0.19480519480519481,0.6571598277017243,0.29411764705882354,0.22857142857142856,6.0,2.0
classical_musopen_26b6da893e99,classical,300.0,acoustic_2s,0.3583662714097497,5.0,2.2113821138211383,0.16666666666666666,0.8360102802619258,0.5604113110539846,0.17951807228915662,133.0,4.0
classical_musopen_26b6da893e99,classical,300.0,rhythm_2s,0.21409921671018275,4.0,2.1025641025641026,0.17777777777777778,0.7507911263813013,0.5477386934673367,0.19088669950738915,133.0,4.0
classical_musopen_26b6da893e99,classical,300.0,chroma_4beat,0.28211009174311924,4.0,2.1578947368421053,0.17857142857142858,0.6611889355005838,0.2579185520361991,0.16372202591283863,6.0,3.0
classical_musopen_6288d37e8273,classical,180.0,acoustic_2s,0.4915254237288136,15.0,2.71875,0.44680851063829785,0.6997876989094036,0.6194690265486725,0.13740458015267176,46.0,2.0
classical_musopen_6288d37e8273,classical,180.0,rhythm_2s,0.5060240963855421,11.0,2.625,0.3404255319148936,0.6118779735418781,0.42592592592592593,0.2,46.0,3.0
classical_musopen_6288d37e8273,classical,180.0,chroma_4beat,0.25274725274725274,5.0,2.3,0.2564102564102564,0.7029846930181834,0.47368421052631576,0.205607476635514,8.0,2.0
classical_musopen_6288d37e8273,classical,300.0,acoustic_2s,0.4915254237288136,15.0,2.71875,0.44680851063829785,0.6997876989094036,0.6194690265486725,0.27692307692307694,46.0,2.0
classical_musopen_6288d37e8273,classical,300.0,rhythm_2s,0.5060240963855421,11.0,2.625,0.3404255319148936,0.6118779735418781,0.42592592592592593,0.18699186991869918,46.0,3.0
classical_musopen_6288d37e8273,classical,300.0,chroma_4beat,0.25274725274725274,5.0,2.3,0.2564102564102564,0.7029846930181834,0.47368421052631576,0.42276422764227645,8.0,3.0
classical_musopen_b5e0f49dce63,classical,180.0,acoustic_2s,0.5031645569620253,8.0,2.5238095238095237,0.30952380952380953,0.8214925879754391,0.7121771217712177,0.1948529411764706,73.0,3.0
classical_musopen_b5e0f49dce63,classical,180.0,rhythm_2s,0.40825688073394495,6.0,2.4054054054054053,0.27380952380952384,0.7173109756337916,0.5,0.1992619926199262,73.0,3.0
classical_musopen_b5e0f49dce63,classical,180.0,chroma_4beat,0.27247191011235955,5.0,2.1555555555555554,0.16494845360824742,0.7821062551230896,0.21212121212121213,0.21774193548387097,2.0,3.0
classical_musopen_b5e0f49dce63,classical,300.0,acoustic_2s,0.5529841656516443,8.0,2.4408602150537635,0.2777777777777778,0.7773586735867495,0.7895408163265306,0.17157490396927016,133.0,3.0
classical_musopen_b5e0f49dce63,classical,300.0,rhythm_2s,0.4623287671232877,7.0,2.4846625766871164,0.2976190476190476,0.7435146321734741,0.6953316953316954,0.20759193357058126,133.0,4.0
classical_musopen_b5e0f49dce63,classical,300.0,chroma_4beat,0.3405511811023622,4.0,2.189873417721519,0.15151515151515152,0.7766056681342348,0.26490066225165565,0.22389463781749766,3.0,4.0
classical_musopen_baea77fb0fba,classical,180.0,acoustic_2s,0.5017182130584192,10.0,2.56140350877193,0.2558139534883721,0.7403621794722464,0.48507462686567165,0.21403508771929824,73.0,3.0
classical_musopen_baea77fb0fba,classical,180.0,rhythm_2s,0.6896551724137931,8.0,3.142857142857143,0.29069767441860467,0.7300477870234077,0.5138339920948617,0.15503875968992248,73.0,2.0
classical_musopen_baea77fb0fba,classical,180.0,chroma_4beat,0.3227848101265823,4.0,2.4878048780487805,0.15306122448979592,0.7329095284836764,0.23746701846965698,0.19466666666666665,5.0,3.0
classical_musopen_baea77fb0fba,classical,300.0,acoustic_2s,0.5,10.0,2.412121212121212,0.296551724137931,0.7868063429481749,0.5336597307221542,0.1841109709962169,133.0,4.0
classical_musopen_baea77fb0fba,classical,300.0,rhythm_2s,0.5987012987012987,8.0,2.744047619047619,0.3698630136986301,0.6500413923183405,0.5416149068322982,0.20558375634517767,133.0,3.0
classical_musopen_baea77fb0fba,classical,300.0,chroma_4beat,0.25862068965517243,3.0,2.1238938053097347,0.1656441717791411,0.7147986749620864,0.46686746987951805,0.1306532663316583,8.0,3.0
focus_brainfm_11c947e4659b,focus,180.0,acoustic_2s,0.5754189944134078,19.0,3.21875,0.5833333333333334,0.799996156624222,0.4797047970479705,0.14840989399293286,73.0,2.0
focus_brainfm_11c947e4659b,focus,180.0,rhythm_2s,0.30194805194805197,3.0,2.2142857142857144,0.32098765432098764,0.6949481331521478,0.4868913857677903,0.17421602787456447,73.0,3.0
focus_brainfm_11c947e4659b,focus,180.0,chroma_4beat,0.26875,5.0,2.5294117647058822,0.5098039215686274,0.40889134963965745,0.18012422360248448,0.13071895424836602,3.0,2.0
focus_brainfm_11c947e4659b,focus,300.0,acoustic_2s,0.5991189427312775,20.0,3.5324675324675323,0.5833333333333334,0.7024106544980312,0.5215311004784688,0.1972361809045226,133.0,3.0
focus_brainfm_11c947e4659b,focus,300.0,rhythm_2s,0.30927835051546393,4.0,2.1951219512195124,0.2695035460992908,0.38769772945159786,0.5330073349633252,0.1552567237163814,133.0,3.0
focus_brainfm_11c947e4659b,focus,300.0,chroma_4beat,0.37166324435318276,5.0,2.585714285714286,0.46875,0.4135561389636293,0.09977827050997783,0.2903930131004367,3.0,5.0
focus_brainfm_1a667b5f8aae,focus,180.0,acoustic_2s,0.592814371257485,18.0,3.7358490566037736,0.4691358024691358,0.7709001402216263,0.6980392156862745,0.15492957746478872,73.0,3.0
focus_brainfm_1a667b5f8aae,focus,180.0,rhythm_2s,0.4691689008042895,7.0,2.6923076923076925,0.3333333333333333,0.5942962899334939,0.5118110236220472,0.20714285714285716,73.0,3.0
focus_brainfm_1a667b5f8aae,focus,180.0,chroma_4beat,0.4032258064516129,4.0,2.2058823529411766,0.3132530120481928,0.5767949638315566,0.6182432432432432,0.072992700729927,3.0,2.0
focus_brainfm_1a667b5f8aae,focus,300.0,acoustic_2s,0.5444915254237288,18.0,3.1151515151515152,0.46808510638297873,0.7431258679164178,0.5409429280397022,0.22151898734177214,133.0,4.0
focus_brainfm_1a667b5f8aae,focus,300.0,rhythm_2s,0.5431578947368421,6.0,2.789189189189189,0.4315068493150685,0.6408441684879777,0.5470514429109159,0.21631644004944375,133.0,4.0
focus_brainfm_1a667b5f8aae,focus,300.0,chroma_4beat,0.3385093167701863,7.0,2.2708333333333335,0.363013698630137,0.5902538279256112,0.6391752577319587,0.24113475177304963,3.0,5.0
focus_brainfm_1d302872b7d7,focus,180.0,acoustic_2s,0.335243553008596,4.0,2.25,0.3880597014925373,0.8721710276356383,0.5098039215686274,0.1678832116788321,73.0,3.0
focus_brainfm_1d302872b7d7,focus,180.0,rhythm_2s,0.3226744186046512,3.0,2.2653061224489797,0.24324324324324326,0.5723061466515134,0.5019305019305019,0.2099644128113879,73.0,3.0
focus_brainfm_1d302872b7d7,focus,180.0,chroma_4beat,0.41530054644808745,4.0,2.1714285714285713,0.28,0.4662642384481127,0.30625,0.2611464968152866,3.0,3.0
focus_brainfm_1d302872b7d7,focus,300.0,acoustic_2s,0.38190954773869346,10.0,2.4516129032258065,0.4409448818897638,0.8512340213356038,0.5443196004993758,0.1919060052219321,133.0,3.0
focus_brainfm_1d302872b7d7,focus,300.0,rhythm_2s,0.3241590214067278,5.0,2.3043478260869565,0.30597014925373134,0.5826631006193942,0.7389033942558747,0.19306930693069307,133.0,4.0
focus_brainfm_1d302872b7d7,focus,300.0,chroma_4beat,0.39166666666666666,4.0,2.2650602409638556,0.2571428571428571,0.48299272500442436,0.17814726840855108,0.2151029748283753,3.0,3.0
focus_brainfm_20d48c0030ee,focus,180.0,acoustic_2s,0.6608187134502924,8.0,2.825,0.5348837209302325,0.8686443456781863,0.6335877862595419,0.17770034843205576,73.0,3.0
focus_brainfm_20d48c0030ee,focus,180.0,rhythm_2s,0.489010989010989,6.0,2.311688311688312,0.32558139534883723,0.6184658027712928,0.4961832061068702,0.20198675496688742,73.0,3.0
focus_brainfm_20d48c0030ee,focus,180.0,chroma_4beat,0.4755905511811024,6.0,2.876190476190476,0.3416666666666667,0.4916820494278588,0.6177606177606177,0.15575221238938053,4.0,2.0
focus_brainfm_20d48c0030ee,focus,300.0,acoustic_2s,0.5907127429805615,13.0,2.989071038251366,0.5753424657534246,0.8529050721794831,0.5568326947637292,0.16243654822335024,133.0,3.0
focus_brainfm_20d48c0030ee,focus,300.0,rhythm_2s,0.5080113100848256,8.0,2.6551724137931036,0.3424657534246575,0.670052253680267,0.6931677018633541,0.17901234567901234,133.0,3.0
focus_brainfm_20d48c0030ee,focus,300.0,chroma_4beat,0.42319187089061566,7.0,2.651685393258427,0.30857142857142855,0.5132664411207218,0.8408505154639175,0.20098948670377242,10.0,5.0
focus_brainfm_34c5d8df2184,focus,180.0,acoustic_2s,0.3705179282868526,5.0,2.268292682926829,0.28205128205128205,0.8757042092745397,0.664179104477612,0.18815331010452963,73.0,3.0
focus_brainfm_34c5d8df2184,focus,180.0,rhythm_2s,0.2574626865671642,3.0,2.15625,0.21739130434782608,0.6651543124580445,0.5830258302583026,0.1814814814814815,73.0,3.0
focus_brainfm_34c5d8df2184,focus,180.0,chroma_4beat,0.1513157894736842,6.0,2.5555555555555554,0.28125,0.5537348595328283,0.06493506493506493,0.15151515151515152,2.0,3.0
focus_brainfm_34c5d8df2184,focus,300.0,acoustic_2s,0.409261576971214,39.0,3.174757281553398,0.5609756097560976,0.8512400887593714,0.7389033942558747,0.21305418719211822,133.0,4.0
focus_brainfm_34c5d8df2184,focus,300.0,rhythm_2s,0.2676056338028169,9.0,2.2967032967032965,0.34615384615384615,0.6655710732417273,0.6818181818181818,0.13298565840938723,133.0,3.0
focus_brainfm_34c5d8df2184,focus,300.0,chroma_4beat,0.5012406947890818,11.0,2.376470588235294,0.5084745762711864,0.4180811208257953,0.5060532687651331,0.20918367346938777,5.0,3.0
focus_brainfm_45d6269177c9,focus,180.0,acoustic_2s,0.4564459930313589,5.0,2.3392857142857144,0.3333333333333333,0.5784259789903784,0.5371900826446281,0.17938931297709923,73.0,3.0
focus_brainfm_45d6269177c9,focus,180.0,rhythm_2s,0.20905923344947736,3.0,2.2222222222222223,0.2,0.7157296264570779,0.6568265682656826,0.18840579710144928,73.0,3.0
focus_brainfm_45d6269177c9,focus,180.0,chroma_4beat,0.519298245614035,5.0,2.5964912280701755,0.5652173913043478,0.22942203636561279,0.4855072463768116,0.2080536912751678,3.0,3.0
focus_brainfm_45d6269177c9,focus,300.0,acoustic_2s,0.375968992248062,6.0,2.3852459016393444,0.3269230769230769,0.6002905418430584,0.558258642765685,0.16458852867830423,133.0,5.0
focus_brainfm_45d6269177c9,focus,300.0,rhythm_2s,0.2335483870967742,4.0,2.1547619047619047,0.18439716312056736,0.6166424082909542,0.5362853628536285,0.20098039215686275,133.0,3.0
focus_brainfm_45d6269177c9,focus,300.0,chroma_4beat,0.5600505689001264,9.0,2.590643274853801,0.4811320754716981,0.23261133308430296,0.4525916561314791,0.2164705882352941,6.0,4.0
focus_brainfm_4c21a6991c14,focus,180.0,acoustic_2s,0.6411764705882353,12.0,2.9066666666666667,0.3283582089552239,0.8038868225038679,0.47619047619047616,0.20938628158844766,73.0,3.0
focus_brainfm_4c21a6991c14,focus,180.0,rhythm_2s,0.2730263157894737,4.0,2.3714285714285714,0.26744186046511625,0.7397326388469903,0.4868913857677903,0.2037735849056604,73.0,3.0
focus_brainfm_4c21a6991c14,focus,180.0,chroma_4beat,0.2975871313672922,7.0,2.522727272727273,0.2087912087912088,0.4790820257144939,0.2905982905982906,0.13087248322147652,2.0,3.0
focus_brainfm_4c21a6991c14,focus,300.0,acoustic_2s,0.5568669527896996,12.0,2.899441340782123,0.3356164383561644,0.7866896037526222,0.5356265356265356,0.18974358974358974,133.0,3.0
focus_brainfm_4c21a6991c14,focus,300.0,rhythm_2s,0.27664670658682633,7.0,2.381443298969072,0.1888111888111888,0.7384033195963808,0.6990291262135923,0.20817843866171004,133.0,3.0
focus_brainfm_4c21a6991c14,focus,300.0,chroma_4beat,0.30863039399624764,8.0,2.5114503816793894,0.20382165605095542,0.4938210207228128,0.31313131313131315,0.17401129943502824,2.0,3.0
focus_brainfm_5c2ea7efbd03,focus,180.0,acoustic_2s,0.5628571428571428,11.0,3.0307692307692307,0.3855421686746988,0.8329918966267277,0.6716981132075471,0.16666666666666666,73.0,3.0
focus_brainfm_5c2ea7efbd03,focus,180.0,rhythm_2s,0.4166666666666667,14.0,4.074074074074074,0.4883720930232558,0.481964226342469,0.8178137651821862,0.1709090909090909,73.0,3.0
focus_brainfm_5c2ea7efbd03,focus,180.0,chroma_4beat,0.058333333333333334,3.0,2.3333333333333335,0.21052631578947367,0.365547724801414,0.05042016806722689,0.13592233009708737,2.0,2.0
focus_brainfm_5c2ea7efbd03,focus,300.0,acoustic_2s,0.5650273224043716,16.0,2.971264367816092,0.4726027397260274,0.8277857842345814,0.6885644768856448,0.1450381679389313,133.0,3.0
focus_brainfm_5c2ea7efbd03,focus,300.0,rhythm_2s,0.43771827706635624,15.0,3.3873873873873874,0.4520547945205479,0.47602329075535765,0.5362853628536285,0.15762925598991173,133.0,3.0
focus_brainfm_5c2ea7efbd03,focus,300.0,chroma_4beat,0.4,5.0,2.1132075471698113,0.1951219512195122,0.468530196998026,0.398576512455516,0.11864406779661017,4.0,2.0
focus_brainfm_5ddfc60155f3,focus,180.0,acoustic_2s,0.35973597359735976,9.0,2.369565217391304,0.36904761904761907,0.5591287922845737,0.6872586872586872,0.14338235294117646,73.0,3.0
focus_brainfm_5ddfc60155f3,focus,180.0,rhythm_2s,0.30844155844155846,4.0,2.261904761904762,0.3333333333333333,0.3103713758763145,0.5038759689922481,0.15492957746478872,73.0,3.0
focus_brainfm_5ddfc60155f3,focus,180.0,chroma_4beat,0.14678899082568808,3.0,2.6666666666666665,0.39285714285714285,0.5324888384247038,0.6564885496183206,0.11023622047244094,3.0,2.0
focus_brainfm_5ddfc60155f3,focus,300.0,acoustic_2s,0.4263217097862767,20.0,2.746376811594203,0.4652777777777778,0.5815883717793084,0.8365384615384616,0.231055900621118,133.0,4.0
focus_brainfm_5ddfc60155f3,focus,300.0,rhythm_2s,0.2725118483412322,5.0,2.233009708737864,0.3058823529411765,0.3531979941466892,0.6953316953316954,0.18757921419518378,133.0,3.0
focus_brainfm_5ddfc60155f3,focus,300.0,chroma_4beat,0.25820568927789933,5.0,2.185185185185185,0.3269230769230769,0.6521262713870776,0.49166666666666664,0.20253164556962025,3.0,3.0
focus_brainfm_605fe5e55118,focus,180.0,acoustic_2s,0.5208333333333334,8.0,2.727272727272727,0.3176470588235294,0.7773761148378404,0.626984126984127,0.16727272727272727,73.0,3.0
focus_brainfm_605fe5e55118,focus,180.0,rhythm_2s,0.24014336917562723,7.0,2.4814814814814814,0.23529411764705882,0.6795883199669565,0.49429657794676807,0.27906976744186046,73.0,3.0
focus_brainfm_605fe5e55118,focus,180.0,chroma_4beat,0.5253456221198156,6.0,2.590909090909091,0.225,0.58019606136152,0.5708154506437768,0.17293233082706766,5.0,4.0
focus_brainfm_605fe5e55118,focus,300.0,acoustic_2s,0.6041397153945667,21.0,3.4338235294117645,0.46835443037974683,0.7451732193548031,0.6940874035989717,0.21601016518424396,133.0,4.0
focus_brainfm_605fe5e55118,focus,300.0,rhythm_2s,0.3402187120291616,8.0,2.3529411764705883,0.32413793103448274,0.6509673685120232,0.5443196004993758,0.1640625,133.0,7.0
focus_brainfm_605fe5e55118,focus,300.0,chroma_4beat,0.5777439024390244,10.0,2.726618705035971,0.3333333333333333,0.5351259732157412,0.6207865168539326,0.18119891008174388,5.0,4.0
focus_brainfm_6b04cef70c17,focus,180.0,acoustic_2s,0.3944954128440367,14.0,3.225,0.5595238095238095,0.8159138613400908,0.5038759689922481,0.21052631578947367,73.0,3.0
focus_brainfm_6b04cef70c17,focus,180.0,rhythm_2s,0.2594142259414226,5.0,2.6956521739130435,0.2625,0.5707038242513357,0.6539923954372624,0.22426470588235295,73.0,3.0
focus_brainfm_6b04cef70c17,focus,180.0,chroma_4beat,0.3804347826086957,7.0,2.5,0.38028169014084506,0.5652612075958621,0.48292682926829267,0.1896551724137931,3.0,3.0
focus_brainfm_6b04cef70c17,focus,300.0,acoustic_2s,0.3901345291479821,15.0,3.135135135135135,0.5902777777777778,0.8415672725772018,0.6996291718170581,0.1713197969543147,133.0,3.0
focus_brainfm_6b04cef70c17,focus,300.0,rhythm_2s,0.2960199004975124,7.0,2.6741573033707864,0.35,0.6020193903611311,0.6877278250303767,0.18901660280970625,133.0,4.0
focus_brainfm_6b04cef70c17,focus,300.0,chroma_4beat,0.4423076923076923,13.0,2.9080459770114944,0.3884297520661157,0.5425614547547131,0.38656987295825773,0.1810344827586207,3.0,4.0
focus_brainfm_74a3c33305de,focus,180.0,acoustic_2s,0.5240793201133145,6.0,2.642857142857143,0.41025641025641024,0.5287453022013354,0.4744525547445255,0.259927797833935,73.0,4.0
focus_brainfm_74a3c33305de,focus,180.0,rhythm_2s,0.40771349862258954,7.0,2.792452830188679,0.37037037037037035,0.3908218574187809,0.4676258992805755,0.18983050847457628,73.0,4.0
focus_brainfm_74a3c33305de,focus,180.0,chroma_4beat,0.3625,3.0,2.1481481481481484,0.288135593220339,0.611687560466622,0.43902439024390244,0.13071895424836602,2.0,2.0
focus_brainfm_74a3c33305de,focus,300.0,acoustic_2s,0.5726227795193313,9.0,2.946236559139785,0.4305555555555556,0.6464245574556742,0.5240384615384616,0.1554467564259486,133.0,3.0
focus_brainfm_74a3c33305de,focus,300.0,rhythm_2s,0.47511848341232227,9.0,2.7655172413793103,0.3617021276595745,0.4104110364802926,0.6818181818181818,0.17118226600985223,133.0,3.0
focus_brainfm_74a3c33305de,focus,300.0,chroma_4beat,0.32819383259911894,8.0,2.365079365079365,0.3173076923076923,0.5387567598690729,0.16778523489932887,0.24520255863539445,3.0,3.0
focus_brainfm_823b5f5a9bd8,focus,180.0,acoustic_2s,0.5161290322580645,11.0,2.5806451612903225,0.38461538461538464,0.7744715087859266,0.6793893129770993,0.18214285714285713,73.0,3.0
focus_brainfm_823b5f5a9bd8,focus,180.0,rhythm_2s,0.6114285714285714,9.0,2.9722222222222223,0.29411764705882354,0.5978349513305651,0.6789667896678967,0.22262773722627738,73.0,3.0
focus_brainfm_823b5f5a9bd8,focus,180.0,chroma_4beat,0.4939550949913644,8.0,2.6728971962616823,0.2727272727272727,0.3451661772469625,0.5077452667814114,0.2543859649122807,5.0,3.0
focus_brainfm_823b5f5a9bd8,focus,300.0,acoustic_2s,0.5349344978165939,11.0,2.5925925925925926,0.463768115942029,0.7767198004044605,0.7067484662576687,0.1845444059976932,133.0,4.0
focus_brainfm_823b5f5a9bd8,focus,300.0,rhythm_2s,0.4901506373117034,10.0,2.694267515923567,0.32167832167832167,0.5544948858213177,0.5356265356265356,0.20355029585798817,133.0,4.0
focus_brainfm_823b5f5a9bd8,focus,300.0,chroma_4beat,0.40530973451327434,6.0,2.5072992700729926,0.31958762886597936,0.331248916547508,0.4198895027624309,0.23690621193666261,5.0,5.0
focus_brainfm_856adfeebbbe,focus,180.0,acoustic_2s,0.577639751552795,8.0,2.619718309859155,0.36538461538461536,0.8081285507707981,0.4868913857677903,0.18518518518518517,73.0,4.0
focus_brainfm_856adfeebbbe,focus,180.0,rhythm_2s,0.552901023890785,13.0,2.892857142857143,0.2692307692307692,0.7415042840394299,0.5098039215686274,0.16666666666666666,73.0,3.0
focus_brainfm_856adfeebbbe,focus,180.0,chroma_4beat,0.3380952380952381,4.0,2.3666666666666667,0.2602739726027397,0.5854673609570855,0.6586538461538461,0.17010309278350516,5.0,3.0
focus_brainfm_856adfeebbbe,focus,300.0,acoustic_2s,0.5241935483870968,8.0,2.7083333333333335,0.3082191780821918,0.8104808571497408,0.5443196004993758,0.19757575757575757,133.0,5.0
focus_brainfm_856adfeebbbe,focus,300.0,rhythm_2s,0.5617128463476071,15.0,2.5930232558139537,0.2482758620689655,0.7665620674258524,0.5470514429109159,0.24843161856963614,133.0,4.0
focus_brainfm_856adfeebbbe,focus,300.0,chroma_4beat,0.4031563845050215,8.0,2.4649122807017543,0.2698412698412698,0.6060929048405694,0.21671826625386997,0.2483221476510067,3.0,3.0
focus_brainfm_93196de7204f,focus,180.0,acoustic_2s,0.7915309446254072,15.0,4.11864406779661,0.5,0.7020468083013287,0.48872180451127817,0.16666666666666666,73.0,4.0
focus_brainfm_93196de7204f,focus,180.0,rhythm_2s,0.6186770428015564,9.0,2.694915254237288,0.3411764705882353,0.48653451983138823,0.6613545816733067,0.24727272727272728,73.0,3.0
focus_brainfm_93196de7204f,focus,180.0,chroma_4beat,0.48031496062992124,6.0,2.9047619047619047,0.21428571428571427,0.4914290713979812,0.2605633802816901,0.1865671641791045,3.0,3.0
focus_brainfm_93196de7204f,focus,300.0,acoustic_2s,0.6910866910866911,18.0,3.4096385542168677,0.4246575342465753,0.7360956035500926,0.554002541296061,0.18413978494623656,133.0,3.0
focus_brainfm_93196de7204f,focus,300.0,rhythm_2s,0.5594817432273262,12.0,2.9874213836477987,0.3103448275862069,0.4715797871531069,0.7002518891687658,0.20806241872561768,133.0,4.0
focus_brainfm_93196de7204f,focus,300.0,chroma_4beat,0.5898004434589801,16.0,3.41025641025641,0.2653061224489796,0.496500483838392,0.7121212121212122,0.17402597402597403,2.0,3.0
pop_jamendo_0010326,pop,180.0,acoustic_2s,0.4281437125748503,5.0,2.4237288135593222,0.27058823529411763,0.7142078086859864,0.49429657794676807,0.13380281690140844,73.0,3.0
pop_jamendo_0010326,pop,180.0,rhythm_2s,0.32903225806451614,3.0,2.0816326530612246,0.20930232558139536,0.6665662576080346,0.45936395759717313,0.20848056537102475,73.0,4.0
pop_jamendo_0010326,pop,180.0,chroma_4beat,0.4428969359331476,5.0,2.484375,0.2247191011235955,0.5163713243586647,0.2976588628762542,0.24,3.0,3.0
pop_jamendo_0010326,pop,300.0,acoustic_2s,0.51434034416826,9.0,2.514018691588785,0.2534246575342466,0.7046488109390215,0.5561224489795918,0.22136422136422138,133.0,4.0
pop_jamendo_0010326,pop,300.0,rhythm_2s,0.34116331096196867,6.0,2.210144927536232,0.21379310344827587,0.6336672855237937,0.5356265356265356,0.16644823066841416,133.0,4.0
pop_jamendo_0010326,pop,300.0,chroma_4beat,0.5048169556840078,10.0,2.531400966183575,0.271523178807947,0.5154905370257602,0.19112627986348124,0.2437070938215103,3.0,3.0
pop_jamendo_0106778,pop,180.0,acoustic_2s,0.3724340175953079,6.0,2.3962264150943398,0.32142857142857145,0.6538812694458938,0.48507462686567165,0.250936329588015,73.0,4.0
pop_jamendo_0106778,pop,180.0,rhythm_2s,0.23875432525951557,4.0,2.3,0.3728813559322034,0.5410009362489577,0.48872180451127817,0.17482517482517482,73.0,3.0
pop_jamendo_0106778,pop,180.0,chroma_4beat,0.43103448275862066,6.0,2.5,0.3048780487804878,0.4205610237012129,0.32222222222222224,0.1033210332103321,7.0,2.0
pop_jamendo_0106778,pop,300.0,acoustic_2s,0.34668335419274093,11.0,2.4954954954954953,0.3627450980392157,0.6510431104616987,0.5272067714631197,0.2,133.0,4.0
pop_jamendo_0106778,pop,300.0,rhythm_2s,0.22266666666666668,5.0,2.3857142857142857,0.29213483146067415,0.5351326432395465,0.5389369592088998,0.15643802647412755,133.0,4.0
pop_jamendo_0106778,pop,300.0,chroma_4beat,0.37952559300873906,10.0,2.4126984126984126,0.34,0.4337579187762177,0.32663316582914576,0.2625482625482625,3.0,4.0
pop_jamendo_0106878,pop,180.0,acoustic_2s,0.46646341463414637,7.0,2.732142857142857,0.37209302325581395,0.8093619206784624,0.4693140794223827,0.17358490566037735,73.0,3.0
pop_jamendo_0106878,pop,180.0,rhythm_2s,0.2578397212543554,4.0,2.242424242424242,0.2804878048780488,0.7636167636609831,0.49429657794676807,0.12454212454212454,73.0,2.0
pop_jamendo_0106878,pop,180.0,chroma_4beat,0.08759124087591241,2.0,2.0,0.1891891891891892,0.47056719745608616,0.20588235294117646,0.20763723150357996,2.0,3.0
pop_jamendo_0106878,pop,300.0,acoustic_2s,0.4898785425101215,6.0,2.688888888888889,0.33653846153846156,0.5892581784100699,0.5501222493887531,0.15671641791044777,91.0,3.0
pop_jamendo_0106878,pop,300.0,rhythm_2s,0.3333333333333333,5.0,2.380952380952381,0.32038834951456313,0.5028928854504886,0.5369928400954654,0.21409921671018275,91.0,3.0
pop_jamendo_0106878,pop,300.0,chroma_4beat,0.10330578512396695,3.0,2.0833333333333335,0.17857142857142858,0.4637843458777944,0.39337474120082816,0.17660044150110377,2.0,3.0
pop_jamendo_1000080,pop,180.0,acoustic_2s,0.6639118457300276,10.0,2.869047619047619,0.44047619047619047,0.7301533639073085,0.6666666666666666,0.17647058823529413,73.0,3.0
pop_jamendo_1000080,pop,180.0,rhythm_2s,0.2911764705882353,8.0,2.675675675675676,0.379746835443038,0.5962461341374279,0.6592592592592592,0.16605166051660517,73.0,3.0
pop_jamendo_1000080,pop,180.0,chroma_4beat,0.3173076923076923,3.0,2.2758620689655173,0.2608695652173913,0.37639104452388733,0.3020833333333333,0.16304347826086957,3.0,2.0
pop_jamendo_1000080,pop,300.0,acoustic_2s,0.6281800391389433,10.0,2.8157894736842106,0.42574257425742573,0.6507546373923698,0.7115384615384616,0.18829516539440203,90.0,3.0
pop_jamendo_1000080,pop,300.0,rhythm_2s,0.40041928721174,7.0,2.6901408450704225,0.32038834951456313,0.37843495412423245,0.5427872860635696,0.2275132275132275,90.0,3.0
pop_jamendo_1000080,pop,300.0,chroma_4beat,0.24170616113744076,3.0,2.217391304347826,0.24,0.5676990514701613,0.3197969543147208,0.1282051282051282,3.0,3.0
pop_jamendo_1012188,pop,180.0,acoustic_2s,0.8916967509025271,15.0,4.75,0.5555555555555556,0.6342861760186557,0.507177033492823,0.20224719101123595,61.0,2.0
pop_jamendo_1012188,pop,180.0,rhythm_2s,0.4188034188034188,5.0,2.45,0.4027777777777778,0.7373093659337587,0.6536585365853659,0.19170984455958548,61.0,3.0
pop_jamendo_1012188,pop,180.0,chroma_4beat,0.6466666666666666,5.0,2.6216216216216215,0.23214285714285715,0.46593259150454797,0.1565217391304348,0.23529411764705882,6.0,2.0
pop_jamendo_1012188,pop,300.0,acoustic_2s,0.8916967509025271,15.0,4.75,0.5555555555555556,0.6342861760186557,0.507177033492823,0.1642512077294686,61.0,2.0
pop_jamendo_1012188,pop,300.0,rhythm_2s,0.4188034188034188,5.0,2.45,0.4027777777777778,0.7373093659337587,0.6536585365853659,0.15639810426540285,61.0,3.0
pop_jamendo_1012188,pop,300.0,chroma_4beat,0.6466666666666666,5.0,2.6216216216216215,0.23214285714285715,0.46593259150454797,0.1565217391304348,0.06722689075630252,6.0,2.0
pop_jamendo_1015416,pop,180.0,acoustic_2s,0.5511811023622047,6.0,2.5454545454545454,0.2345679012345679,0.38647464204182014,0.49795918367346936,0.1867704280155642,69.0,2.0
pop_jamendo_1015416,pop,180.0,rhythm_2s,0.3726937269372694,4.0,2.3488372093023258,0.2537313432835821,0.3057222378828521,0.4939271255060729,0.11627906976744186,69.0,2.0
pop_jamendo_1015416,pop,180.0,chroma_4beat,0.12,4.0,2.1818181818181817,0.21568627450980393,0.37011754163831,0.2300469483568075,0.2798165137614679,3.0,3.0
pop_jamendo_1015416,pop,300.0,acoustic_2s,0.5511811023622047,6.0,2.5454545454545454,0.2345679012345679,0.38647464204182014,0.49795918367346936,0.1843137254901961,69.0,3.0
pop_jamendo_1015416,pop,300.0,rhythm_2s,0.3726937269372694,4.0,2.3488372093023258,0.2537313432835821,0.3057222378828521,0.4939271255060729,0.16605166051660517,69.0,4.0
pop_jamendo_1015416,pop,300.0,chroma_4beat,0.12,4.0,2.1818181818181817,0.21568627450980393,0.37011754163831,0.2300469483568075,0.11282051282051282,3.0,2.0
pop_jamendo_1045184,pop,180.0,acoustic_2s,0.4519230769230769,18.0,3.1333333333333333,0.38596491228070173,0.7660060059940306,0.8278688524590164,0.16842105263157894,73.0,2.0
pop_jamendo_1045184,pop,180.0,rhythm_2s,0.2579505300353357,4.0,2.212121212121212,0.1875,0.6901239053341662,0.4659498207885305,0.20284697508896798,73.0,3.0
pop_jamendo_1045184,pop,180.0,chroma_4beat,0.43612334801762115,4.0,2.357142857142857,0.2222222222222222,0.46958681315762735,0.5173913043478261,0.15289256198347106,4.0,3.0
pop_jamendo_1045184,pop,300.0,acoustic_2s,0.6957383548067394,24.0,3.51,0.363013698630137,0.7263322608696723,0.8466413181242078,0.18002466091245375,133.0,4.0
pop_jamendo_1045184,pop,300.0,rhythm_2s,0.42857142857142855,8.0,2.4846625766871164,0.25517241379310346,0.6421695246559986,0.5278450363196125,0.19084967320261437,133.0,3.0
pop_jamendo_1045184,pop,300.0,chroma_4beat,0.504,6.0,2.52,0.1592920353982301,0.48734901410582565,0.6546184738955824,0.13725490196078433,4.0,4.0
pop_jamendo_1047481,pop,180.0,acoustic_2s,0.689873417721519,12.0,3.5161290322580645,0.4883720930232558,0.6270387674339868,0.902834008097166,0.13090909090909092,73.0,3.0
pop_jamendo_1047481,pop,180.0,rhythm_2s,0.5135135135135135,13.0,4.384615384615385,0.45348837209302323,0.39430095349084376,0.5220883534136547,0.23183391003460208,73.0,4.0
pop_jamendo_1047481,pop,180.0,chroma_4beat,0.15833333333333333,3.0,2.375,0.23529411764705882,0.29581474182885603,0.25,0.14423076923076922,5.0,3.0
pop_jamendo_1047481,pop,300.0,acoustic_2s,0.6530612244897959,12.0,3.3488372093023258,0.580952380952381,0.6213683892439588,0.7587006960556845,0.18115942028985507,92.0,3.0
pop_jamendo_1047481,pop,300.0,rhythm_2s,0.5541125541125541,10.0,3.710144927536232,0.41904761904761906,0.33906287570676896,0.5402843601895735,0.14216867469879518,92.0,4.0
pop_jamendo_1047481,pop,300.0,chroma_4beat,0.17647058823529413,3.0,2.4545454545454546,0.1896551724137931,0.2563730005203969,0.36,0.07894736842105263,5.0,3.0
pop_jamendo_1049715,pop,180.0,acoustic_2s,0.35,5.0,2.2580645161290325,0.19696969696969696,0.6701598675612153,0.6137566137566137,0.15254237288135594,56.0,3.0
pop_jamendo_1049715,pop,180.0,rhythm_2s,0.2752808988764045,3.0,2.0416666666666665,0.3157894736842105,0.7207057831650017,0.6631016042780749,0.17989417989417988,56.0,3.0
pop_jamendo_1049715,pop,180.0,chroma_4beat,0.22377622377622378,3.0,2.1333333333333333,0.21052631578947367,0.7518973693911035,0.23333333333333334,0.14285714285714285,7.0,3.0
pop_jamendo_1049715,pop,300.0,acoustic_2s,0.35,5.0,2.2580645161290325,0.19696969696969696,0.6701598675612153,0.6137566137566137,0.12698412698412698,56.0,2.0
pop_jamendo_1049715,pop,300.0,rhythm_2s,0.2752808988764045,3.0,2.0416666666666665,0.3157894736842105,0.7207057831650017,0.6631016042780749,0.21505376344086022,56.0,2.0
pop_jamendo_1049715,pop,300.0,chroma_4beat,0.22377622377622378,3.0,2.1333333333333333,0.21052631578947367,0.7518973693911035,0.23333333333333334,0.08888888888888889,7.0,3.0
pop_jamendo_1056647,pop,180.0,acoustic_2s,0.6595092024539877,8.0,3.359375,0.47058823529411764,0.7405091251427467,0.6721991701244814,0.09523809523809523,73.0,2.0
pop_jamendo_1056647,pop,180.0,rhythm_2s,0.40273037542662116,4.0,2.269230769230769,0.35294117647058826,0.5045157578657474,0.5118110236220472,0.16607773851590105,73.0,3.0
pop_jamendo_1056647,pop,180.0,chroma_4beat,0.4251497005988024,5.0,2.730769230769231,0.23076923076923078,0.3926316083676644,0.22258064516129034,0.21606648199445982,3.0,4.0
pop_jamendo_1056647,pop,300.0,acoustic_2s,0.6716232961586122,20.0,3.2848484848484847,0.4307692307692308,0.510142731447749,0.6946107784431138,0.17996870109546165,118.0,3.0
pop_jamendo_1056647,pop,300.0,rhythm_2s,0.6324675324675325,15.0,2.735955056179775,0.3769230769230769,0.3521054324663631,0.5696969696969697,0.18619582664526485,118.0,3.0
pop_jamendo_1056647,pop,300.0,chroma_4beat,0.3304157549234136,5.0,2.7962962962962963,0.23148148148148148,0.4037376726262901,0.23863636363636365,0.2577962577962578,3.0,4.0
pop_jamendo_1074604,pop,180.0,acoustic_2s,0.43147208121827413,10.0,3.6956521739130435,0.4852941176470588,0.46422834641791655,0.6564102564102564,0.14516129032258066,56.0,3.0
pop_jamendo_1074604,pop,180.0,rhythm_2s,0.2962962962962963,3.0,2.1538461538461537,0.18181818181818182,0.3593901986931612,0.5,0.20689655172413793,56.0,3.0
pop_jamendo_1074604,pop,180.0,chroma_4beat,0.19594594594594594,4.0,2.230769230769231,0.2833333333333333,0.2861718343305856,0.2857142857142857,0.04225352112676056,2.0,2.0
pop_jamendo_1074604,pop,300.0,acoustic_2s,0.43147208121827413,10.0,3.6956521739130435,0.4852941176470588,0.46422834641791655,0.6564102564102564,0.1358695652173913,56.0,3.0
pop_jamendo_1074604,pop,300.0,rhythm_2s,0.2962962962962963,3.0,2.1538461538461537,0.18181818181818182,0.3593901986931612,0.5,0.15846994535519127,56.0,3.0
pop_jamendo_1074604,pop,300.0,chroma_4beat,0.19594594594594594,4.0,2.230769230769231,0.2833333333333333,0.2861718343305856,0.2857142857142857,0.17123287671232876,2.0,3.0
pop_jamendo_1078317,pop,180.0,acoustic_2s,0.6169154228855721,6.0,2.5306122448979593,0.29069767441860467,0.7038610665810583,0.5158730158730159,0.1970260223048327,73.0,3.0
pop_jamendo_1078317,pop,180.0,rhythm_2s,0.23605150214592274,4.0,2.2916666666666665,0.32558139534883723,0.7563124853464422,0.5179282868525896,0.2591240875912409,73.0,4.0
pop_jamendo_1078317,pop,180.0,chroma_4beat,0.5890804597701149,3.0,2.2527472527472527,0.23,0.3866777486745395,0.6030150753768844,0.1491442542787286,4.0,3.0
pop_jamendo_1078317,pop,300.0,acoustic_2s,0.6044340723453909,24.0,3.0292397660818713,0.45263157894736844,0.7415220216339089,0.5422885572139303,0.22275449101796407,133.0,4.0
pop_jamendo_1078317,pop,300.0,rhythm_2s,0.30730478589420657,6.0,2.3461538461538463,0.3082191780821918,0.7480738541754671,0.5265700483091788,0.1820480404551201,133.0,3.0
pop_jamendo_1078317,pop,300.0,chroma_4beat,0.65546875,10.0,2.6466876971608833,0.40540540540540543,0.39169096169746603,0.7695690413368513,0.16466234967622573,5.0,5.0
pop_mtg_0331507,pop,180.0,acoustic_2s,0.4713375796178344,12.0,3.148936170212766,0.6714285714285714,0.6838528662749497,0.7937743190661478,0.19202898550724637,73.0,3.0
pop_mtg_0331507,pop,180.0,rhythm_2s,0.3423728813559322,3.0,2.148936170212766,0.25,0.5105161953160007,0.696969696969697,0.2,73.0,3.0
pop_mtg_0331507,pop,180.0,chroma_4beat,0.3588235294117647,3.0,2.3461538461538463,0.4594594594594595,0.45984311324569294,0.25882352941176473,0.25,4.0,3.0
pop_mtg_0331507,pop,300.0,acoustic_2s,0.5138888888888888,15.0,2.9365079365079363,0.5391304347826087,0.6777489218743002,0.6628571428571428,0.16693679092382496,118.0,3.0
pop_mtg_0331507,pop,300.0,rhythm_2s,0.34710743801652894,6.0,2.3551401869158877,0.28865979381443296,0.5465030635090934,0.7134502923976608,0.22105263157894736,118.0,3.0
pop_mtg_0331507,pop,300.0,chroma_4beat,0.3014354066985646,4.0,2.423076923076923,0.45161290322580644,0.4838484458222101,0.35629453681710216,0.31390134529147984,4.0,4.0
pop_mtg_1088382,pop,180.0,acoustic_2s,0.4280821917808219,6.0,2.717391304347826,0.4235294117647059,0.8341510070693472,0.49242424242424243,0.16666666666666666,73.0,3.0
pop_mtg_1088382,pop,180.0,rhythm_2s,0.25357142857142856,3.0,2.088235294117647,0.16470588235294117,0.7964636254247073,0.5038759689922481,0.1906474820143885,73.0,3.0
pop_mtg_1088382,pop,180.0,chroma_4beat,0.42248062015503873,10.0,2.7948717948717947,0.22077922077922077,0.6528325430653056,0.4069264069264069,0.10426540284360189,2.0,3.0
pop_mtg_1088382,pop,300.0,acoustic_2s,0.45670995670995673,5.0,2.5421686746987953,0.34951456310679613,0.57809725809434,0.5474452554744526,0.18925831202046037,91.0,3.0
pop_mtg_1088382,pop,300.0,rhythm_2s,0.24018475750577367,3.0,2.1666666666666665,0.2033898305084746,0.6348839453555013,0.533175355450237,0.13984168865435356,91.0,3.0
pop_mtg_1088382,pop,300.0,chroma_4beat,0.39867109634551495,10.0,2.857142857142857,0.21428571428571427,0.6551892961885223,0.5428571428571428,0.1198501872659176,3.0,2.0
pop_mtg_1416335,pop,180.0,acoustic_2s,0.4375,9.0,3.5,0.4225352112676056,0.6181129639377884,0.8401826484018264,0.1917808219178082,64.0,3.0
pop_mtg_1416335,pop,180.0,rhythm_2s,0.41007194244604317,7.0,2.85,0.37662337662337664,0.5159153025217984,0.6818181818181818,0.12093023255813953,64.0,3.0
pop_mtg_1416335,pop,180.0,chroma_4beat,0.018292682926829267,3.0,3.0,0.4444444444444444,0.304795374873565,0.0,0.23417721518987342,1.0,3.0
pop_mtg_1416335,pop,300.0,acoustic_2s,0.4375,9.0,3.5,0.4225352112676056,0.6181129639377884,0.8401826484018264,0.25,64.0,4.0
pop_mtg_1416335,pop,300.0,rhythm_2s,0.41007194244604317,7.0,2.85,0.37662337662337664,0.5159153025217984,0.6818181818181818,0.23555555555555555,64.0,3.0
pop_mtg_1416335,pop,300.0,chroma_4beat,0.018292682926829267,3.0,3.0,0.4444444444444444,0.304795374873565,0.0,0.1497326203208556,1.0,2.0
