role,comparison,split,scale_seconds,representation,metric,n_focus,n_comparator,focus_median,comparator_median,rank_biserial_focus_minus_comparator,p_value,p_fdr_bh,effect_300,scale_spearman,direction_agreement,eligible,selection_score,selected
exploration,focus_vs_pop,discovery,180.0,acoustic_novelty_delay,h0_max_persistence,24,24,0.9446153044700623,1.465881884098053,-0.6180555555555556,0.0002522267513013396,0.008827936295546885,-0.5798611111111112,0.6501061161489485,True,True,0.4018016967865029,True
exploration,focus_vs_pop,discovery,180.0,acoustic_novelty_delay,h0_total_persistence,24,24,10.93781615048647,12.485437475144863,-0.6840277777777778,5.083342321091998e-05,0.003558339624764399,-0.4444444444444444,0.5660492636182393,True,True,0.38719341990553174,False
exploration,focus_vs_pop,discovery,180.0,acoustic_novelty_delay,h0_persistence_entropy,24,24,0.9796909689839194,0.9583497409703177,0.5486111111111112,0.0011638469577302437,0.027156429013705685,0.6319444444444444,0.7050614187407551,True,True,0.38680452833694207,False
exploration,focus_vs_pop,discovery,180.0,onset_delay,h0_max_persistence,24,24,0.8359869122505188,1.326411485671997,-0.4097222222222222,0.015401014690545304,0.16297262912258043,-0.5451388888888888,0.588076403627243,True,True,0.2409479709306065,False
exploration,focus_vs_pop,discovery,180.0,acoustic_pca,h0_persistence_entropy,24,24,0.9801615951333887,0.966187665173625,0.4097222222222223,0.015401014690545304,0.16297262912258043,0.7777777777777777,0.5632838124638242,True,True,0.23078989538448358,True
exploration,focus_vs_pop,discovery,180.0,rhythm,h0_total_persistence,24,24,9.182914014905691,10.661898713558912,-0.3368055555555556,0.04661336118033611,0.30412005956679294,-0.3819444444444444,0.6408772268313077,True,True,0.2158510104258224,True
exploration,focus_vs_pop,discovery,180.0,onset_delay,h0_persistence_entropy,24,24,0.9737911705736908,0.9478052003064842,0.40625,0.016297262912258043,0.16297262912258043,0.7881944444444444,0.5202906939353014,True,True,0.21136809441121618,False
exploration,focus_vs_pop,discovery,180.0,modulation,h0_max_persistence,24,24,0.8435609340667725,1.1678974032402039,-0.33333333333333337,0.048932790787893914,0.30412005956679294,-0.26388888888888884,0.5142452890861149,True,True,0.1714150963620383,False
exploration,focus_vs_pop,discovery,180.0,acoustic_novelty_delay,h0_q75_persistence,24,24,0.5493538826704025,0.5856630206108093,-0.48611111111111116,0.004021867123993529,0.07038267466988676,-0.1875,0.23972602739726032,True,True,0.1165334855403349,False
exploration,focus_vs_pop,discovery,180.0,modulation_delay,h0_persistence_entropy,24,24,0.978285097719483,0.9718605093651512,0.32638888888888884,0.053862899879507355,0.30412005956679294,0.3368055555555556,0.8069972345488456,True,False,0.2633949307208037,False
exploration,focus_vs_pop,discovery,180.0,onset_delay,h0_total_persistence,24,24,10.236306257545948,10.948762699961662,-0.30208333333333337,0.07448869557973885,0.3724434778986942,-0.2743055555555556,0.694867837159946,True,False,0.2099079924754004,False
exploration,focus_vs_pop,discovery,180.0,modulation,h0_persistence_entropy,24,24,0.9498066219334877,0.9204480881859244,0.32638888888888884,0.053862899879507355,0.30412005956679294,0.4444444444444444,0.611807833301177,True,False,0.1996872789246897,False
exploration,focus_vs_pop,discovery,180.0,acoustic_pca,h0_max_persistence,24,24,1.093136966228485,1.4473870992660522,-0.26736111111111116,0.11470273038255883,0.47230536039877163,-0.6840277777777778,0.5101935815808092,True,False,0.1364059228532025,False
exploration,focus_vs_pop,discovery,180.0,modulation,h1_persistence_entropy,24,24,0.6791837771383276,0.8444377747033394,-0.27604166666666663,0.10144951291294178,0.4438416189941203,-0.00868055555555558,0.45994014177052034,True,False,0.12696264330123735,False
exploration,focus_vs_pop,discovery,180.0,chroma,h0_total_persistence,24,24,10.771054416894913,10.166143044829369,0.14236111111111116,0.40366370084884173,0.8898776205621819,0.05902777777777768,0.8463888352948744,True,False,0.12049285502461758,False
exploration,focus_vs_pop,discovery,180.0,chroma,h0_persistence_entropy,24,24,0.9764520975753448,0.9725882114225332,0.19097222222222232,0.2611101618127958,0.7812456769918186,0.07291666666666674,0.63084442729436,True,False,0.12047376215690908,False
exploration,focus_vs_pop,discovery,180.0,rhythm,h0_max_persistence,24,24,1.045520842075348,1.0851553678512573,-0.1840277777777778,0.2790163132113638,0.7812456769918186,-0.3055555555555556,0.5398417904688405,True,False,0.09934588505155746,False
exploration,focus_vs_pop,discovery,180.0,onset_delay,h0_q75_persistence,24,24,0.522197887301445,0.5551373958587646,-0.19444444444444442,0.2524616383129348,0.7812456769918186,-0.00347222222222221,0.5079747893755225,True,False,0.09877287571190715,False
exploration,focus_vs_pop,discovery,180.0,modulation_delay,h0_q75_persistence,24,24,0.5680238008499146,0.5487780719995499,0.16319444444444442,0.3376525357692982,0.8441313394232456,0.32291666666666674,0.581484339828928,True,False,0.09489501379152643,False
exploration,focus_vs_pop,discovery,180.0,acoustic_pca,h1_persistence_entropy,24,24,0.8871209782478802,0.7749855322242583,0.2881944444444444,0.08892020657765104,0.4149609640290382,0.21875,0.3087979934400927,True,False,0.0889938661650267,False
exploration,focus_vs_pop,discovery,180.0,modulation_delay,h0_total_persistence,24,24,11.17253664508462,10.86833468079567,0.11111111111111116,0.5160029354435863,0.8898776205621819,-0.03819444444444442,0.661650266898193,False,False,0.07351669632202147,False
exploration,focus_vs_pop,discovery,180.0,acoustic_pca,h1_total_persistence,24,24,0.18272720277309418,0.13849245011806488,0.2569444444444444,0.1296345808790129,0.4776010874489949,0.40625,0.28310502283105027,True,False,0.07274226281075596,False
exploration,focus_vs_pop,discovery,180.0,chroma,h1_total_persistence,24,24,0.34919334948062897,0.2203088104724884,0.20833333333333326,0.21987171062870314,0.7329057020956772,0.29166666666666674,0.33687053829828295,True,False,0.07018136214547559,False
exploration,focus_vs_pop,discovery,180.0,acoustic_pca,h0_q75_persistence,24,24,0.600691094994545,0.6191664785146713,-0.12152777777777779,0.4768500218436187,0.8898776205621819,0.07291666666666674,0.5612579587111712,False,False,0.0682084324822604,False
exploration,focus_vs_pop,discovery,180.0,modulation,h1_prominent_count,24,24,0.0,0.0,-0.16666666666666663,0.12926604676809492,0.4776010874489949,0.00694444444444442,0.4062463457783507,False,False,0.06770772429639177,False
exploration,focus_vs_pop,discovery,180.0,modulation_delay,h0_max_persistence,24,24,0.8886315226554871,0.9147058427333832,-0.11458333333333337,0.5027693732325637,0.8898776205621819,-0.4340277777777778,0.5649237893112098,True,False,0.06473085085857615,False
exploration,focus_vs_pop,discovery,180.0,acoustic_pca,h1_mean_persistence,24,24,0.04174356162548065,0.03062473237514496,0.32291666666666674,0.05647943963383297,0.30412005956679294,0.2777777777777777,0.19094475528972926,True,False,0.06165924389564176,False
exploration,focus_vs_pop,discovery,180.0,modulation_delay,h1_prominent_count,24,24,1.0,1.0,0.16666666666666674,0.3030041889080719,0.815780508598655,0.17708333333333326,0.29256026022380627,True,False,0.0487600433706344,False
exploration,focus_vs_pop,discovery,180.0,chroma,h1_count,24,24,4.5,4.0,0.09548611111111116,0.5711725626375389,0.8898776205621819,0.19618055555555558,0.49714849338598494,True,False,0.04747077627817567,False
exploration,focus_vs_pop,discovery,180.0,acoustic_pca,h0_total_persistence,24,24,12.61545380949974,12.931466296315193,-0.07638888888888884,0.6575324631990798,0.9042924810201319,-0.45486111111111116,0.6148948485433148,True,False,0.04697113426372541,False
exploration,focus_vs_pop,discovery,180.0,onset_delay,h1_total_persistence,24,24,0.24691052734851837,0.17911355197429657,0.12152777777777768,0.4768500218436187,0.8898776205621819,0.15277777777777768,0.3292627043976611,True,False,0.04001456477054906,False
exploration,focus_vs_pop,discovery,180.0,modulation_delay,h1_total_persistence,24,24,0.28831303119659424,0.2994491457939148,0.09375,0.5847767220837196,0.8898776205621819,0.3055555555555556,0.414303170621905,True,False,0.0388409222458036,False
exploration,focus_vs_pop,discovery,180.0,acoustic_novelty_delay,h1_mean_persistence,24,24,0.05534516200423241,0.055585734014000215,-0.11805555555555558,0.48971740875937286,0.8898776205621819,-0.01388888888888884,0.32658048749115703,True,False,0.038554640884372715,False
exploration,focus_vs_pop,discovery,180.0,onset_delay,h1_persistence_entropy,24,24,0.8428720593787824,0.7925113433330342,0.3506944444444444,0.03821883029745144,0.30412005956679294,0.078125,0.10780253683549235,True,False,0.037805750765224744,False
exploration,focus_vs_pop,discovery,180.0,rhythm,h1_max_persistence,24,24,0.10882443189620972,0.09787184000015259,0.09375,0.5847767220837196,0.8898776205621819,0.13194444444444442,0.3865843462602097,True,False,0.03624228246189466,False
exploration,focus_vs_pop,discovery,180.0,modulation,h1_total_persistence,24,24,0.09060782194137573,0.10326212644577026,-0.11458333333333337,0.5023631472933511,0.8898776205621819,0.21354166666666674,0.3123707818450432,False,False,0.035792485419744544,False
exploration,focus_vs_pop,discovery,180.0,modulation,h0_total_persistence,24,24,8.257841549813747,8.225104274228215,-0.05555555555555558,0.749268076764465,0.9201537784826763,-0.11805555555555558,0.6111647051257315,True,False,0.03395359472920732,False
exploration,focus_vs_pop,discovery,180.0,modulation,h1_mean_persistence,24,24,0.03540992736816406,0.046003962556521096,-0.14583333333333337,0.39170494208626994,0.8898776205621819,0.16493055555555558,0.22950740868639616,False,False,0.03346983043343278,False
exploration,focus_vs_pop,discovery,180.0,onset_delay,h1_count,24,24,4.0,4.0,0.11631944444444442,0.49113061153265014,0.8898776205621819,0.16319444444444442,0.28570427021603473,True,False,0.03323296198693459,False
exploration,focus_vs_pop,discovery,180.0,modulation,h0_q75_persistence,24,24,0.417982317507267,0.4014751687645912,0.04861111111111116,0.7807319473938321,0.926292140975733,0.07986111111111116,0.6200077175381055,True,False,0.030139264046991267,False
exploration,focus_vs_pop,discovery,180.0,modulation,h1_max_persistence,24,24,0.06983885169029236,0.06907579302787781,-0.11458333333333337,0.5023631472933511,0.8898776205621819,0.16840277777777768,0.24599963344127249,False,False,0.02818745799847915,False
exploration,focus_vs_pop,discovery,180.0,rhythm,h0_q75_persistence,24,24,0.5560163483023643,0.5573227852582932,-0.06597222222222221,0.7028592976964558,0.9042924810201319,-0.28125,0.39298347160589114,True,False,0.0259259929184442,False
exploration,focus_vs_pop,discovery,180.0,acoustic_novelty_delay,h1_prominent_count,24,24,1.0,1.0,-0.08159722222222221,0.6159515096680342,0.8935924449130678,-0.00520833333333337,0.3143030609934615,True,False,0.025646256713008138,False
exploration,focus_vs_pop,discovery,180.0,chroma,h1_persistence_entropy,24,24,0.8394204215658727,0.7928694608999589,0.08680555555555558,0.6134313729551664,0.8935924449130678,-0.1597222222222222,0.29256135895021324,False,False,0.025395951297761572,False
exploration,focus_vs_pop,discovery,180.0,chroma,h1_prominent_count,24,24,1.0,1.0,0.12673611111111116,0.42796690084596756,0.8898776205621819,0.26388888888888884,0.19858341860382306,True,False,0.025167690204998417,False
exploration,focus_vs_pop,discovery,180.0,chroma,h1_mean_persistence,24,24,0.060363173484802246,0.056756917387247086,0.17013888888888884,0.31728478955239503,0.822590195135839,0.20833333333333326,0.14441443179625704,True,False,0.024570510965335392,False
exploration,focus_vs_pop,discovery,180.0,rhythm,h1_prominent_count,24,24,1.0,0.0,0.09895833333333326,0.5278498733952159,0.8898776205621819,0.24479166666666674,0.23979741370808658,True,False,0.02372995239819605,False
exploration,focus_vs_pop,discovery,180.0,modulation_delay,h1_persistence_entropy,24,24,0.8401549400742183,0.7784718681089986,0.18402777777777768,0.2790032662872629,0.7812456769918186,0.19965277777777768,0.11538183254017073,True,False,0.021233462238295298,False
exploration,focus_vs_pop,discovery,180.0,onset_delay,h1_max_persistence,24,24,0.0966431200504303,0.09705899655818939,0.07291666666666674,0.6725120572471346,0.9042924810201319,0.05902777777777768,0.26869367385434684,True,False,0.019592247051879477,False
exploration,focus_vs_pop,discovery,180.0,modulation_delay,h1_max_persistence,24,24,0.12258797883987427,0.11827844381332397,0.09375,0.5847767220837196,0.8898776205621819,0.15277777777777768,0.20496494951443828,True,False,0.019215464016978587,False
exploration,focus_vs_pop,discovery,180.0,acoustic_pca,h1_max_persistence,24,24,0.0914171040058136,0.06493417918682098,0.21180555555555558,0.21221826045709435,0.7329057020956772,0.26736111111111116,0.08392822689562031,True,False,0.017776464724419582,False
exploration,focus_vs_pop,discovery,180.0,rhythm,h1_persistence_entropy,24,24,0.7641387389396815,0.7653650339788136,-0.10590277777777779,0.5361757094302011,0.8898776205621819,-0.02430555555555558,0.15455364033959357,True,False,0.01636765982763057,False
exploration,focus_vs_pop,discovery,180.0,modulation_delay,h1_mean_persistence,24,24,0.06365737106118884,0.05214914513958825,0.10069444444444442,0.5567604652232558,0.8898776205621819,0.14236111111111116,0.15361116470512576,True,False,0.015467790890446687,False
exploration,focus_vs_pop,discovery,180.0,onset_delay,h1_mean_persistence,24,24,0.04821192017859883,0.04716965059439342,0.05555555555555558,0.749268076764465,0.9201537784826763,0.09027777777777768,0.23706657455020586,True,False,0.01317036525278922,False
exploration,focus_vs_pop,discovery,180.0,acoustic_pca,h1_count,24,24,4.5,4.0,0.03125,0.8588886286976148,0.9648407865478812,0.24826388888888884,0.40191277124315633,True,False,0.012559774101348635,False
exploration,focus_vs_pop,discovery,180.0,acoustic_novelty_delay,h1_total_persistence,24,24,0.27887117862701416,0.27310267090797424,-0.05208333333333337,0.7649515205278014,0.9232173523611396,0.21875,0.23361630973052935,False,False,0.012167516131798412,False
exploration,focus_vs_pop,discovery,180.0,rhythm,h0_persistence_entropy,24,24,0.9468253142746219,0.9444924192417128,-0.02083333333333337,0.9097070273165737,0.9648407865478812,0.34375,0.5644092867708536,False,False,0.011758526807726136,False
exploration,focus_vs_pop,discovery,180.0,rhythm,h1_count,24,24,4.0,4.0,0.08159722222222232,0.6255147114391475,0.8935924449130678,0.28298611111111116,0.13273528363110712,True,False,0.010830830435177156,False
exploration,focus_vs_pop,discovery,180.0,chroma,h0_max_persistence,24,24,0.7777992486953735,0.815642386674881,0.02430555555555558,0.8933806381420359,0.9648407865478812,-0.0625,0.4334040774326324,False,False,0.010534126882043159,False
exploration,focus_vs_pop,discovery,180.0,acoustic_novelty_delay,h1_count,24,24,5.0,5.0,0.07465277777777768,0.6590991604312204,0.9042924810201319,0.22916666666666674,0.1410675699711353,True,False,0.010531085952706265,False
exploration,focus_vs_pop,discovery,180.0,rhythm,h1_mean_persistence,24,24,0.049070096015930174,0.05592807829380035,0.02083333333333326,0.9097070273165737,0.9648407865478812,0.09375,0.48713743649109276,True,False,0.010148696593564396,False
exploration,focus_vs_pop,discovery,180.0,modulation_delay,h1_count,24,24,5.0,5.0,0.02083333333333326,0.9088733659173637,0.9648407865478812,0.36458333333333326,0.42136375760610145,True,False,0.00877841161679375,False
exploration,focus_vs_pop,discovery,180.0,acoustic_pca,h1_prominent_count,24,24,0.0,0.0,-0.05555555555555558,0.7053961339880042,0.9042924810201319,0.05555555555555558,0.11483248006444986,False,False,0.006379582225802773,False
exploration,focus_vs_pop,discovery,180.0,onset_delay,h1_prominent_count,24,24,0.0,0.5,-0.01909722222222221,0.9094209334899255,0.9648407865478812,0.00868055555555558,0.3194294826425862,False,False,0.006100215814354941,False
exploration,focus_vs_pop,discovery,180.0,rhythm,h1_total_persistence,24,24,0.1847405731678009,0.231573224067688,-0.01388888888888884,0.9424675874144188,0.9701872223383724,0.19097222222222232,0.4216991446395267,False,False,0.005856932564437849,False
exploration,focus_vs_pop,discovery,180.0,modulation,h1_count,24,24,2.0,2.0,0.015625,0.9319827624295348,0.9701872223383724,0.14756944444444442,0.3194159511226947,True,False,0.004990874236292105,False
exploration,focus_vs_pop,discovery,180.0,acoustic_novelty_delay,h1_persistence_entropy,24,24,0.8540522263009755,0.8394073985688674,-0.06423611111111116,0.7105155208015322,0.9042924810201319,0.45833333333333326,0.06898464506793149,False,False,0.004431305325544214,False
exploration,focus_vs_pop,discovery,180.0,chroma,h1_max_persistence,24,24,0.1289738118648529,0.12750819325447083,0.03125,0.8608698044170195,0.9648407865478812,0.32638888888888884,0.060454048491864434,True,False,0.0018891890153707636,False
exploration,focus_vs_pop,discovery,180.0,acoustic_novelty_delay,h1_max_persistence,24,24,0.12412115931510925,0.11315429210662842,0.003472222222222321,0.9917740945477351,1.0,-0.13194444444444442,0.2800180075889125,False,False,0.0009722847485726404,False
exploration,focus_vs_pop,discovery,180.0,chroma,h0_q75_persistence,24,24,0.5807628631591797,0.5261630192399025,0.0,1.0,1.0,0.13541666666666674,0.8602482474757221,False,False,0.0,False
