track_id,group,source_url,license_type,downloaded_at,redistribution_allowed,notes
focus_jamendo_2269943,focus,https://www.jamendo.com/track/2269943,Creative Commons Attribution-Non-Commercial-No Derivatives license,2026-08-01,true,jamendo-api-open-focus; redistribution subject to per-track CC terms (attribution and NC/ND/SA where applicable); license URL: http://creativecommons.org/licenses/by-nc-nd/3.0/
focus_jamendo_2259996,focus,https://www.jamendo.com/track/2259996,Creative Commons Attribution-Non-Commercial-No Derivatives license,2026-08-01,true,jamendo-api-open-focus; redistribution subject to per-track CC terms (attribution and NC/ND/SA where applicable); license URL: http://creativecommons.org/licenses/by-nc-nd/3.0/
focus_jamendo_1986013,focus,https://www.jamendo.com/track/1986013,Creative Commons Attribution-Non-Commercial-No Derivatives license,2026-08-01,true,jamendo-api-open-focus; redistribution subject to per-track CC terms (attribution and NC/ND/SA where applicable); license URL: http://creativecommons.org/licenses/by-nc-nd/3.0/
focus_jamendo_2043688,focus,https://www.jamendo.com/track/2043688,Creative Commons Attribution-Non-Commercial-No Derivatives license,2026-08-01,true,jamendo-api-open-focus; redistribution subject to per-track CC terms (attribution and NC/ND/SA where applicable); license URL: http://creativecommons.org/licenses/by-nc-nd/3.0/
focus_jamendo_2034075,focus,https://www.jamendo.com/track/2034075,Creative Commons Attribution-Non-Commercial-No Derivatives license,2026-08-01,true,jamendo-api-open-focus; redistribution subject to per-track CC terms (attribution and NC/ND/SA where applicable); license URL: http://creativecommons.org/licenses/by-nc-nd/3.0/
focus_jamendo_2041947,focus,https://www.jamendo.com/track/2041947,Creative Commons Attribution-Non-Commercial-No Derivatives license,2026-08-01,true,jamendo-api-open-focus; redistribution subject to per-track CC terms (attribution and NC/ND/SA where applicable); license URL: http://creativecommons.org/licenses/by-nc-nd/3.0/
focus_jamendo_2127649,focus,https://www.jamendo.com/track/2127649,Creative Commons Attribution-Non-Commercial-No Derivatives license,2026-08-01,true,jamendo-api-open-focus; redistribution subject to per-track CC terms (attribution and NC/ND/SA where applicable); license URL: http://creativecommons.org/licenses/by-nc-nd/3.0/
focus_jamendo_2127098,focus,https://www.jamendo.com/track/2127098,Creative Commons Attribution-Non-Commercial-No Derivatives license,2026-08-01,true,jamendo-api-open-focus; redistribution subject to per-track CC terms (attribution and NC/ND/SA where applicable); license URL: http://creativecommons.org/licenses/by-nc-nd/3.0/
focus_jamendo_2125861,focus,https://www.jamendo.com/track/2125861,Creative Commons Attribution-Non-Commercial-No Derivatives license,2026-08-01,true,jamendo-api-open-focus; redistribution subject to per-track CC terms (attribution and NC/ND/SA where applicable); license URL: http://creativecommons.org/licenses/by-nc-nd/3.0/
focus_jamendo_2041944,focus,https://www.jamendo.com/track/2041944,Creative Commons Attribution-Non-Commercial-No Derivatives license,2026-08-01,true,jamendo-api-open-focus; redistribution subject to per-track CC terms (attribution and NC/ND/SA where applicable); license URL: http://creativecommons.org/licenses/by-nc-nd/3.0/
focus_jamendo_2127108,focus,https://www.jamendo.com/track/2127108,Creative Commons Attribution-Non-Commercial-No Derivatives license,2026-08-01,true,jamendo-api-open-focus; redistribution subject to per-track CC terms (attribution and NC/ND/SA where applicable); license URL: http://creativecommons.org/licenses/by-nc-nd/3.0/
focus_jamendo_1894575,focus,https://www.jamendo.com/track/1894575,Creative Commons Attribution-Non-Commercial-No Derivatives license,2026-08-01,true,jamendo-api-open-focus; redistribution subject to per-track CC terms (attribution and NC/ND/SA where applicable); license URL: http://creativecommons.org/licenses/by-nc-nd/3.0/
focus_jamendo_1890501,focus,https://www.jamendo.com/track/1890501,Creative Commons Attribution-Non-Commercial-No Derivatives license,2026-08-01,true,jamendo-api-open-focus; redistribution subject to per-track CC terms (attribution and NC/ND/SA where applicable); license URL: http://creativecommons.org/licenses/by-nc-nd/3.0/
focus_jamendo_2276080,focus,https://www.jamendo.com/track/2276080,Creative Commons Attribution-Non-Commercial-No Derivatives license,2026-08-01,true,jamendo-api-open-focus; redistribution subject to per-track CC terms (attribution and NC/ND/SA where applicable); license URL: http://creativecommons.org/licenses/by-nc-nd/3.0/
focus_jamendo_1980501,focus,https://www.jamendo.com/track/1980501,Creative Commons Attribution-Non-Commercial-No Derivatives license,2026-08-01,true,jamendo-api-open-focus; redistribution subject to per-track CC terms (attribution and NC/ND/SA where applicable); license URL: http://creativecommons.org/licenses/by-nc-nd/3.0/
focus_jamendo_2260000,focus,https://www.jamendo.com/track/2260000,Creative Commons Attribution-Non-Commercial-No Derivatives license,2026-08-01,true,jamendo-api-open-focus; redistribution subject to per-track CC terms (attribution and NC/ND/SA where applicable); license URL: http://creativecommons.org/licenses/by-nc-nd/3.0/
focus_jamendo_2039455,focus,https://www.jamendo.com/track/2039455,Creative Commons Attribution-Non-Commercial-No Derivatives license,2026-08-01,true,jamendo-api-open-focus; redistribution subject to per-track CC terms (attribution and NC/ND/SA where applicable); license URL: http://creativecommons.org/licenses/by-nc-nd/3.0/
focus_jamendo_2205840,focus,https://www.jamendo.com/track/2205840,Creative Commons Attribution-Non-Commercial-No Derivatives license,2026-08-01,true,jamendo-api-open-focus; redistribution subject to per-track CC terms (attribution and NC/ND/SA where applicable); license URL: http://creativecommons.org/licenses/by-nc-nd/3.0/
focus_jamendo_2276079,focus,https://www.jamendo.com/track/2276079,Creative Commons Attribution-Non-Commercial-No Derivatives license,2026-08-01,true,jamendo-api-open-focus; redistribution subject to per-track CC terms (attribution and NC/ND/SA where applicable); license URL: http://creativecommons.org/licenses/by-nc-nd/3.0/
focus_jamendo_1027423,focus,https://www.jamendo.com/track/1027423,Creative Commons Attribution-Non-Commercial-Share-Alike license,2026-08-01,true,jamendo-api-open-focus; redistribution subject to per-track CC terms (attribution and NC/ND/SA where applicable); license URL: http://creativecommons.org/licenses/by-nc-sa/3.0/
focus_jamendo_1900646,focus,https://www.jamendo.com/track/1900646,Creative Commons Attribution-Non-Commercial-No Derivatives license,2026-08-01,true,jamendo-api-open-focus; redistribution subject to per-track CC terms (attribution and NC/ND/SA where applicable); license URL: http://creativecommons.org/licenses/by-nc-nd/3.0/
focus_jamendo_1027941,focus,https://www.jamendo.com/track/1027941,Creative Commons Attribution-Non-Commercial-Share-Alike license,2026-08-01,true,jamendo-api-open-focus; redistribution subject to per-track CC terms (attribution and NC/ND/SA where applicable); license URL: http://creativecommons.org/licenses/by-nc-sa/3.0/
focus_jamendo_1027938,focus,https://www.jamendo.com/track/1027938,Creative Commons Attribution-Non-Commercial-Share-Alike license,2026-08-01,true,jamendo-api-open-focus; redistribution subject to per-track CC terms (attribution and NC/ND/SA where applicable); license URL: http://creativecommons.org/licenses/by-nc-sa/3.0/
focus_jamendo_1081641,focus,https://www.jamendo.com/track/1081641,Creative Commons Attribution-Share-Alike license,2026-08-01,true,jamendo-api-open-focus; redistribution subject to per-track CC terms (attribution and NC/ND/SA where applicable); license URL: http://creativecommons.org/licenses/by-sa/3.0/
focus_jamendo_1081643,focus,https://www.jamendo.com/track/1081643,Creative Commons Attribution-Share-Alike license,2026-08-01,true,jamendo-api-open-focus; redistribution subject to per-track CC terms (attribution and NC/ND/SA where applicable); license URL: http://creativecommons.org/licenses/by-sa/3.0/
focus_jamendo_1027427,focus,https://www.jamendo.com/track/1027427,Creative Commons Attribution-Non-Commercial-Share-Alike license,2026-08-01,true,jamendo-api-open-focus; redistribution subject to per-track CC terms (attribution and NC/ND/SA where applicable); license URL: http://creativecommons.org/licenses/by-nc-sa/3.0/
focus_jamendo_1089784,focus,https://www.jamendo.com/track/1089784,Creative Commons Attribution-Non-Commercial-Share-Alike license,2026-08-01,true,jamendo-api-open-focus; redistribution subject to per-track CC terms (attribution and NC/ND/SA where applicable); license URL: http://creativecommons.org/licenses/by-nc-sa/3.0/
focus_jamendo_1906544,focus,https://www.jamendo.com/track/1906544,Creative Commons Attribution-Non-Commercial-No Derivatives license,2026-08-01,true,jamendo-api-open-focus; redistribution subject to per-track CC terms (attribution and NC/ND/SA where applicable); license URL: http://creativecommons.org/licenses/by-nc-nd/3.0/
focus_jamendo_2200501,focus,https://www.jamendo.com/track/2200501,Creative Commons Attribution-Non-Commercial-No Derivatives license,2026-08-01,true,jamendo-api-open-focus; redistribution subject to per-track CC terms (attribution and NC/ND/SA where applicable); license URL: http://creativecommons.org/licenses/by-nc-nd/3.0/
focus_jamendo_1823875,focus,https://www.jamendo.com/track/1823875,Creative Commons Attribution-Non-Commercial-No Derivatives license,2026-08-01,true,jamendo-api-open-focus; redistribution subject to per-track CC terms (attribution and NC/ND/SA where applicable); license URL: http://creativecommons.org/licenses/by-nc-nd/3.0/
focus_jamendo_1963475,focus,https://www.jamendo.com/track/1963475,Creative Commons Attribution-Non-Commercial-No Derivatives license,2026-08-01,true,jamendo-api-open-focus; redistribution subject to per-track CC terms (attribution and NC/ND/SA where applicable); license URL: http://creativecommons.org/licenses/by-nc-nd/3.0/
focus_jamendo_1823902,focus,https://www.jamendo.com/track/1823902,Creative Commons Attribution-Non-Commercial-No Derivatives license,2026-08-01,true,jamendo-api-open-focus; redistribution subject to per-track CC terms (attribution and NC/ND/SA where applicable); license URL: http://creativecommons.org/licenses/by-nc-nd/3.0/
focus_jamendo_1953401,focus,https://www.jamendo.com/track/1953401,Creative Commons Attribution-Non-Commercial-No Derivatives license,2026-08-01,true,jamendo-api-open-focus; redistribution subject to per-track CC terms (attribution and NC/ND/SA where applicable); license URL: http://creativecommons.org/licenses/by-nc-nd/3.0/
focus_jamendo_2039456,focus,https://www.jamendo.com/track/2039456,Creative Commons Attribution-Non-Commercial-No Derivatives license,2026-08-01,true,jamendo-api-open-focus; redistribution subject to per-track CC terms (attribution and NC/ND/SA where applicable); license URL: http://creativecommons.org/licenses/by-nc-nd/3.0/
focus_jamendo_2035379,focus,https://www.jamendo.com/track/2035379,Creative Commons Attribution-Non-Commercial-No Derivatives license,2026-08-01,true,jamendo-api-open-focus; redistribution subject to per-track CC terms (attribution and NC/ND/SA where applicable); license URL: http://creativecommons.org/licenses/by-nc-nd/3.0/
focus_jamendo_1967111,focus,https://www.jamendo.com/track/1967111,Creative Commons Attribution-Non-Commercial-Share-Alike license,2026-08-01,true,jamendo-api-open-focus; redistribution subject to per-track CC terms (attribution and NC/ND/SA where applicable); license URL: http://creativecommons.org/licenses/by-nc-sa/3.0/
focus_jamendo_2035939,focus,https://www.jamendo.com/track/2035939,Creative Commons Attribution-Non-Commercial-No Derivatives license,2026-08-01,true,jamendo-api-open-focus; redistribution subject to per-track CC terms (attribution and NC/ND/SA where applicable); license URL: http://creativecommons.org/licenses/by-nc-nd/3.0/
focus_jamendo_1798830,focus,https://www.jamendo.com/track/1798830,Creative Commons Attribution-Non-Commercial-No Derivatives license,2026-08-01,true,jamendo-api-open-focus; redistribution subject to per-track CC terms (attribution and NC/ND/SA where applicable); license URL: http://creativecommons.org/licenses/by-nc-nd/3.0/
focus_jamendo_1890497,focus,https://www.jamendo.com/track/1890497,Creative Commons Attribution-Non-Commercial-No Derivatives license,2026-08-01,true,jamendo-api-open-focus; redistribution subject to per-track CC terms (attribution and NC/ND/SA where applicable); license URL: http://creativecommons.org/licenses/by-nc-nd/3.0/
focus_jamendo_2178866,focus,https://www.jamendo.com/track/2178866,Creative Commons Attribution-Non-Commercial-No Derivatives license,2026-08-01,true,jamendo-api-open-focus; redistribution subject to per-track CC terms (attribution and NC/ND/SA where applicable); license URL: http://creativecommons.org/licenses/by-nc-nd/3.0/
focus_jamendo_2039515,focus,https://www.jamendo.com/track/2039515,Creative Commons Attribution-Non-Commercial-No Derivatives license,2026-08-01,true,jamendo-api-open-focus; redistribution subject to per-track CC terms (attribution and NC/ND/SA where applicable); license URL: http://creativecommons.org/licenses/by-nc-nd/3.0/
focus_jamendo_1894851,focus,https://www.jamendo.com/track/1894851,Creative Commons Attribution-Non-Commercial-No Derivatives license,2026-08-01,true,jamendo-api-open-focus; redistribution subject to per-track CC terms (attribution and NC/ND/SA where applicable); license URL: http://creativecommons.org/licenses/by-nc-nd/3.0/
focus_jamendo_2203332,focus,https://www.jamendo.com/track/2203332,Creative Commons Attribution-Non-Commercial-No Derivatives license,2026-08-01,true,jamendo-api-open-focus; redistribution subject to per-track CC terms (attribution and NC/ND/SA where applicable); license URL: http://creativecommons.org/licenses/by-nc-nd/3.0/
focus_jamendo_1956108,focus,https://www.jamendo.com/track/1956108,Creative Commons Attribution-Non-Commercial-No Derivatives license,2026-08-01,true,jamendo-api-open-focus; redistribution subject to per-track CC terms (attribution and NC/ND/SA where applicable); license URL: http://creativecommons.org/licenses/by-nc-nd/3.0/
focus_jamendo_2039520,focus,https://www.jamendo.com/track/2039520,Creative Commons Attribution-Non-Commercial-No Derivatives license,2026-08-01,true,jamendo-api-open-focus; redistribution subject to per-track CC terms (attribution and NC/ND/SA where applicable); license URL: http://creativecommons.org/licenses/by-nc-nd/3.0/
focus_jamendo_1932519,focus,https://www.jamendo.com/track/1932519,Creative Commons Attribution-Non-Commercial-No Derivatives license,2026-08-01,true,jamendo-api-open-focus; redistribution subject to per-track CC terms (attribution and NC/ND/SA where applicable); license URL: http://creativecommons.org/licenses/by-nc-nd/3.0/
focus_jamendo_1983056,focus,https://www.jamendo.com/track/1983056,Creative Commons Attribution-Non-Commercial-No Derivatives license,2026-08-01,true,jamendo-api-open-focus; redistribution subject to per-track CC terms (attribution and NC/ND/SA where applicable); license URL: http://creativecommons.org/licenses/by-nc-nd/3.0/
focus_jamendo_2026945,focus,https://www.jamendo.com/track/2026945,Creative Commons Attribution-Non-Commercial-No Derivatives license,2026-08-01,true,jamendo-api-open-focus; redistribution subject to per-track CC terms (attribution and NC/ND/SA where applicable); license URL: http://creativecommons.org/licenses/by-nc-nd/3.0/
focus_jamendo_2201166,focus,https://www.jamendo.com/track/2201166,Creative Commons Attribution-Non-Commercial-No Derivatives license,2026-08-01,true,jamendo-api-open-focus; redistribution subject to per-track CC terms (attribution and NC/ND/SA where applicable); license URL: http://creativecommons.org/licenses/by-nc-nd/3.0/
focus_jamendo_1935873,focus,https://www.jamendo.com/track/1935873,Creative Commons Attribution-Non-Commercial-No Derivatives license,2026-08-01,true,jamendo-api-open-focus; redistribution subject to per-track CC terms (attribution and NC/ND/SA where applicable); license URL: http://creativecommons.org/licenses/by-nc-nd/3.0/
focus_jamendo_2235775,focus,https://www.jamendo.com/track/2235775,Creative Commons Attribution-Non-Commercial-No Derivatives license,2026-08-01,true,jamendo-api-open-focus; redistribution subject to per-track CC terms (attribution and NC/ND/SA where applicable); license URL: http://creativecommons.org/licenses/by-nc-nd/3.0/
focus_jamendo_1983051,focus,https://www.jamendo.com/track/1983051,Creative Commons Attribution-Non-Commercial-No Derivatives license,2026-08-01,true,jamendo-api-open-focus; redistribution subject to per-track CC terms (attribution and NC/ND/SA where applicable); license URL: http://creativecommons.org/licenses/by-nc-nd/3.0/
focus_jamendo_2207645,focus,https://www.jamendo.com/track/2207645,Creative Commons Attribution-Non-Commercial-No Derivatives license,2026-08-01,true,jamendo-api-open-focus; redistribution subject to per-track CC terms (attribution and NC/ND/SA where applicable); license URL: http://creativecommons.org/licenses/by-nc-nd/3.0/
focus_jamendo_1890389,focus,https://www.jamendo.com/track/1890389,Creative Commons Attribution-Non-Commercial-No Derivatives license,2026-08-01,true,jamendo-api-open-focus; redistribution subject to per-track CC terms (attribution and NC/ND/SA where applicable); license URL: http://creativecommons.org/licenses/by-nc-nd/3.0/
focus_jamendo_1926373,focus,https://www.jamendo.com/track/1926373,Creative Commons Attribution-Non-Commercial-No Derivatives license,2026-08-01,true,jamendo-api-open-focus; redistribution subject to per-track CC terms (attribution and NC/ND/SA where applicable); license URL: http://creativecommons.org/licenses/by-nc-nd/3.0/
focus_jamendo_2042978,focus,https://www.jamendo.com/track/2042978,Creative Commons Attribution-Non-Commercial-No Derivatives license,2026-08-01,true,jamendo-api-open-focus; redistribution subject to per-track CC terms (attribution and NC/ND/SA where applicable); license URL: http://creativecommons.org/licenses/by-nc-nd/3.0/
focus_jamendo_1890394,focus,https://www.jamendo.com/track/1890394,Creative Commons Attribution-Non-Commercial-No Derivatives license,2026-08-01,true,jamendo-api-open-focus; redistribution subject to per-track CC terms (attribution and NC/ND/SA where applicable); license URL: http://creativecommons.org/licenses/by-nc-nd/3.0/
focus_jamendo_1761112,focus,https://www.jamendo.com/track/1761112,Creative Commons Attribution-Non-Commercial-No Derivatives license,2026-08-01,true,jamendo-api-open-focus; redistribution subject to per-track CC terms (attribution and NC/ND/SA where applicable); license URL: http://creativecommons.org/licenses/by-nc-nd/3.0/
focus_jamendo_1967104,focus,https://www.jamendo.com/track/1967104,Creative Commons Attribution-Non-Commercial-Share-Alike license,2026-08-01,true,jamendo-api-open-focus; redistribution subject to per-track CC terms (attribution and NC/ND/SA where applicable); license URL: http://creativecommons.org/licenses/by-nc-sa/3.0/
focus_jamendo_1744930,focus,https://www.jamendo.com/track/1744930,Creative Commons Attribution-Non-Commercial-No Derivatives license,2026-08-01,true,jamendo-api-open-focus; redistribution subject to per-track CC terms (attribution and NC/ND/SA where applicable); license URL: http://creativecommons.org/licenses/by-nc-nd/3.0/
focus_jamendo_1985293,focus,https://www.jamendo.com/track/1985293,Creative Commons Attribution-Non-Commercial-Share-Alike license,2026-08-01,true,jamendo-api-open-focus; redistribution subject to per-track CC terms (attribution and NC/ND/SA where applicable); license URL: http://creativecommons.org/licenses/by-nc-sa/3.0/
focus_jamendo_1935877,focus,https://www.jamendo.com/track/1935877,Creative Commons Attribution-Non-Commercial-No Derivatives license,2026-08-01,true,jamendo-api-open-focus; redistribution subject to per-track CC terms (attribution and NC/ND/SA where applicable); license URL: http://creativecommons.org/licenses/by-nc-nd/3.0/
focus_jamendo_1985295,focus,https://www.jamendo.com/track/1985295,Creative Commons Attribution-Non-Commercial-Share-Alike license,2026-08-01,true,jamendo-api-open-focus; redistribution subject to per-track CC terms (attribution and NC/ND/SA where applicable); license URL: http://creativecommons.org/licenses/by-nc-sa/3.0/
focus_jamendo_1898926,focus,https://www.jamendo.com/track/1898926,Creative Commons Attribution-Non-Commercial-No Derivatives license,2026-08-01,true,jamendo-api-open-focus; redistribution subject to per-track CC terms (attribution and NC/ND/SA where applicable); license URL: http://creativecommons.org/licenses/by-nc-nd/3.0/
focus_jamendo_1994905,focus,https://www.jamendo.com/track/1994905,Creative Commons Attribution-Non-Commercial-No Derivatives license,2026-08-01,true,jamendo-api-open-focus; redistribution subject to per-track CC terms (attribution and NC/ND/SA where applicable); license URL: http://creativecommons.org/licenses/by-nc-nd/3.0/
focus_jamendo_1092684,focus,https://www.jamendo.com/track/1092684,Creative Commons Attribution-Non-Commercial-Share-Alike license,2026-08-01,true,jamendo-api-open-focus; redistribution subject to per-track CC terms (attribution and NC/ND/SA where applicable); license URL: http://creativecommons.org/licenses/by-nc-sa/3.0/
focus_jamendo_1699096,focus,https://www.jamendo.com/track/1699096,Creative Commons Attribution-Non-Commercial-No Derivatives license,2026-08-01,true,jamendo-api-open-focus; redistribution subject to per-track CC terms (attribution and NC/ND/SA where applicable); license URL: http://creativecommons.org/licenses/by-nc-nd/3.0/
focus_jamendo_2032187,focus,https://www.jamendo.com/track/2032187,Creative Commons Attribution-Non-Commercial-No Derivatives license,2026-08-01,true,jamendo-api-open-focus; redistribution subject to per-track CC terms (attribution and NC/ND/SA where applicable); license URL: http://creativecommons.org/licenses/by-nc-nd/3.0/
focus_jamendo_1902125,focus,https://www.jamendo.com/track/1902125,Creative Commons Attribution-Non-Commercial-No Derivatives license,2026-08-01,true,jamendo-api-open-focus; redistribution subject to per-track CC terms (attribution and NC/ND/SA where applicable); license URL: http://creativecommons.org/licenses/by-nc-nd/3.0/
focus_jamendo_2257645,focus,https://www.jamendo.com/track/2257645,Creative Commons Attribution-Non-Commercial-No Derivatives license,2026-08-01,true,jamendo-api-open-focus; redistribution subject to per-track CC terms (attribution and NC/ND/SA where applicable); license URL: http://creativecommons.org/licenses/by-nc-nd/3.0/
focus_jamendo_2129421,focus,https://www.jamendo.com/track/2129421,Creative Commons Attribution-Non-Commercial-No Derivatives license,2026-08-01,true,jamendo-api-open-focus; redistribution subject to per-track CC terms (attribution and NC/ND/SA where applicable); license URL: http://creativecommons.org/licenses/by-nc-nd/3.0/
focus_jamendo_1935622,focus,https://www.jamendo.com/track/1935622,Creative Commons Attribution-Non-Commercial-No Derivatives license,2026-08-01,true,jamendo-api-open-focus; redistribution subject to per-track CC terms (attribution and NC/ND/SA where applicable); license URL: http://creativecommons.org/licenses/by-nc-nd/3.0/
focus_jamendo_1575999,focus,https://www.jamendo.com/track/1575999,Creative Commons Attribution-Non-Commercial-Share-Alike license,2026-08-01,true,jamendo-api-open-focus; redistribution subject to per-track CC terms (attribution and NC/ND/SA where applicable); license URL: http://creativecommons.org/licenses/by-nc-sa/3.0/
focus_jamendo_1957922,focus,https://www.jamendo.com/track/1957922,Creative Commons Attribution-Non-Commercial-No Derivatives license,2026-08-01,true,jamendo-api-open-focus; redistribution subject to per-track CC terms (attribution and NC/ND/SA where applicable); license URL: http://creativecommons.org/licenses/by-nc-nd/3.0/
focus_jamendo_1866931,focus,https://www.jamendo.com/track/1866931,Creative Commons Attribution-Non-Commercial-No Derivatives license,2026-08-01,true,jamendo-api-open-focus; redistribution subject to per-track CC terms (attribution and NC/ND/SA where applicable); license URL: http://creativecommons.org/licenses/by-nc-nd/3.0/
focus_jamendo_1969508,focus,https://www.jamendo.com/track/1969508,Creative Commons Attribution-Non-Commercial-No Derivatives license,2026-08-01,true,jamendo-api-open-focus; redistribution subject to per-track CC terms (attribution and NC/ND/SA where applicable); license URL: http://creativecommons.org/licenses/by-nc-nd/3.0/
focus_jamendo_1705713,focus,https://www.jamendo.com/track/1705713,Creative Commons Attribution-Non-Commercial-No Derivatives license,2026-08-01,true,jamendo-api-open-focus; redistribution subject to per-track CC terms (attribution and NC/ND/SA where applicable); license URL: http://creativecommons.org/licenses/by-nc-nd/3.0/
focus_jamendo_1978794,focus,https://www.jamendo.com/track/1978794,Creative Commons Attribution-Non-Commercial-No Derivatives license,2026-08-01,true,jamendo-api-open-focus; redistribution subject to per-track CC terms (attribution and NC/ND/SA where applicable); license URL: http://creativecommons.org/licenses/by-nc-nd/3.0/
focus_jamendo_2274006,focus,https://www.jamendo.com/track/2274006,Creative Commons Attribution-Non-Commercial-No Derivatives license,2026-08-01,true,jamendo-api-open-focus; redistribution subject to per-track CC terms (attribution and NC/ND/SA where applicable); license URL: http://creativecommons.org/licenses/by-nc-nd/3.0/
focus_jamendo_2032670,focus,https://www.jamendo.com/track/2032670,Creative Commons Attribution-Non-Commercial-No Derivatives license,2026-08-01,true,jamendo-api-open-focus; redistribution subject to per-track CC terms (attribution and NC/ND/SA where applicable); license URL: http://creativecommons.org/licenses/by-nc-nd/3.0/
focus_jamendo_2027198,focus,https://www.jamendo.com/track/2027198,Creative Commons Attribution-Non-Commercial-No Derivatives license,2026-08-01,true,jamendo-api-open-focus; redistribution subject to per-track CC terms (attribution and NC/ND/SA where applicable); license URL: http://creativecommons.org/licenses/by-nc-nd/3.0/
focus_jamendo_1704604,focus,https://www.jamendo.com/track/1704604,Creative Commons Attribution-Non-Commercial-No Derivatives license,2026-08-01,true,jamendo-api-open-focus; redistribution subject to per-track CC terms (attribution and NC/ND/SA where applicable); license URL: http://creativecommons.org/licenses/by-nc-nd/3.0/
focus_jamendo_1978485,focus,https://www.jamendo.com/track/1978485,Creative Commons Attribution-Non-Commercial-No Derivatives license,2026-08-01,true,jamendo-api-open-focus; redistribution subject to per-track CC terms (attribution and NC/ND/SA where applicable); license URL: http://creativecommons.org/licenses/by-nc-nd/3.0/
focus_jamendo_2005033,focus,https://www.jamendo.com/track/2005033,Creative Commons Attribution-Non-Commercial-No Derivatives license,2026-08-01,true,jamendo-api-open-focus; redistribution subject to per-track CC terms (attribution and NC/ND/SA where applicable); license URL: http://creativecommons.org/licenses/by-nc-nd/3.0/
focus_jamendo_1923890,focus,https://www.jamendo.com/track/1923890,Creative Commons Attribution-Non-Commercial-No Derivatives license,2026-08-01,true,jamendo-api-open-focus; redistribution subject to per-track CC terms (attribution and NC/ND/SA where applicable); license URL: http://creativecommons.org/licenses/by-nc-nd/3.0/
focus_jamendo_2005032,focus,https://www.jamendo.com/track/2005032,Creative Commons Attribution-Non-Commercial-No Derivatives license,2026-08-01,true,jamendo-api-open-focus; redistribution subject to per-track CC terms (attribution and NC/ND/SA where applicable); license URL: http://creativecommons.org/licenses/by-nc-nd/3.0/
focus_jamendo_2023746,focus,https://www.jamendo.com/track/2023746,Creative Commons Attribution-Non-Commercial-No Derivatives license,2026-08-01,true,jamendo-api-open-focus; redistribution subject to per-track CC terms (attribution and NC/ND/SA where applicable); license URL: http://creativecommons.org/licenses/by-nc-nd/3.0/
focus_jamendo_1864786,focus,https://www.jamendo.com/track/1864786,Creative Commons Attribution-Non-Commercial-No Derivatives license,2026-08-01,true,jamendo-api-open-focus; redistribution subject to per-track CC terms (attribution and NC/ND/SA where applicable); license URL: http://creativecommons.org/licenses/by-nc-nd/3.0/
focus_jamendo_1879434,focus,https://www.jamendo.com/track/1879434,Creative Commons Attribution-Non-Commercial-No Derivatives license,2026-08-01,true,jamendo-api-open-focus; redistribution subject to per-track CC terms (attribution and NC/ND/SA where applicable); license URL: http://creativecommons.org/licenses/by-nc-nd/3.0/
focus_jamendo_1981814,focus,https://www.jamendo.com/track/1981814,Creative Commons Attribution-Non-Commercial-No Derivatives license,2026-08-01,true,jamendo-api-open-focus; redistribution subject to per-track CC terms (attribution and NC/ND/SA where applicable); license URL: http://creativecommons.org/licenses/by-nc-nd/3.0/
focus_jamendo_1842472,focus,https://www.jamendo.com/track/1842472,Creative Commons Attribution-Non-Commercial-No Derivatives license,2026-08-01,true,jamendo-api-open-focus; redistribution subject to per-track CC terms (attribution and NC/ND/SA where applicable); license URL: http://creativecommons.org/licenses/by-nc-nd/3.0/
focus_jamendo_1549291,focus,https://www.jamendo.com/track/1549291,Creative Commons Attribution-Non-Commercial-No Derivatives license,2026-08-01,true,jamendo-api-open-focus; redistribution subject to per-track CC terms (attribution and NC/ND/SA where applicable); license URL: http://creativecommons.org/licenses/by-nc-nd/3.0/
focus_jamendo_1983239,focus,https://www.jamendo.com/track/1983239,Creative Commons Attribution-Non-Commercial-No Derivatives license,2026-08-01,true,jamendo-api-open-focus; redistribution subject to per-track CC terms (attribution and NC/ND/SA where applicable); license URL: http://creativecommons.org/licenses/by-nc-nd/3.0/
focus_jamendo_2019707,focus,https://www.jamendo.com/track/2019707,Creative Commons Attribution-Non-Commercial-No Derivatives license,2026-08-01,true,jamendo-api-open-focus; redistribution subject to per-track CC terms (attribution and NC/ND/SA where applicable); license URL: http://creativecommons.org/licenses/by-nc-nd/3.0/
focus_jamendo_1983242,focus,https://www.jamendo.com/track/1983242,Creative Commons Attribution-Non-Commercial-No Derivatives license,2026-08-01,true,jamendo-api-open-focus; redistribution subject to per-track CC terms (attribution and NC/ND/SA where applicable); license URL: http://creativecommons.org/licenses/by-nc-nd/3.0/
focus_jamendo_2266423,focus,https://www.jamendo.com/track/2266423,Creative Commons Attribution-Non-Commercial-No Derivatives license,2026-08-01,true,jamendo-api-open-focus; redistribution subject to per-track CC terms (attribution and NC/ND/SA where applicable); license URL: http://creativecommons.org/licenses/by-nc-nd/3.0/
focus_jamendo_2208659,focus,https://www.jamendo.com/track/2208659,Creative Commons Attribution-Non-Commercial-No Derivatives license,2026-08-01,true,jamendo-api-open-focus; redistribution subject to per-track CC terms (attribution and NC/ND/SA where applicable); license URL: http://creativecommons.org/licenses/by-nc-nd/3.0/
focus_jamendo_2022629,focus,https://www.jamendo.com/track/2022629,Creative Commons Attribution-Non-Commercial-No Derivatives license,2026-08-01,true,jamendo-api-open-focus; redistribution subject to per-track CC terms (attribution and NC/ND/SA where applicable); license URL: http://creativecommons.org/licenses/by-nc-nd/3.0/
focus_jamendo_2234790,focus,https://www.jamendo.com/track/2234790,Creative Commons Attribution-Non-Commercial-No Derivatives license,2026-08-01,true,jamendo-api-open-focus; redistribution subject to per-track CC terms (attribution and NC/ND/SA where applicable); license URL: http://creativecommons.org/licenses/by-nc-nd/3.0/
focus_jamendo_2209988,focus,https://www.jamendo.com/track/2209988,Creative Commons Attribution-Non-Commercial-No Derivatives license,2026-08-01,true,jamendo-api-open-focus; redistribution subject to per-track CC terms (attribution and NC/ND/SA where applicable); license URL: http://creativecommons.org/licenses/by-nc-nd/3.0/
focus_jamendo_2060537,focus,https://www.jamendo.com/track/2060537,Creative Commons Attribution-Non-Commercial-No Derivatives license,2026-08-01,true,jamendo-api-open-focus; redistribution subject to per-track CC terms (attribution and NC/ND/SA where applicable); license URL: http://creativecommons.org/licenses/by-nc-nd/3.0/
focus_jamendo_1685030,focus,https://www.jamendo.com/track/1685030,Creative Commons Attribution-Non-Commercial-No Derivatives license,2026-08-01,true,jamendo-api-open-focus; redistribution subject to per-track CC terms (attribution and NC/ND/SA where applicable); license URL: http://creativecommons.org/licenses/by-nc-nd/3.0/
focus_jamendo_1797025,focus,https://www.jamendo.com/track/1797025,Creative Commons Attribution-Non-Commercial-No Derivatives license,2026-08-01,true,jamendo-api-open-focus; redistribution subject to per-track CC terms (attribution and NC/ND/SA where applicable); license URL: http://creativecommons.org/licenses/by-nc-nd/3.0/
focus_jamendo_2255191,focus,https://www.jamendo.com/track/2255191,Creative Commons Attribution-Non-Commercial-No Derivatives license,2026-08-01,true,jamendo-api-open-focus; redistribution subject to per-track CC terms (attribution and NC/ND/SA where applicable); license URL: http://creativecommons.org/licenses/by-nc-nd/3.0/
focus_jamendo_1785989,focus,https://www.jamendo.com/track/1785989,Creative Commons Attribution-Non-Commercial-No Derivatives license,2026-08-01,true,jamendo-api-open-focus; redistribution subject to per-track CC terms (attribution and NC/ND/SA where applicable); license URL: http://creativecommons.org/licenses/by-nc-nd/3.0/
focus_jamendo_2160682,focus,https://www.jamendo.com/track/2160682,Creative Commons Attribution-Non-Commercial-No Derivatives license,2026-08-01,true,jamendo-api-open-focus; redistribution subject to per-track CC terms (attribution and NC/ND/SA where applicable); license URL: http://creativecommons.org/licenses/by-nc-nd/3.0/
focus_jamendo_1056129,focus,https://www.jamendo.com/track/1056129,Creative Commons Attribution-Non-Commercial-Share-Alike license,2026-08-01,true,jamendo-api-open-focus; redistribution subject to per-track CC terms (attribution and NC/ND/SA where applicable); license URL: http://creativecommons.org/licenses/by-nc-sa/3.0/
focus_jamendo_1621763,focus,https://www.jamendo.com/track/1621763,Creative Commons Attribution-Non-Commercial-No Derivatives license,2026-08-01,true,jamendo-api-open-focus; redistribution subject to per-track CC terms (attribution and NC/ND/SA where applicable); license URL: http://creativecommons.org/licenses/by-nc-nd/3.0/
focus_jamendo_1357893,focus,https://www.jamendo.com/track/1357893,Creative Commons Attribution-Non-Commercial-No Derivatives license,2026-08-01,true,jamendo-api-open-focus; redistribution subject to per-track CC terms (attribution and NC/ND/SA where applicable); license URL: http://creativecommons.org/licenses/by-nc-nd/3.0/
focus_jamendo_1522335,focus,https://www.jamendo.com/track/1522335,Creative Commons Attribution-Non-Commercial-No Derivatives license,2026-08-01,true,jamendo-api-open-focus; redistribution subject to per-track CC terms (attribution and NC/ND/SA where applicable); license URL: http://creativecommons.org/licenses/by-nc-nd/3.0/
focus_jamendo_1522321,focus,https://www.jamendo.com/track/1522321,Creative Commons Attribution-Non-Commercial-No Derivatives license,2026-08-01,true,jamendo-api-open-focus; redistribution subject to per-track CC terms (attribution and NC/ND/SA where applicable); license URL: http://creativecommons.org/licenses/by-nc-nd/3.0/
focus_jamendo_1798108,focus,https://www.jamendo.com/track/1798108,Creative Commons Attribution-Non-Commercial-No Derivatives license,2026-08-01,true,jamendo-api-open-focus; redistribution subject to per-track CC terms (attribution and NC/ND/SA where applicable); license URL: http://creativecommons.org/licenses/by-nc-nd/3.0/
focus_jamendo_1842470,focus,https://www.jamendo.com/track/1842470,Creative Commons Attribution-Non-Commercial-No Derivatives license,2026-08-01,true,jamendo-api-open-focus; redistribution subject to per-track CC terms (attribution and NC/ND/SA where applicable); license URL: http://creativecommons.org/licenses/by-nc-nd/3.0/
focus_jamendo_2165080,focus,https://www.jamendo.com/track/2165080,Creative Commons Attribution-Non-Commercial-No Derivatives license,2026-08-01,true,jamendo-api-open-focus; redistribution subject to per-track CC terms (attribution and NC/ND/SA where applicable); license URL: http://creativecommons.org/licenses/by-nc-nd/3.0/
focus_jamendo_1900437,focus,https://www.jamendo.com/track/1900437,Creative Commons Attribution-Non-Commercial-No Derivatives license,2026-08-01,true,jamendo-api-open-focus; redistribution subject to per-track CC terms (attribution and NC/ND/SA where applicable); license URL: http://creativecommons.org/licenses/by-nc-nd/3.0/
focus_jamendo_1522332,focus,https://www.jamendo.com/track/1522332,Creative Commons Attribution-Non-Commercial-No Derivatives license,2026-08-01,true,jamendo-api-open-focus; redistribution subject to per-track CC terms (attribution and NC/ND/SA where applicable); license URL: http://creativecommons.org/licenses/by-nc-nd/3.0/
focus_jamendo_1900645,focus,https://www.jamendo.com/track/1900645,Creative Commons Attribution-Non-Commercial-No Derivatives license,2026-08-01,true,jamendo-api-open-focus; redistribution subject to per-track CC terms (attribution and NC/ND/SA where applicable); license URL: http://creativecommons.org/licenses/by-nc-nd/3.0/
focus_jamendo_1906117,focus,https://www.jamendo.com/track/1906117,Creative Commons Attribution-Non-Commercial license,2026-08-01,true,jamendo-api-open-focus; redistribution subject to per-track CC terms (attribution and NC/ND/SA where applicable); license URL: http://creativecommons.org/licenses/by-nc/3.0/
focus_jamendo_1867616,focus,https://www.jamendo.com/track/1867616,Creative Commons Attribution-Non-Commercial-No Derivatives license,2026-08-01,true,jamendo-api-open-focus; redistribution subject to per-track CC terms (attribution and NC/ND/SA where applicable); license URL: http://creativecommons.org/licenses/by-nc-nd/3.0/
focus_jamendo_1900439,focus,https://www.jamendo.com/track/1900439,Creative Commons Attribution-Non-Commercial-No Derivatives license,2026-08-01,true,jamendo-api-open-focus; redistribution subject to per-track CC terms (attribution and NC/ND/SA where applicable); license URL: http://creativecommons.org/licenses/by-nc-nd/3.0/
focus_jamendo_1868402,focus,https://www.jamendo.com/track/1868402,Creative Commons Attribution-Non-Commercial-Share-Alike license,2026-08-01,true,jamendo-api-open-focus; redistribution subject to per-track CC terms (attribution and NC/ND/SA where applicable); license URL: http://creativecommons.org/licenses/by-nc-sa/3.0/
focus_jamendo_2160158,focus,https://www.jamendo.com/track/2160158,Creative Commons Attribution-Non-Commercial-No Derivatives license,2026-08-01,true,jamendo-api-open-focus; redistribution subject to per-track CC terms (attribution and NC/ND/SA where applicable); license URL: http://creativecommons.org/licenses/by-nc-nd/3.0/
focus_jamendo_1832577,focus,https://www.jamendo.com/track/1832577,Creative Commons Attribution-Non-Commercial-No Derivatives license,2026-08-01,true,jamendo-api-open-focus; redistribution subject to per-track CC terms (attribution and NC/ND/SA where applicable); license URL: http://creativecommons.org/licenses/by-nc-nd/3.0/
focus_jamendo_1560365,focus,https://www.jamendo.com/track/1560365,Creative Commons Attribution-Non-Commercial license,2026-08-01,true,jamendo-api-open-focus; redistribution subject to per-track CC terms (attribution and NC/ND/SA where applicable); license URL: http://creativecommons.org/licenses/by-nc/3.0/
focus_jamendo_1816033,focus,https://www.jamendo.com/track/1816033,Creative Commons Attribution-Non-Commercial-No Derivatives license,2026-08-01,true,jamendo-api-open-focus; redistribution subject to per-track CC terms (attribution and NC/ND/SA where applicable); license URL: http://creativecommons.org/licenses/by-nc-nd/3.0/
focus_jamendo_1677809,focus,https://www.jamendo.com/track/1677809,Creative Commons Attribution-Non-Commercial-No Derivatives license,2026-08-01,true,jamendo-api-open-focus; redistribution subject to per-track CC terms (attribution and NC/ND/SA where applicable); license URL: http://creativecommons.org/licenses/by-nc-nd/3.0/
focus_jamendo_1161853,focus,https://www.jamendo.com/track/1161853,Creative Commons Attribution-Non-Commercial-Share-Alike license,2026-08-01,true,jamendo-api-open-focus; redistribution subject to per-track CC terms (attribution and NC/ND/SA where applicable); license URL: http://creativecommons.org/licenses/by-nc-sa/3.0/
focus_jamendo_1979493,focus,https://www.jamendo.com/track/1979493,Creative Commons Attribution license,2026-08-01,true,jamendo-api-open-focus; redistribution subject to per-track CC terms (attribution and NC/ND/SA where applicable); license URL: http://creativecommons.org/licenses/by/3.0/
focus_jamendo_0016398,focus,https://www.jamendo.com/track/16398,Creative Commons Attribution-Non-Commercial-Share-Alike license,2026-08-01,true,jamendo-api-open-focus; redistribution subject to per-track CC terms (attribution and NC/ND/SA where applicable); license URL: http://creativecommons.org/licenses/by-nc-sa/2.0/fr/
focus_jamendo_1522319,focus,https://www.jamendo.com/track/1522319,Creative Commons Attribution-Non-Commercial-No Derivatives license,2026-08-01,true,jamendo-api-open-focus; redistribution subject to per-track CC terms (attribution and NC/ND/SA where applicable); license URL: http://creativecommons.org/licenses/by-nc-nd/3.0/
focus_jamendo_1056135,focus,https://www.jamendo.com/track/1056135,Creative Commons Attribution-Non-Commercial-Share-Alike license,2026-08-01,true,jamendo-api-open-focus; redistribution subject to per-track CC terms (attribution and NC/ND/SA where applicable); license URL: http://creativecommons.org/licenses/by-nc-sa/3.0/
focus_jamendo_1302666,focus,https://www.jamendo.com/track/1302666,Creative Commons Attribution-Non-Commercial-No Derivatives license,2026-08-01,true,jamendo-api-open-focus; redistribution subject to per-track CC terms (attribution and NC/ND/SA where applicable); license URL: http://creativecommons.org/licenses/by-nc-nd/3.0/
focus_jamendo_1987334,focus,https://www.jamendo.com/track/1987334,Creative Commons Attribution-Non-Commercial-No Derivatives license,2026-08-01,true,jamendo-api-open-focus; redistribution subject to per-track CC terms (attribution and NC/ND/SA where applicable); license URL: http://creativecommons.org/licenses/by-nc-nd/3.0/
focus_jamendo_1677808,focus,https://www.jamendo.com/track/1677808,Creative Commons Attribution-Non-Commercial-No Derivatives license,2026-08-01,true,jamendo-api-open-focus; redistribution subject to per-track CC terms (attribution and NC/ND/SA where applicable); license URL: http://creativecommons.org/licenses/by-nc-nd/3.0/
focus_jamendo_1542218,focus,https://www.jamendo.com/track/1542218,Creative Commons Attribution-Share-Alike license,2026-08-01,true,jamendo-api-open-focus; redistribution subject to per-track CC terms (attribution and NC/ND/SA where applicable); license URL: http://creativecommons.org/licenses/by-sa/3.0/
focus_jamendo_1156277,focus,https://www.jamendo.com/track/1156277,Creative Commons Attribution-Non-Commercial-No Derivatives license,2026-08-01,true,jamendo-api-open-focus; redistribution subject to per-track CC terms (attribution and NC/ND/SA where applicable); license URL: http://creativecommons.org/licenses/by-nc-nd/3.0/
focus_jamendo_2002309,focus,https://www.jamendo.com/track/2002309,Creative Commons Attribution-Non-Commercial-No Derivatives license,2026-08-01,true,jamendo-api-open-focus; redistribution subject to per-track CC terms (attribution and NC/ND/SA where applicable); license URL: http://creativecommons.org/licenses/by-nc-nd/3.0/
focus_jamendo_1127596,focus,https://www.jamendo.com/track/1127596,Creative Commons Attribution-Non-Commercial-No Derivatives license,2026-08-01,true,jamendo-api-open-focus; redistribution subject to per-track CC terms (attribution and NC/ND/SA where applicable); license URL: http://creativecommons.org/licenses/by-nc-nd/3.0/
focus_jamendo_1442910,focus,https://www.jamendo.com/track/1442910,Creative Commons Attribution-Non-Commercial license,2026-08-01,true,jamendo-api-open-focus; redistribution subject to per-track CC terms (attribution and NC/ND/SA where applicable); license URL: http://creativecommons.org/licenses/by-nc/3.0/
focus_jamendo_1097142,focus,https://www.jamendo.com/track/1097142,Creative Commons Attribution-Share-Alike license,2026-08-01,true,jamendo-api-open-focus; redistribution subject to per-track CC terms (attribution and NC/ND/SA where applicable); license URL: http://creativecommons.org/licenses/by-sa/3.0/
focus_jamendo_1811125,focus,https://www.jamendo.com/track/1811125,Creative Commons Attribution-Non-Commercial-No Derivatives license,2026-08-01,true,jamendo-api-open-focus; redistribution subject to per-track CC terms (attribution and NC/ND/SA where applicable); license URL: http://creativecommons.org/licenses/by-nc-nd/3.0/
focus_jamendo_2027199,focus,https://www.jamendo.com/track/2027199,Creative Commons Attribution-Non-Commercial-No Derivatives license,2026-08-01,true,jamendo-api-open-focus; redistribution subject to per-track CC terms (attribution and NC/ND/SA where applicable); license URL: http://creativecommons.org/licenses/by-nc-nd/3.0/
focus_jamendo_1989577,focus,https://www.jamendo.com/track/1989577,Creative Commons Attribution-Non-Commercial-No Derivatives license,2026-08-01,true,jamendo-api-open-focus; redistribution subject to per-track CC terms (attribution and NC/ND/SA where applicable); license URL: http://creativecommons.org/licenses/by-nc-nd/3.0/
focus_jamendo_1900840,focus,https://www.jamendo.com/track/1900840,Creative Commons Attribution-Non-Commercial-Share-Alike license,2026-08-01,true,jamendo-api-open-focus; redistribution subject to per-track CC terms (attribution and NC/ND/SA where applicable); license URL: http://creativecommons.org/licenses/by-nc-sa/3.0/
focus_jamendo_1617037,focus,https://www.jamendo.com/track/1617037,Creative Commons Attribution-Non-Commercial-No Derivatives license,2026-08-01,true,jamendo-api-open-focus; redistribution subject to per-track CC terms (attribution and NC/ND/SA where applicable); license URL: http://creativecommons.org/licenses/by-nc-nd/3.0/
focus_jamendo_2004625,focus,https://www.jamendo.com/track/2004625,Creative Commons Attribution-Non-Commercial-Share-Alike license,2026-08-01,true,jamendo-api-open-focus; redistribution subject to per-track CC terms (attribution and NC/ND/SA where applicable); license URL: http://creativecommons.org/licenses/by-nc-sa/3.0/
focus_jamendo_2034860,focus,https://www.jamendo.com/track/2034860,Creative Commons Attribution-Non-Commercial-No Derivatives license,2026-08-01,true,jamendo-api-open-focus; redistribution subject to per-track CC terms (attribution and NC/ND/SA where applicable); license URL: http://creativecommons.org/licenses/by-nc-nd/3.0/
focus_jamendo_1885488,focus,https://www.jamendo.com/track/1885488,Creative Commons Attribution-Non-Commercial-No Derivatives license,2026-08-01,true,jamendo-api-open-focus; redistribution subject to per-track CC terms (attribution and NC/ND/SA where applicable); license URL: http://creativecommons.org/licenses/by-nc-nd/3.0/
focus_jamendo_1128887,focus,https://www.jamendo.com/track/1128887,Creative Commons Attribution-Non-Commercial-Share-Alike license,2026-08-01,true,jamendo-api-open-focus; redistribution subject to per-track CC terms (attribution and NC/ND/SA where applicable); license URL: http://creativecommons.org/licenses/by-nc-sa/3.0/
focus_jamendo_1945054,focus,https://www.jamendo.com/track/1945054,Creative Commons Attribution-Non-Commercial-No Derivatives license,2026-08-01,true,jamendo-api-open-focus; redistribution subject to per-track CC terms (attribution and NC/ND/SA where applicable); license URL: http://creativecommons.org/licenses/by-nc-nd/3.0/
focus_jamendo_1900865,focus,https://www.jamendo.com/track/1900865,Creative Commons Attribution-Non-Commercial-Share-Alike license,2026-08-01,true,jamendo-api-open-focus; redistribution subject to per-track CC terms (attribution and NC/ND/SA where applicable); license URL: http://creativecommons.org/licenses/by-nc-sa/3.0/
focus_jamendo_1101393,focus,https://www.jamendo.com/track/1101393,Creative Commons Attribution-Non-Commercial-Share-Alike license,2026-08-01,true,jamendo-api-open-focus; redistribution subject to per-track CC terms (attribution and NC/ND/SA where applicable); license URL: http://creativecommons.org/licenses/by-nc-sa/3.0/
focus_jamendo_1931218,focus,https://www.jamendo.com/track/1931218,Creative Commons Attribution-Non-Commercial-No Derivatives license,2026-08-01,true,jamendo-api-open-focus; redistribution subject to per-track CC terms (attribution and NC/ND/SA where applicable); license URL: http://creativecommons.org/licenses/by-nc-nd/3.0/
focus_jamendo_1571054,focus,https://www.jamendo.com/track/1571054,Creative Commons Attribution-Non-Commercial-No Derivatives license,2026-08-01,true,jamendo-api-open-focus; redistribution subject to per-track CC terms (attribution and NC/ND/SA where applicable); license URL: http://creativecommons.org/licenses/by-nc-nd/3.0/
focus_jamendo_1130372,focus,https://www.jamendo.com/track/1130372,Creative Commons Attribution-Share-Alike license,2026-08-01,true,jamendo-api-open-focus; redistribution subject to per-track CC terms (attribution and NC/ND/SA where applicable); license URL: http://creativecommons.org/licenses/by-sa/3.0/
focus_jamendo_1895276,focus,https://www.jamendo.com/track/1895276,Creative Commons Attribution-Non-Commercial-No Derivatives license,2026-08-01,true,jamendo-api-open-focus; redistribution subject to per-track CC terms (attribution and NC/ND/SA where applicable); license URL: http://creativecommons.org/licenses/by-nc-nd/3.0/
focus_jamendo_1916203,focus,https://www.jamendo.com/track/1916203,Creative Commons Attribution-Non-Commercial-No Derivatives license,2026-08-01,true,jamendo-api-open-focus; redistribution subject to per-track CC terms (attribution and NC/ND/SA where applicable); license URL: http://creativecommons.org/licenses/by-nc-nd/3.0/
focus_jamendo_1900848,focus,https://www.jamendo.com/track/1900848,Creative Commons Attribution-Non-Commercial-Share-Alike license,2026-08-01,true,jamendo-api-open-focus; redistribution subject to per-track CC terms (attribution and NC/ND/SA where applicable); license URL: http://creativecommons.org/licenses/by-nc-sa/3.0/
focus_jamendo_2032139,focus,https://www.jamendo.com/track/2032139,Creative Commons Attribution-Non-Commercial-No Derivatives license,2026-08-01,true,jamendo-api-open-focus; redistribution subject to per-track CC terms (attribution and NC/ND/SA where applicable); license URL: http://creativecommons.org/licenses/by-nc-nd/3.0/
focus_jamendo_1101389,focus,https://www.jamendo.com/track/1101389,Creative Commons Attribution-Non-Commercial-Share-Alike license,2026-08-01,true,jamendo-api-open-focus; redistribution subject to per-track CC terms (attribution and NC/ND/SA where applicable); license URL: http://creativecommons.org/licenses/by-nc-sa/3.0/
focus_jamendo_2215208,focus,https://www.jamendo.com/track/2215208,Creative Commons Attribution-Non-Commercial-No Derivatives license,2026-08-01,true,jamendo-api-open-focus; redistribution subject to per-track CC terms (attribution and NC/ND/SA where applicable); license URL: http://creativecommons.org/licenses/by-nc-nd/3.0/
focus_jamendo_1844721,focus,https://www.jamendo.com/track/1844721,Creative Commons Attribution-Non-Commercial-No Derivatives license,2026-08-01,true,jamendo-api-open-focus; redistribution subject to per-track CC terms (attribution and NC/ND/SA where applicable); license URL: http://creativecommons.org/licenses/by-nc-nd/3.0/
focus_jamendo_1976281,focus,https://www.jamendo.com/track/1976281,Creative Commons Attribution-Non-Commercial-No Derivatives license,2026-08-01,true,jamendo-api-open-focus; redistribution subject to per-track CC terms (attribution and NC/ND/SA where applicable); license URL: http://creativecommons.org/licenses/by-nc-nd/3.0/
focus_jamendo_2029578,focus,https://www.jamendo.com/track/2029578,Creative Commons Attribution-Non-Commercial-No Derivatives license,2026-08-01,true,jamendo-api-open-focus; redistribution subject to per-track CC terms (attribution and NC/ND/SA where applicable); license URL: http://creativecommons.org/licenses/by-nc-nd/3.0/
focus_jamendo_2057382,focus,https://www.jamendo.com/track/2057382,Creative Commons Attribution-Non-Commercial-No Derivatives license,2026-08-01,true,jamendo-api-open-focus; redistribution subject to per-track CC terms (attribution and NC/ND/SA where applicable); license URL: http://creativecommons.org/licenses/by-nc-nd/3.0/
focus_jamendo_1755448,focus,https://www.jamendo.com/track/1755448,Creative Commons Attribution-Non-Commercial-No Derivatives license,2026-08-01,true,jamendo-api-open-focus; redistribution subject to per-track CC terms (attribution and NC/ND/SA where applicable); license URL: http://creativecommons.org/licenses/by-nc-nd/3.0/
focus_jamendo_2215209,focus,https://www.jamendo.com/track/2215209,Creative Commons Attribution-Non-Commercial-No Derivatives license,2026-08-01,true,jamendo-api-open-focus; redistribution subject to per-track CC terms (attribution and NC/ND/SA where applicable); license URL: http://creativecommons.org/licenses/by-nc-nd/3.0/
focus_jamendo_1900849,focus,https://www.jamendo.com/track/1900849,Creative Commons Attribution-Non-Commercial-Share-Alike license,2026-08-01,true,jamendo-api-open-focus; redistribution subject to per-track CC terms (attribution and NC/ND/SA where applicable); license URL: http://creativecommons.org/licenses/by-nc-sa/3.0/
focus_jamendo_2180121,focus,https://www.jamendo.com/track/2180121,Creative Commons Attribution-Non-Commercial-No Derivatives license,2026-08-01,true,jamendo-api-open-focus; redistribution subject to per-track CC terms (attribution and NC/ND/SA where applicable); license URL: http://creativecommons.org/licenses/by-nc-nd/3.0/
focus_jamendo_1924921,focus,https://www.jamendo.com/track/1924921,Creative Commons Attribution-Non-Commercial-No Derivatives license,2026-08-01,true,jamendo-api-open-focus; redistribution subject to per-track CC terms (attribution and NC/ND/SA where applicable); license URL: http://creativecommons.org/licenses/by-nc-nd/3.0/
focus_jamendo_1993496,focus,https://www.jamendo.com/track/1993496,Creative Commons Attribution-Non-Commercial-No Derivatives license,2026-08-01,true,jamendo-api-open-focus; redistribution subject to per-track CC terms (attribution and NC/ND/SA where applicable); license URL: http://creativecommons.org/licenses/by-nc-nd/3.0/
focus_jamendo_1828706,focus,https://www.jamendo.com/track/1828706,Creative Commons Attribution-Non-Commercial-No Derivatives license,2026-08-01,true,jamendo-api-open-focus; redistribution subject to per-track CC terms (attribution and NC/ND/SA where applicable); license URL: http://creativecommons.org/licenses/by-nc-nd/3.0/
focus_jamendo_1610713,focus,https://www.jamendo.com/track/1610713,Creative Commons Attribution license,2026-08-01,true,jamendo-api-open-focus; redistribution subject to per-track CC terms (attribution and NC/ND/SA where applicable); license URL: http://creativecommons.org/licenses/by/3.0/
focus_jamendo_2152724,focus,https://www.jamendo.com/track/2152724,Creative Commons Attribution-Non-Commercial license,2026-08-01,true,jamendo-api-open-focus; redistribution subject to per-track CC terms (attribution and NC/ND/SA where applicable); license URL: http://creativecommons.org/licenses/by-nc/3.0/
focus_jamendo_2279515,focus,https://www.jamendo.com/track/2279515,Creative Commons Attribution-Non-Commercial-No Derivatives license,2026-08-01,true,jamendo-api-open-focus; redistribution subject to per-track CC terms (attribution and NC/ND/SA where applicable); license URL: http://creativecommons.org/licenses/by-nc-nd/3.0/
focus_jamendo_1684979,focus,https://www.jamendo.com/track/1684979,Creative Commons Attribution-Non-Commercial-Share-Alike license,2026-08-01,true,jamendo-api-open-focus; redistribution subject to per-track CC terms (attribution and NC/ND/SA where applicable); license URL: http://creativecommons.org/licenses/by-nc-sa/3.0/
focus_jamendo_1964742,focus,https://www.jamendo.com/track/1964742,Creative Commons Attribution-Non-Commercial-No Derivatives license,2026-08-01,true,jamendo-api-open-focus; redistribution subject to per-track CC terms (attribution and NC/ND/SA where applicable); license URL: http://creativecommons.org/licenses/by-nc-nd/3.0/
focus_jamendo_1683418,focus,https://www.jamendo.com/track/1683418,Creative Commons Attribution-Non-Commercial-No Derivatives license,2026-08-01,true,jamendo-api-open-focus; redistribution subject to per-track CC terms (attribution and NC/ND/SA where applicable); license URL: http://creativecommons.org/licenses/by-nc-nd/3.0/
focus_jamendo_1856292,focus,https://www.jamendo.com/track/1856292,Creative Commons Attribution-Non-Commercial-No Derivatives license,2026-08-01,true,jamendo-api-open-focus; redistribution subject to per-track CC terms (attribution and NC/ND/SA where applicable); license URL: http://creativecommons.org/licenses/by-nc-nd/3.0/
focus_jamendo_2009953,focus,https://www.jamendo.com/track/2009953,Creative Commons Attribution-Non-Commercial-No Derivatives license,2026-08-01,true,jamendo-api-open-focus; redistribution subject to per-track CC terms (attribution and NC/ND/SA where applicable); license URL: http://creativecommons.org/licenses/by-nc-nd/3.0/
focus_jamendo_1709689,focus,https://www.jamendo.com/track/1709689,Creative Commons Attribution-Non-Commercial-No Derivatives license,2026-08-01,true,jamendo-api-open-focus; redistribution subject to per-track CC terms (attribution and NC/ND/SA where applicable); license URL: http://creativecommons.org/licenses/by-nc-nd/3.0/
focus_jamendo_1130360,focus,https://www.jamendo.com/track/1130360,Creative Commons Attribution-Share-Alike license,2026-08-01,true,jamendo-api-open-focus; redistribution subject to per-track CC terms (attribution and NC/ND/SA where applicable); license URL: http://creativecommons.org/licenses/by-sa/3.0/
focus_jamendo_1879604,focus,https://www.jamendo.com/track/1879604,Creative Commons Attribution-Non-Commercial license,2026-08-01,true,jamendo-api-open-focus; redistribution subject to per-track CC terms (attribution and NC/ND/SA where applicable); license URL: http://creativecommons.org/licenses/by-nc/3.0/
focus_jamendo_2196880,focus,https://www.jamendo.com/track/2196880,Creative Commons Attribution-Non-Commercial-No Derivatives license,2026-08-01,true,jamendo-api-open-focus; redistribution subject to per-track CC terms (attribution and NC/ND/SA where applicable); license URL: http://creativecommons.org/licenses/by-nc-nd/3.0/
focus_jamendo_2055767,focus,https://www.jamendo.com/track/2055767,Creative Commons Attribution-Non-Commercial-No Derivatives license,2026-08-01,true,jamendo-api-open-focus; redistribution subject to per-track CC terms (attribution and NC/ND/SA where applicable); license URL: http://creativecommons.org/licenses/by-nc-nd/3.0/
focus_jamendo_1130830,focus,https://www.jamendo.com/track/1130830,Creative Commons Attribution-Share-Alike license,2026-08-01,true,jamendo-api-open-focus; redistribution subject to per-track CC terms (attribution and NC/ND/SA where applicable); license URL: http://creativecommons.org/licenses/by-sa/3.0/
focus_jamendo_2234792,focus,https://www.jamendo.com/track/2234792,Creative Commons Attribution-Non-Commercial-No Derivatives license,2026-08-01,true,jamendo-api-open-focus; redistribution subject to per-track CC terms (attribution and NC/ND/SA where applicable); license URL: http://creativecommons.org/licenses/by-nc-nd/3.0/
focus_jamendo_1650016,focus,https://www.jamendo.com/track/1650016,Creative Commons Attribution-Non-Commercial-No Derivatives license,2026-08-01,true,jamendo-api-open-focus; redistribution subject to per-track CC terms (attribution and NC/ND/SA where applicable); license URL: http://creativecommons.org/licenses/by-nc-nd/3.0/
focus_jamendo_1847530,focus,https://www.jamendo.com/track/1847530,Creative Commons Attribution-Non-Commercial-No Derivatives license,2026-08-01,true,jamendo-api-open-focus; redistribution subject to per-track CC terms (attribution and NC/ND/SA where applicable); license URL: http://creativecommons.org/licenses/by-nc-nd/3.0/
focus_jamendo_1895201,focus,https://www.jamendo.com/track/1895201,Creative Commons Attribution-Non-Commercial-No Derivatives license,2026-08-01,true,jamendo-api-open-focus; redistribution subject to per-track CC terms (attribution and NC/ND/SA where applicable); license URL: http://creativecommons.org/licenses/by-nc-nd/3.0/
focus_jamendo_1093823,focus,https://www.jamendo.com/track/1093823,Creative Commons Attribution-Non-Commercial-Share-Alike license,2026-08-01,true,jamendo-api-open-focus; redistribution subject to per-track CC terms (attribution and NC/ND/SA where applicable); license URL: http://creativecommons.org/licenses/by-nc-sa/3.0/
focus_jamendo_1502253,focus,https://www.jamendo.com/track/1502253,Creative Commons Attribution-Non-Commercial-No Derivatives license,2026-08-01,true,jamendo-api-open-focus; redistribution subject to per-track CC terms (attribution and NC/ND/SA where applicable); license URL: http://creativecommons.org/licenses/by-nc-nd/3.0/
focus_jamendo_1929250,focus,https://www.jamendo.com/track/1929250,Creative Commons Attribution-Non-Commercial-No Derivatives license,2026-08-01,true,jamendo-api-open-focus; redistribution subject to per-track CC terms (attribution and NC/ND/SA where applicable); license URL: http://creativecommons.org/licenses/by-nc-nd/3.0/
focus_jamendo_2180126,focus,https://www.jamendo.com/track/2180126,Creative Commons Attribution-Non-Commercial-No Derivatives license,2026-08-01,true,jamendo-api-open-focus; redistribution subject to per-track CC terms (attribution and NC/ND/SA where applicable); license URL: http://creativecommons.org/licenses/by-nc-nd/3.0/
focus_jamendo_1957365,focus,https://www.jamendo.com/track/1957365,Creative Commons Attribution-Non-Commercial-No Derivatives license,2026-08-01,true,jamendo-api-open-focus; redistribution subject to per-track CC terms (attribution and NC/ND/SA where applicable); license URL: http://creativecommons.org/licenses/by-nc-nd/3.0/
focus_jamendo_1869522,focus,https://www.jamendo.com/track/1869522,Creative Commons Attribution-Non-Commercial-No Derivatives license,2026-08-01,true,jamendo-api-open-focus; redistribution subject to per-track CC terms (attribution and NC/ND/SA where applicable); license URL: http://creativecommons.org/licenses/by-nc-nd/3.0/
focus_jamendo_1964726,focus,https://www.jamendo.com/track/1964726,Creative Commons Attribution-Non-Commercial-No Derivatives license,2026-08-01,true,jamendo-api-open-focus; redistribution subject to per-track CC terms (attribution and NC/ND/SA where applicable); license URL: http://creativecommons.org/licenses/by-nc-nd/3.0/
focus_jamendo_2169943,focus,https://www.jamendo.com/track/2169943,Creative Commons Attribution-Non-Commercial-No Derivatives license,2026-08-01,true,jamendo-api-open-focus; redistribution subject to per-track CC terms (attribution and NC/ND/SA where applicable); license URL: http://creativecommons.org/licenses/by-nc-nd/3.0/
focus_jamendo_1881280,focus,https://www.jamendo.com/track/1881280,Creative Commons Attribution-Non-Commercial license,2026-08-01,true,jamendo-api-open-focus; redistribution subject to per-track CC terms (attribution and NC/ND/SA where applicable); license URL: http://creativecommons.org/licenses/by-nc/3.0/
focus_jamendo_1130216,focus,https://www.jamendo.com/track/1130216,Creative Commons Attribution-Share-Alike license,2026-08-01,true,jamendo-api-open-focus; redistribution subject to per-track CC terms (attribution and NC/ND/SA where applicable); license URL: http://creativecommons.org/licenses/by-sa/3.0/
focus_jamendo_1685032,focus,https://www.jamendo.com/track/1685032,Creative Commons Attribution-Non-Commercial-No Derivatives license,2026-08-01,true,jamendo-api-open-focus; redistribution subject to per-track CC terms (attribution and NC/ND/SA where applicable); license URL: http://creativecommons.org/licenses/by-nc-nd/3.0/
focus_jamendo_1093829,focus,https://www.jamendo.com/track/1093829,Creative Commons Attribution-Non-Commercial-Share-Alike license,2026-08-01,true,jamendo-api-open-focus; redistribution subject to per-track CC terms (attribution and NC/ND/SA where applicable); license URL: http://creativecommons.org/licenses/by-nc-sa/3.0/
focus_jamendo_2280562,focus,https://www.jamendo.com/track/2280562,Creative Commons Attribution-Non-Commercial-No Derivatives license,2026-08-01,true,jamendo-api-open-focus; redistribution subject to per-track CC terms (attribution and NC/ND/SA where applicable); license URL: http://creativecommons.org/licenses/by-nc-nd/3.0/
focus_jamendo_1787506,focus,https://www.jamendo.com/track/1787506,Creative Commons Attribution-Non-Commercial-No Derivatives license,2026-08-01,true,jamendo-api-open-focus; redistribution subject to per-track CC terms (attribution and NC/ND/SA where applicable); license URL: http://creativecommons.org/licenses/by-nc-nd/3.0/
focus_jamendo_1897824,focus,https://www.jamendo.com/track/1897824,Creative Commons Attribution-Non-Commercial-No Derivatives license,2026-08-01,true,jamendo-api-open-focus; redistribution subject to per-track CC terms (attribution and NC/ND/SA where applicable); license URL: http://creativecommons.org/licenses/by-nc-nd/3.0/
focus_jamendo_1874522,focus,https://www.jamendo.com/track/1874522,Creative Commons Attribution-Non-Commercial-No Derivatives license,2026-08-01,true,jamendo-api-open-focus; redistribution subject to per-track CC terms (attribution and NC/ND/SA where applicable); license URL: http://creativecommons.org/licenses/by-nc-nd/3.0/
focus_jamendo_1871951,focus,https://www.jamendo.com/track/1871951,Creative Commons Attribution-Non-Commercial-Share-Alike license,2026-08-01,true,jamendo-api-open-focus; redistribution subject to per-track CC terms (attribution and NC/ND/SA where applicable); license URL: http://creativecommons.org/licenses/by-nc-sa/3.0/
focus_jamendo_1692446,focus,https://www.jamendo.com/track/1692446,Creative Commons Attribution-Non-Commercial-No Derivatives license,2026-08-01,true,jamendo-api-open-focus; redistribution subject to per-track CC terms (attribution and NC/ND/SA where applicable); license URL: http://creativecommons.org/licenses/by-nc-nd/3.0/
focus_jamendo_1871445,focus,https://www.jamendo.com/track/1871445,Creative Commons Attribution-Non-Commercial-No Derivatives license,2026-08-01,true,jamendo-api-open-focus; redistribution subject to per-track CC terms (attribution and NC/ND/SA where applicable); license URL: http://creativecommons.org/licenses/by-nc-nd/3.0/
focus_jamendo_2201227,focus,https://www.jamendo.com/track/2201227,Creative Commons Attribution-Non-Commercial-No Derivatives license,2026-08-01,true,jamendo-api-open-focus; redistribution subject to per-track CC terms (attribution and NC/ND/SA where applicable); license URL: http://creativecommons.org/licenses/by-nc-nd/3.0/
focus_jamendo_1924920,focus,https://www.jamendo.com/track/1924920,Creative Commons Attribution-Non-Commercial-No Derivatives license,2026-08-01,true,jamendo-api-open-focus; redistribution subject to per-track CC terms (attribution and NC/ND/SA where applicable); license URL: http://creativecommons.org/licenses/by-nc-nd/3.0/
focus_jamendo_1833203,focus,https://www.jamendo.com/track/1833203,Creative Commons Attribution-Non-Commercial-No Derivatives license,2026-08-01,true,jamendo-api-open-focus; redistribution subject to per-track CC terms (attribution and NC/ND/SA where applicable); license URL: http://creativecommons.org/licenses/by-nc-nd/3.0/
focus_jamendo_1868257,focus,https://www.jamendo.com/track/1868257,Creative Commons Attribution-Non-Commercial-No Derivatives license,2026-08-01,true,jamendo-api-open-focus; redistribution subject to per-track CC terms (attribution and NC/ND/SA where applicable); license URL: http://creativecommons.org/licenses/by-nc-nd/3.0/
focus_jamendo_1789540,focus,https://www.jamendo.com/track/1789540,Creative Commons Attribution-Non-Commercial-No Derivatives license,2026-08-01,true,jamendo-api-open-focus; redistribution subject to per-track CC terms (attribution and NC/ND/SA where applicable); license URL: http://creativecommons.org/licenses/by-nc-nd/3.0/
focus_jamendo_1786770,focus,https://www.jamendo.com/track/1786770,Creative Commons Attribution-Non-Commercial-No Derivatives license,2026-08-01,true,jamendo-api-open-focus; redistribution subject to per-track CC terms (attribution and NC/ND/SA where applicable); license URL: http://creativecommons.org/licenses/by-nc-nd/3.0/
focus_jamendo_1077172,focus,https://www.jamendo.com/track/1077172,Creative Commons Attribution-Share-Alike license,2026-08-01,true,jamendo-api-open-focus; redistribution subject to per-track CC terms (attribution and NC/ND/SA where applicable); license URL: http://creativecommons.org/licenses/by-sa/2.5/it/
focus_jamendo_1077186,focus,https://www.jamendo.com/track/1077186,Creative Commons Attribution-Share-Alike license,2026-08-01,true,jamendo-api-open-focus; redistribution subject to per-track CC terms (attribution and NC/ND/SA where applicable); license URL: http://creativecommons.org/licenses/by-sa/2.5/it/
focus_jamendo_2023052,focus,https://www.jamendo.com/track/2023052,Creative Commons Attribution-Non-Commercial-No Derivatives license,2026-08-01,true,jamendo-api-open-focus; redistribution subject to per-track CC terms (attribution and NC/ND/SA where applicable); license URL: http://creativecommons.org/licenses/by-nc-nd/3.0/
focus_jamendo_1997549,focus,https://www.jamendo.com/track/1997549,Creative Commons Attribution-Non-Commercial-No Derivatives license,2026-08-01,true,jamendo-api-open-focus; redistribution subject to per-track CC terms (attribution and NC/ND/SA where applicable); license URL: http://creativecommons.org/licenses/by-nc-nd/3.0/
focus_jamendo_1550368,focus,https://www.jamendo.com/track/1550368,Creative Commons Attribution-Share-Alike license,2026-08-01,true,jamendo-api-open-focus; redistribution subject to per-track CC terms (attribution and NC/ND/SA where applicable); license URL: http://creativecommons.org/licenses/by-sa/3.0/
focus_jamendo_1868247,focus,https://www.jamendo.com/track/1868247,Creative Commons Attribution-Non-Commercial-No Derivatives license,2026-08-01,true,jamendo-api-open-focus; redistribution subject to per-track CC terms (attribution and NC/ND/SA where applicable); license URL: http://creativecommons.org/licenses/by-nc-nd/3.0/
focus_jamendo_1939376,focus,https://www.jamendo.com/track/1939376,Creative Commons Attribution-Non-Commercial-No Derivatives license,2026-08-01,true,jamendo-api-open-focus; redistribution subject to per-track CC terms (attribution and NC/ND/SA where applicable); license URL: http://creativecommons.org/licenses/by-nc-nd/3.0/
focus_jamendo_1576036,focus,https://www.jamendo.com/track/1576036,Creative Commons Attribution-Non-Commercial-Share-Alike license,2026-08-01,true,jamendo-api-open-focus; redistribution subject to per-track CC terms (attribution and NC/ND/SA where applicable); license URL: http://creativecommons.org/licenses/by-nc-sa/3.0/
focus_jamendo_1106747,focus,https://www.jamendo.com/track/1106747,Creative Commons Attribution-Non-Commercial-Share-Alike license,2026-08-01,true,jamendo-api-open-focus; redistribution subject to per-track CC terms (attribution and NC/ND/SA where applicable); license URL: http://creativecommons.org/licenses/by-nc-sa/3.0/
focus_jamendo_1891400,focus,https://www.jamendo.com/track/1891400,Creative Commons Attribution-Non-Commercial-No Derivatives license,2026-08-01,true,jamendo-api-open-focus; redistribution subject to per-track CC terms (attribution and NC/ND/SA where applicable); license URL: http://creativecommons.org/licenses/by-nc-nd/3.0/
focus_jamendo_2015074,focus,https://www.jamendo.com/track/2015074,Creative Commons Attribution-Non-Commercial-No Derivatives license,2026-08-01,true,jamendo-api-open-focus; redistribution subject to per-track CC terms (attribution and NC/ND/SA where applicable); license URL: http://creativecommons.org/licenses/by-nc-nd/3.0/
focus_jamendo_1962000,focus,https://www.jamendo.com/track/1962000,Creative Commons Attribution-Non-Commercial-No Derivatives license,2026-08-01,true,jamendo-api-open-focus; redistribution subject to per-track CC terms (attribution and NC/ND/SA where applicable); license URL: http://creativecommons.org/licenses/by-nc-nd/3.0/
focus_jamendo_1700327,focus,https://www.jamendo.com/track/1700327,Creative Commons Attribution-Non-Commercial-No Derivatives license,2026-08-01,true,jamendo-api-open-focus; redistribution subject to per-track CC terms (attribution and NC/ND/SA where applicable); license URL: http://creativecommons.org/licenses/by-nc-nd/3.0/
focus_jamendo_1847333,focus,https://www.jamendo.com/track/1847333,Creative Commons Attribution-Non-Commercial-No Derivatives license,2026-08-01,true,jamendo-api-open-focus; redistribution subject to per-track CC terms (attribution and NC/ND/SA where applicable); license URL: http://creativecommons.org/licenses/by-nc-nd/3.0/
focus_jamendo_1968379,focus,https://www.jamendo.com/track/1968379,Creative Commons Attribution-Non-Commercial-No Derivatives license,2026-08-01,true,jamendo-api-open-focus; redistribution subject to per-track CC terms (attribution and NC/ND/SA where applicable); license URL: http://creativecommons.org/licenses/by-nc-nd/3.0/
focus_jamendo_1976293,focus,https://www.jamendo.com/track/1976293,Creative Commons Attribution-Non-Commercial-No Derivatives license,2026-08-01,true,jamendo-api-open-focus; redistribution subject to per-track CC terms (attribution and NC/ND/SA where applicable); license URL: http://creativecommons.org/licenses/by-nc-nd/3.0/
focus_jamendo_1633326,focus,https://www.jamendo.com/track/1633326,Creative Commons Attribution-Non-Commercial license,2026-08-01,true,jamendo-api-open-focus; redistribution subject to per-track CC terms (attribution and NC/ND/SA where applicable); license URL: http://creativecommons.org/licenses/by-nc/3.0/
focus_jamendo_1939637,focus,https://www.jamendo.com/track/1939637,Creative Commons Attribution-Non-Commercial-No Derivatives license,2026-08-01,true,jamendo-api-open-focus; redistribution subject to per-track CC terms (attribution and NC/ND/SA where applicable); license URL: http://creativecommons.org/licenses/by-nc-nd/3.0/
focus_jamendo_1810290,focus,https://www.jamendo.com/track/1810290,Creative Commons Attribution-Non-Commercial-No Derivatives license,2026-08-01,true,jamendo-api-open-focus; redistribution subject to per-track CC terms (attribution and NC/ND/SA where applicable); license URL: http://creativecommons.org/licenses/by-nc-nd/3.0/
focus_jamendo_1597868,focus,https://www.jamendo.com/track/1597868,Creative Commons Attribution-Non-Commercial-No Derivatives license,2026-08-01,true,jamendo-api-open-focus; redistribution subject to per-track CC terms (attribution and NC/ND/SA where applicable); license URL: http://creativecommons.org/licenses/by-nc-nd/3.0/
focus_jamendo_1632069,focus,https://www.jamendo.com/track/1632069,Creative Commons Attribution-Non-Commercial-No Derivatives license,2026-08-01,true,jamendo-api-open-focus; redistribution subject to per-track CC terms (attribution and NC/ND/SA where applicable); license URL: http://creativecommons.org/licenses/by-nc-nd/3.0/
focus_jamendo_1272579,focus,https://www.jamendo.com/track/1272579,Creative Commons Attribution-Non-Commercial-Share-Alike license,2026-08-01,true,jamendo-api-open-focus; redistribution subject to per-track CC terms (attribution and NC/ND/SA where applicable); license URL: http://creativecommons.org/licenses/by-nc-sa/3.0/
focus_jamendo_1630224,focus,https://www.jamendo.com/track/1630224,Creative Commons Attribution-Non-Commercial-No Derivatives license,2026-08-01,true,jamendo-api-open-focus; redistribution subject to per-track CC terms (attribution and NC/ND/SA where applicable); license URL: http://creativecommons.org/licenses/by-nc-nd/3.0/
focus_jamendo_1928112,focus,https://www.jamendo.com/track/1928112,Creative Commons Attribution-Non-Commercial-No Derivatives license,2026-08-01,true,jamendo-api-open-focus; redistribution subject to per-track CC terms (attribution and NC/ND/SA where applicable); license URL: http://creativecommons.org/licenses/by-nc-nd/3.0/
focus_jamendo_1606551,focus,https://www.jamendo.com/track/1606551,Creative Commons Attribution-Non-Commercial-No Derivatives license,2026-08-01,true,jamendo-api-open-focus; redistribution subject to per-track CC terms (attribution and NC/ND/SA where applicable); license URL: http://creativecommons.org/licenses/by-nc-nd/3.0/
focus_jamendo_1921939,focus,https://www.jamendo.com/track/1921939,Creative Commons Attribution-Non-Commercial-No Derivatives license,2026-08-01,true,jamendo-api-open-focus; redistribution subject to per-track CC terms (attribution and NC/ND/SA where applicable); license URL: http://creativecommons.org/licenses/by-nc-nd/3.0/
focus_jamendo_1978695,focus,https://www.jamendo.com/track/1978695,Creative Commons Attribution-Non-Commercial-No Derivatives license,2026-08-01,true,jamendo-api-open-focus; redistribution subject to per-track CC terms (attribution and NC/ND/SA where applicable); license URL: http://creativecommons.org/licenses/by-nc-nd/3.0/
focus_jamendo_1450425,focus,https://www.jamendo.com/track/1450425,Creative Commons Attribution-Non-Commercial-Share-Alike license,2026-08-01,true,jamendo-api-open-focus; redistribution subject to per-track CC terms (attribution and NC/ND/SA where applicable); license URL: http://creativecommons.org/licenses/by-nc-sa/3.0/
focus_jamendo_1838283,focus,https://www.jamendo.com/track/1838283,Creative Commons Attribution-Non-Commercial-No Derivatives license,2026-08-01,true,jamendo-api-open-focus; redistribution subject to per-track CC terms (attribution and NC/ND/SA where applicable); license URL: http://creativecommons.org/licenses/by-nc-nd/3.0/
focus_jamendo_1669925,focus,https://www.jamendo.com/track/1669925,Creative Commons Attribution-Non-Commercial-No Derivatives license,2026-08-01,true,jamendo-api-open-focus; redistribution subject to per-track CC terms (attribution and NC/ND/SA where applicable); license URL: http://creativecommons.org/licenses/by-nc-nd/3.0/
focus_jamendo_1721937,focus,https://www.jamendo.com/track/1721937,Creative Commons Attribution-Non-Commercial-No Derivatives license,2026-08-01,true,jamendo-api-open-focus; redistribution subject to per-track CC terms (attribution and NC/ND/SA where applicable); license URL: http://creativecommons.org/licenses/by-nc-nd/3.0/
focus_jamendo_1850576,focus,https://www.jamendo.com/track/1850576,Creative Commons Attribution-Non-Commercial-No Derivatives license,2026-08-01,true,jamendo-api-open-focus; redistribution subject to per-track CC terms (attribution and NC/ND/SA where applicable); license URL: http://creativecommons.org/licenses/by-nc-nd/3.0/
focus_jamendo_1646629,focus,https://www.jamendo.com/track/1646629,Creative Commons Attribution-Non-Commercial-No Derivatives license,2026-08-01,true,jamendo-api-open-focus; redistribution subject to per-track CC terms (attribution and NC/ND/SA where applicable); license URL: http://creativecommons.org/licenses/by-nc-nd/3.0/
focus_jamendo_1838287,focus,https://www.jamendo.com/track/1838287,Creative Commons Attribution-Non-Commercial-No Derivatives license,2026-08-01,true,jamendo-api-open-focus; redistribution subject to per-track CC terms (attribution and NC/ND/SA where applicable); license URL: http://creativecommons.org/licenses/by-nc-nd/3.0/
focus_jamendo_1706218,focus,https://www.jamendo.com/track/1706218,Creative Commons Attribution-Non-Commercial-No Derivatives license,2026-08-01,true,jamendo-api-open-focus; redistribution subject to per-track CC terms (attribution and NC/ND/SA where applicable); license URL: http://creativecommons.org/licenses/by-nc-nd/3.0/
focus_jamendo_1920476,focus,https://www.jamendo.com/track/1920476,Creative Commons Attribution-Non-Commercial-No Derivatives license,2026-08-01,true,jamendo-api-open-focus; redistribution subject to per-track CC terms (attribution and NC/ND/SA where applicable); license URL: http://creativecommons.org/licenses/by-nc-nd/3.0/
focus_jamendo_1672165,focus,https://www.jamendo.com/track/1672165,Creative Commons Attribution-Non-Commercial-No Derivatives license,2026-08-01,true,jamendo-api-open-focus; redistribution subject to per-track CC terms (attribution and NC/ND/SA where applicable); license URL: http://creativecommons.org/licenses/by-nc-nd/3.0/
focus_jamendo_1667339,focus,https://www.jamendo.com/track/1667339,Creative Commons Attribution-Non-Commercial-No Derivatives license,2026-08-01,true,jamendo-api-open-focus; redistribution subject to per-track CC terms (attribution and NC/ND/SA where applicable); license URL: http://creativecommons.org/licenses/by-nc-nd/3.0/
focus_jamendo_2057691,focus,https://www.jamendo.com/track/2057691,Creative Commons Attribution-Non-Commercial-No Derivatives license,2026-08-01,true,jamendo-api-open-focus; redistribution subject to per-track CC terms (attribution and NC/ND/SA where applicable); license URL: http://creativecommons.org/licenses/by-nc-nd/3.0/
focus_jamendo_1865466,focus,https://www.jamendo.com/track/1865466,Creative Commons Attribution-Non-Commercial-No Derivatives license,2026-08-01,true,jamendo-api-open-focus; redistribution subject to per-track CC terms (attribution and NC/ND/SA where applicable); license URL: http://creativecommons.org/licenses/by-nc-nd/3.0/
focus_jamendo_2037708,focus,https://www.jamendo.com/track/2037708,Creative Commons Attribution license,2026-08-01,true,jamendo-api-open-focus; redistribution subject to per-track CC terms (attribution and NC/ND/SA where applicable); license URL: http://creativecommons.org/licenses/by/3.0/
focus_jamendo_0214220,focus,https://www.jamendo.com/track/214220,Creative Commons Attribution license,2026-08-01,true,jamendo-api-open-focus; redistribution subject to per-track CC terms (attribution and NC/ND/SA where applicable); license URL: http://creativecommons.org/licenses/by/3.0/
focus_jamendo_1250838,focus,https://www.jamendo.com/track/1250838,Creative Commons Attribution-Non-Commercial-No Derivatives license,2026-08-01,true,jamendo-api-open-focus; redistribution subject to per-track CC terms (attribution and NC/ND/SA where applicable); license URL: http://creativecommons.org/licenses/by-nc-nd/3.0/
focus_jamendo_1154298,focus,https://www.jamendo.com/track/1154298,Creative Commons Attribution-Non-Commercial-Share-Alike license,2026-08-01,true,jamendo-api-open-focus; redistribution subject to per-track CC terms (attribution and NC/ND/SA where applicable); license URL: http://creativecommons.org/licenses/by-nc-sa/3.0/
focus_jamendo_1668128,focus,https://www.jamendo.com/track/1668128,Creative Commons Attribution-Non-Commercial-No Derivatives license,2026-08-01,true,jamendo-api-open-focus; redistribution subject to per-track CC terms (attribution and NC/ND/SA where applicable); license URL: http://creativecommons.org/licenses/by-nc-nd/3.0/
focus_jamendo_1824127,focus,https://www.jamendo.com/track/1824127,Creative Commons Attribution-Non-Commercial-No Derivatives license,2026-08-01,true,jamendo-api-open-focus; redistribution subject to per-track CC terms (attribution and NC/ND/SA where applicable); license URL: http://creativecommons.org/licenses/by-nc-nd/3.0/
focus_jamendo_1942807,focus,https://www.jamendo.com/track/1942807,Creative Commons Attribution-Non-Commercial-No Derivatives license,2026-08-01,true,jamendo-api-open-focus; redistribution subject to per-track CC terms (attribution and NC/ND/SA where applicable); license URL: http://creativecommons.org/licenses/by-nc-nd/3.0/
focus_jamendo_2206772,focus,https://www.jamendo.com/track/2206772,Creative Commons Attribution-Non-Commercial-No Derivatives license,2026-08-01,true,jamendo-api-open-focus; redistribution subject to per-track CC terms (attribution and NC/ND/SA where applicable); license URL: http://creativecommons.org/licenses/by-nc-nd/3.0/
focus_jamendo_2123290,focus,https://www.jamendo.com/track/2123290,Creative Commons Attribution-Non-Commercial-No Derivatives license,2026-08-01,true,jamendo-api-open-focus; redistribution subject to per-track CC terms (attribution and NC/ND/SA where applicable); license URL: http://creativecommons.org/licenses/by-nc-nd/3.0/
focus_jamendo_1922056,focus,https://www.jamendo.com/track/1922056,Creative Commons Attribution-Non-Commercial-No Derivatives license,2026-08-01,true,jamendo-api-open-focus; redistribution subject to per-track CC terms (attribution and NC/ND/SA where applicable); license URL: http://creativecommons.org/licenses/by-nc-nd/3.0/
focus_jamendo_1128146,focus,https://www.jamendo.com/track/1128146,Creative Commons Attribution-Share-Alike license,2026-08-01,true,jamendo-api-open-focus; redistribution subject to per-track CC terms (attribution and NC/ND/SA where applicable); license URL: http://creativecommons.org/licenses/by-sa/2.0/de/
focus_jamendo_1128147,focus,https://www.jamendo.com/track/1128147,Creative Commons Attribution-Share-Alike license,2026-08-01,true,jamendo-api-open-focus; redistribution subject to per-track CC terms (attribution and NC/ND/SA where applicable); license URL: http://creativecommons.org/licenses/by-sa/2.0/de/
focus_jamendo_1248571,focus,https://www.jamendo.com/track/1248571,Creative Commons Attribution-Non-Commercial-Share-Alike license,2026-08-01,true,jamendo-api-open-focus; redistribution subject to per-track CC terms (attribution and NC/ND/SA where applicable); license URL: http://creativecommons.org/licenses/by-nc-sa/3.0/
focus_jamendo_1129320,focus,https://www.jamendo.com/track/1129320,Creative Commons Attribution-Share-Alike license,2026-08-01,true,jamendo-api-open-focus; redistribution subject to per-track CC terms (attribution and NC/ND/SA where applicable); license URL: http://creativecommons.org/licenses/by-sa/2.5/it/
focus_jamendo_1597681,focus,https://www.jamendo.com/track/1597681,Creative Commons Attribution-Non-Commercial-No Derivatives license,2026-08-01,true,jamendo-api-open-focus; redistribution subject to per-track CC terms (attribution and NC/ND/SA where applicable); license URL: http://creativecommons.org/licenses/by-nc-nd/3.0/
focus_jamendo_1713602,focus,https://www.jamendo.com/track/1713602,Creative Commons Attribution-Share-Alike license,2026-08-01,true,jamendo-api-open-focus; redistribution subject to per-track CC terms (attribution and NC/ND/SA where applicable); license URL: http://creativecommons.org/licenses/by-sa/3.0/
focus_jamendo_1156386,focus,https://www.jamendo.com/track/1156386,Creative Commons Attribution-Share-Alike license,2026-08-01,true,jamendo-api-open-focus; redistribution subject to per-track CC terms (attribution and NC/ND/SA where applicable); license URL: http://creativecommons.org/licenses/by-sa/3.0/
focus_jamendo_2149372,focus,https://www.jamendo.com/track/2149372,Creative Commons Attribution-Non-Commercial-No Derivatives license,2026-08-01,true,jamendo-api-open-focus; redistribution subject to per-track CC terms (attribution and NC/ND/SA where applicable); license URL: http://creativecommons.org/licenses/by-nc-nd/3.0/
focus_jamendo_1154294,focus,https://www.jamendo.com/track/1154294,Creative Commons Attribution-Non-Commercial-Share-Alike license,2026-08-01,true,jamendo-api-open-focus; redistribution subject to per-track CC terms (attribution and NC/ND/SA where applicable); license URL: http://creativecommons.org/licenses/by-nc-sa/3.0/
focus_jamendo_1858750,focus,https://www.jamendo.com/track/1858750,Creative Commons Attribution-Non-Commercial-No Derivatives license,2026-08-01,true,jamendo-api-open-focus; redistribution subject to per-track CC terms (attribution and NC/ND/SA where applicable); license URL: http://creativecommons.org/licenses/by-nc-nd/3.0/
focus_jamendo_1129323,focus,https://www.jamendo.com/track/1129323,Creative Commons Attribution-Share-Alike license,2026-08-01,true,jamendo-api-open-focus; redistribution subject to per-track CC terms (attribution and NC/ND/SA where applicable); license URL: http://creativecommons.org/licenses/by-sa/2.5/it/
focus_jamendo_1569329,focus,https://www.jamendo.com/track/1569329,Creative Commons Attribution-Non-Commercial-Share-Alike license,2026-08-01,true,jamendo-api-open-focus; redistribution subject to per-track CC terms (attribution and NC/ND/SA where applicable); license URL: http://creativecommons.org/licenses/by-nc-sa/3.0/
focus_jamendo_1569330,focus,https://www.jamendo.com/track/1569330,Creative Commons Attribution-Non-Commercial-Share-Alike license,2026-08-01,true,jamendo-api-open-focus; redistribution subject to per-track CC terms (attribution and NC/ND/SA where applicable); license URL: http://creativecommons.org/licenses/by-nc-sa/3.0/
focus_jamendo_1809441,focus,https://www.jamendo.com/track/1809441,Creative Commons Attribution-Non-Commercial-No Derivatives license,2026-08-01,true,jamendo-api-open-focus; redistribution subject to per-track CC terms (attribution and NC/ND/SA where applicable); license URL: http://creativecommons.org/licenses/by-nc-nd/3.0/
focus_jamendo_1989240,focus,https://www.jamendo.com/track/1989240,Creative Commons Attribution-Non-Commercial-No Derivatives license,2026-08-01,true,jamendo-api-open-focus; redistribution subject to per-track CC terms (attribution and NC/ND/SA where applicable); license URL: http://creativecommons.org/licenses/by-nc-nd/3.0/
focus_jamendo_1684978,focus,https://www.jamendo.com/track/1684978,Creative Commons Attribution-Non-Commercial-Share-Alike license,2026-08-01,true,jamendo-api-open-focus; redistribution subject to per-track CC terms (attribution and NC/ND/SA where applicable); license URL: http://creativecommons.org/licenses/by-nc-sa/3.0/
focus_jamendo_1959047,focus,https://www.jamendo.com/track/1959047,Creative Commons Attribution-Share-Alike license,2026-08-01,true,jamendo-api-open-focus; redistribution subject to per-track CC terms (attribution and NC/ND/SA where applicable); license URL: http://creativecommons.org/licenses/by-sa/3.0/
focus_jamendo_1632088,focus,https://www.jamendo.com/track/1632088,Creative Commons Attribution-Non-Commercial-No Derivatives license,2026-08-01,true,jamendo-api-open-focus; redistribution subject to per-track CC terms (attribution and NC/ND/SA where applicable); license URL: http://creativecommons.org/licenses/by-nc-nd/3.0/
focus_jamendo_1901339,focus,https://www.jamendo.com/track/1901339,Creative Commons Attribution license,2026-08-01,true,jamendo-api-open-focus; redistribution subject to per-track CC terms (attribution and NC/ND/SA where applicable); license URL: http://creativecommons.org/licenses/by/3.0/
focus_jamendo_1835124,focus,https://www.jamendo.com/track/1835124,Creative Commons Attribution-Non-Commercial-No Derivatives license,2026-08-01,true,jamendo-api-open-focus; redistribution subject to per-track CC terms (attribution and NC/ND/SA where applicable); license URL: http://creativecommons.org/licenses/by-nc-nd/3.0/
focus_jamendo_1120647,focus,https://www.jamendo.com/track/1120647,Creative Commons Attribution-Non-Commercial-Share-Alike license,2026-08-01,true,jamendo-api-open-focus; redistribution subject to per-track CC terms (attribution and NC/ND/SA where applicable); license URL: http://creativecommons.org/licenses/by-nc-sa/3.0/
focus_jamendo_1106739,focus,https://www.jamendo.com/track/1106739,Creative Commons Attribution-Non-Commercial-Share-Alike license,2026-08-01,true,jamendo-api-open-focus; redistribution subject to per-track CC terms (attribution and NC/ND/SA where applicable); license URL: http://creativecommons.org/licenses/by-nc-sa/3.0/
focus_jamendo_1647617,focus,https://www.jamendo.com/track/1647617,Creative Commons Attribution-Non-Commercial-No Derivatives license,2026-08-01,true,jamendo-api-open-focus; redistribution subject to per-track CC terms (attribution and NC/ND/SA where applicable); license URL: http://creativecommons.org/licenses/by-nc-nd/3.0/
focus_jamendo_2178517,focus,https://www.jamendo.com/track/2178517,Creative Commons Attribution-Non-Commercial-No Derivatives license,2026-08-01,true,jamendo-api-open-focus; redistribution subject to per-track CC terms (attribution and NC/ND/SA where applicable); license URL: http://creativecommons.org/licenses/by-nc-nd/3.0/
focus_jamendo_1987580,focus,https://www.jamendo.com/track/1987580,Creative Commons Attribution-Non-Commercial-No Derivatives license,2026-08-01,true,jamendo-api-open-focus; redistribution subject to per-track CC terms (attribution and NC/ND/SA where applicable); license URL: http://creativecommons.org/licenses/by-nc-nd/3.0/
focus_jamendo_2178516,focus,https://www.jamendo.com/track/2178516,Creative Commons Attribution-Non-Commercial-No Derivatives license,2026-08-01,true,jamendo-api-open-focus; redistribution subject to per-track CC terms (attribution and NC/ND/SA where applicable); license URL: http://creativecommons.org/licenses/by-nc-nd/3.0/
focus_jamendo_1809751,focus,https://www.jamendo.com/track/1809751,Creative Commons Attribution-Non-Commercial-No Derivatives license,2026-08-01,true,jamendo-api-open-focus; redistribution subject to per-track CC terms (attribution and NC/ND/SA where applicable); license URL: http://creativecommons.org/licenses/by-nc-nd/3.0/
focus_jamendo_1154856,focus,https://www.jamendo.com/track/1154856,Creative Commons Attribution-Non-Commercial-No Derivatives license,2026-08-01,true,jamendo-api-open-focus-early-local-candidate; redistribution subject to per-track CC terms (attribution and NC/ND/SA where applicable); license URL: http://creativecommons.org/licenses/by-nc-nd/3.0/
focus_jamendo_1068406,focus,https://www.jamendo.com/track/1068406,Creative Commons Attribution-Non-Commercial-Share-Alike license,2026-08-01,true,jamendo-api-open-focus-early-local-candidate; redistribution subject to per-track CC terms (attribution and NC/ND/SA where applicable); license URL: http://creativecommons.org/licenses/by-nc-sa/3.0/
focus_jamendo_1154857,focus,https://www.jamendo.com/track/1154857,Creative Commons Attribution-Non-Commercial-No Derivatives license,2026-08-01,true,jamendo-api-open-focus-early-local-candidate; redistribution subject to per-track CC terms (attribution and NC/ND/SA where applicable); license URL: http://creativecommons.org/licenses/by-nc-nd/3.0/
focus_jamendo_1496808,focus,https://www.jamendo.com/track/1496808,Creative Commons Attribution license,2026-08-01,true,jamendo-api-open-focus-early-local-candidate; redistribution subject to per-track CC terms (attribution and NC/ND/SA where applicable); license URL: http://creativecommons.org/licenses/by/3.0/
focus_jamendo_1619099,focus,https://www.jamendo.com/track/1619099,Creative Commons Attribution-Non-Commercial license,2026-08-01,true,jamendo-api-open-focus-early-local-candidate; redistribution subject to per-track CC terms (attribution and NC/ND/SA where applicable); license URL: http://creativecommons.org/licenses/by-nc/3.0/
focus_jamendo_1780015,focus,https://www.jamendo.com/track/1780015,Creative Commons Attribution-Non-Commercial-No Derivatives license,2026-08-01,true,jamendo-api-open-focus-early-local-candidate; redistribution subject to per-track CC terms (attribution and NC/ND/SA where applicable); license URL: http://creativecommons.org/licenses/by-nc-nd/3.0/
focus_jamendo_1826551,focus,https://www.jamendo.com/track/1826551,Creative Commons Attribution-Non-Commercial-No Derivatives license,2026-08-01,true,jamendo-api-open-focus-early-local-candidate; redistribution subject to per-track CC terms (attribution and NC/ND/SA where applicable); license URL: http://creativecommons.org/licenses/by-nc-nd/3.0/
focus_jamendo_1826554,focus,https://www.jamendo.com/track/1826554,Creative Commons Attribution-Non-Commercial-No Derivatives license,2026-08-01,true,jamendo-api-open-focus-early-local-candidate; redistribution subject to per-track CC terms (attribution and NC/ND/SA where applicable); license URL: http://creativecommons.org/licenses/by-nc-nd/3.0/
