track_id,group
focus_jamendo_2269943,focus
focus_jamendo_2259996,focus
focus_jamendo_1986013,focus
focus_jamendo_2043688,focus
focus_jamendo_2034075,focus
focus_jamendo_2041947,focus
focus_jamendo_2127649,focus
focus_jamendo_2127098,focus
focus_jamendo_2125861,focus
focus_jamendo_2041944,focus
focus_jamendo_2127108,focus
focus_jamendo_1894575,focus
focus_jamendo_1890501,focus
focus_jamendo_2276080,focus
focus_jamendo_1980501,focus
focus_jamendo_2260000,focus
focus_jamendo_2039455,focus
focus_jamendo_2205840,focus
focus_jamendo_2276079,focus
focus_jamendo_1027423,focus
focus_jamendo_1900646,focus
focus_jamendo_1027941,focus
focus_jamendo_1027938,focus
focus_jamendo_1081641,focus
focus_jamendo_1081643,focus
focus_jamendo_1027427,focus
focus_jamendo_1906544,focus
focus_jamendo_2200501,focus
focus_jamendo_1823875,focus
focus_jamendo_1963475,focus
focus_jamendo_1823902,focus
focus_jamendo_1953401,focus
focus_jamendo_2039456,focus
focus_jamendo_2035379,focus
focus_jamendo_1967111,focus
focus_jamendo_2035939,focus
focus_jamendo_1798830,focus
focus_jamendo_1890497,focus
focus_jamendo_2178866,focus
focus_jamendo_2039515,focus
focus_jamendo_1894851,focus
focus_jamendo_2203332,focus
focus_jamendo_1956108,focus
focus_jamendo_2039520,focus
focus_jamendo_1983056,focus
focus_jamendo_2026945,focus
focus_jamendo_2201166,focus
focus_jamendo_1935873,focus
focus_jamendo_2235775,focus
focus_jamendo_1983051,focus
focus_jamendo_1890389,focus
focus_jamendo_1926373,focus
focus_jamendo_2042978,focus
focus_jamendo_1890394,focus
focus_jamendo_1967104,focus
focus_jamendo_1985293,focus
focus_jamendo_1935877,focus
focus_jamendo_1985295,focus
focus_jamendo_1092684,focus
focus_jamendo_1699096,focus
focus_jamendo_2032187,focus
focus_jamendo_1902125,focus
focus_jamendo_2257645,focus
focus_jamendo_2129421,focus
focus_jamendo_1935622,focus
focus_jamendo_1575999,focus
focus_jamendo_1957922,focus
focus_jamendo_1866931,focus
focus_jamendo_1969508,focus
focus_jamendo_1705713,focus
focus_jamendo_2032670,focus
focus_jamendo_2027198,focus
focus_jamendo_1704604,focus
focus_jamendo_1978485,focus
focus_jamendo_2005033,focus
focus_jamendo_1923890,focus
focus_jamendo_2005032,focus
focus_jamendo_2023746,focus
focus_jamendo_1981814,focus
focus_jamendo_1842472,focus
focus_jamendo_1983239,focus
focus_jamendo_2019707,focus
focus_jamendo_1983242,focus
focus_jamendo_2266423,focus
focus_jamendo_2234790,focus
focus_jamendo_2209988,focus
focus_jamendo_1797025,focus
focus_jamendo_2255191,focus
focus_jamendo_1785989,focus
focus_jamendo_1056129,focus
focus_jamendo_1522335,focus
focus_jamendo_1522321,focus
focus_jamendo_1842470,focus
focus_jamendo_1522332,focus
focus_jamendo_1900645,focus
focus_jamendo_2160158,focus
focus_jamendo_1560365,focus
focus_jamendo_1979493,focus
focus_jamendo_1522319,focus
focus_jamendo_1056135,focus
focus_jamendo_1302666,focus
focus_jamendo_1542218,focus
focus_jamendo_1156277,focus
focus_jamendo_2002309,focus
focus_jamendo_1442910,focus
focus_jamendo_2027199,focus
focus_jamendo_1989577,focus
focus_jamendo_1900840,focus
focus_jamendo_1617037,focus
focus_jamendo_2034860,focus
focus_jamendo_1885488,focus
focus_jamendo_1900865,focus
focus_jamendo_1101393,focus
focus_jamendo_1931218,focus
focus_jamendo_1130372,focus
focus_jamendo_1895276,focus
focus_jamendo_1916203,focus
focus_jamendo_1900848,focus
focus_jamendo_2032139,focus
focus_jamendo_1101389,focus
focus_jamendo_2215208,focus
focus_jamendo_1844721,focus
focus_jamendo_2057382,focus
focus_jamendo_2215209,focus
focus_jamendo_1900849,focus
focus_jamendo_2180121,focus
focus_jamendo_1924921,focus
focus_jamendo_1993496,focus
focus_jamendo_1610713,focus
focus_jamendo_2279515,focus
focus_jamendo_1684979,focus
focus_jamendo_1856292,focus
focus_jamendo_2009953,focus
focus_jamendo_1709689,focus
focus_jamendo_1130360,focus
focus_jamendo_1879604,focus
focus_jamendo_2196880,focus
focus_jamendo_2055767,focus
focus_jamendo_1130830,focus
focus_jamendo_2234792,focus
focus_jamendo_1847530,focus
focus_jamendo_1895201,focus
focus_jamendo_1502253,focus
focus_jamendo_1929250,focus
focus_jamendo_2180126,focus
focus_jamendo_1869522,focus
focus_jamendo_1881280,focus
focus_jamendo_1130216,focus
focus_jamendo_2280562,focus
focus_jamendo_1897824,focus
focus_jamendo_1874522,focus
focus_jamendo_1692446,focus
focus_jamendo_1871445,focus
focus_jamendo_2201227,focus
focus_jamendo_1924920,focus
focus_jamendo_1833203,focus
focus_jamendo_2023052,focus
focus_jamendo_1576036,focus
focus_jamendo_1106747,focus
focus_jamendo_1891400,focus
focus_jamendo_2015074,focus
focus_jamendo_1847333,focus
focus_jamendo_1968379,focus
focus_jamendo_1632069,focus
focus_jamendo_1921939,focus
focus_jamendo_1978695,focus
focus_jamendo_1450425,focus
focus_jamendo_1838283,focus
focus_jamendo_1850576,focus
focus_jamendo_1646629,focus
focus_jamendo_1838287,focus
focus_jamendo_1706218,focus
focus_jamendo_1920476,focus
focus_jamendo_1667339,focus
focus_jamendo_2057691,focus
focus_jamendo_1250838,focus
focus_jamendo_1668128,focus
focus_jamendo_1824127,focus
focus_jamendo_1942807,focus
focus_jamendo_2206772,focus
focus_jamendo_1128146,focus
focus_jamendo_1128147,focus
focus_jamendo_1684978,focus
focus_jamendo_1632088,focus
focus_jamendo_1835124,focus
focus_jamendo_1106739,focus
focus_jamendo_1647617,focus
focus_jamendo_2178517,focus
focus_jamendo_2178516,focus
focus_jamendo_1154856,focus
focus_jamendo_1154857,focus
focus_jamendo_1619099,focus
focus_jamendo_1780015,focus
focus_jamendo_1826551,focus
focus_jamendo_1826554,focus
